Starting Partner Chains Demo Node (Manual Mode)...
CLI parameter `--execution` has no effect anymore and will be removed in the future!
2026-01-21 17:18:43.409  INFO main sc_cli::runner: Partner Chains Node
2026-01-21 17:18:43.409  INFO main sc_cli::runner: ✌️  version 1.8.1-b2c8cbfd6a4
2026-01-21 17:18:43.409  INFO main sc_cli::runner: ❤️  by IOG, 2017-2026
2026-01-21 17:18:43.409  INFO main sc_cli::runner: 📋 Chain specification: Development
2026-01-21 17:18:43.409  INFO main sc_cli::runner: 🏷  Node name: horrible-cry-5124
2026-01-21 17:18:43.409  INFO main sc_cli::runner: 👤 Role: AUTHORITY
2026-01-21 17:18:43.409  INFO main sc_cli::runner: 💾 Database: RocksDb at /tmp/substratekIUAB2/chains/dev/db/full
2026-01-21 17:18:43.409  INFO main partner_chains_mock_data_sources::candidate: Reading registrations from: /home/vinawizard/evm-partner-chain/partner-chains/dev/mock-registrations.json
2026-01-21 17:18:43.436  INFO main partner_chains_mock_data_sources::candidate: Loaded 1 registration rotations
2026-01-21 17:18:49.480 DEBUG main runtime: No initial validator provided by `SessionManager`, use session config keys to generate initial validator set.
2026-01-21 17:18:49.480  INFO main pallet_session_validator_management::session_manager: Start session 0, epoch 0
2026-01-21 17:18:49.844  INFO main sc_service::client::client: 🔨 Initializing Genesis block/state (state: 0xf9a8…9ad5, header-hash: 0x5c6b…aab2)
2026-01-21 17:18:49.847  INFO main txpool: Creating transaction pool txpool_type=ForkAware ready=Limit { count: 8192, total_bytes: 20971520 } future=Limit { count: 819, total_bytes: 2097152 }
2026-01-21 17:18:49.847  INFO main grandpa: 👴 Loading GRANDPA authority set from genesis on what appears to be first startup.
2026-01-21 17:18:51.274  WARN main sc_service::config: Using default protocol ID "sup" because none is configured in the chain specs
2026-01-21 17:18:51.275  INFO main sub-libp2p: Local node identity is: 12D3KooWA7XtNNBpPia6kXRuEVAztBuwD3Ug8xG5un8D6iFC6btR
2026-01-21 17:18:51.275  INFO main sub-libp2p: Running litep2p network backend
2026-01-21 17:18:51.318  INFO main sc_sysinfo: 💻 Operating system: linux
2026-01-21 17:18:51.318  INFO main sc_sysinfo: 💻 CPU architecture: x86_64
2026-01-21 17:18:51.318  INFO main sc_sysinfo: 💻 Target environment: gnu
2026-01-21 17:18:51.318  INFO main sc_sysinfo: 💻 CPU: 12th Gen Intel(R) Core(TM) i7-12700F
2026-01-21 17:18:51.318  INFO main sc_sysinfo: 💻 CPU cores: 4
2026-01-21 17:18:51.318  INFO main sc_sysinfo: 💻 Memory: 15812MB
2026-01-21 17:18:51.318  INFO main sc_sysinfo: 💻 Kernel: 5.15.167.4-microsoft-standard-WSL2
2026-01-21 17:18:51.318  INFO main sc_sysinfo: 💻 Linux distribution: Ubuntu 22.04.5 LTS
2026-01-21 17:18:51.318  INFO main sc_sysinfo: 💻 Virtual machine: yes
2026-01-21 17:18:51.318  INFO main sc_service::builder: 📦 Highest known block at #0
2026-01-21 17:18:51.318  INFO tokio-runtime-worker prometheus: 〽️ Prometheus exporter started at 127.0.0.1:9615
2026-01-21 17:18:51.318  INFO                 main sc_rpc_server: Running JSON-RPC server: addr=127.0.0.1:9944,[::1]:9944
2026-01-21 17:18:51.318 ERROR tokio-runtime-worker eth-cache: Failed to register metrics: AlreadyReg
2026-01-21 17:18:51.318 ERROR tokio-runtime-worker eth-cache: Failed to register metrics: AlreadyReg
2026-01-21 17:18:54.001  INFO tokio-runtime-worker sc_basic_authorship::basic_authorship: 🙌 Starting consensus session on top of parent 0x5c6b316fe42f59e308e9169dd92b5b19088c1176f0f3e20090d7c81ea2baaab2 (#0)
2026-01-21 17:18:54.002  INFO tokio-runtime-worker pallet_sidechain::pallet: ⏳ Initial epoch 4913878 starting at block 1
2026-01-21 17:18:54.002 DEBUG tokio-runtime-worker runtime::executive: [1]: Block initialization weight consumption: Weight { ref_time: 1525050903, proof_size: 4190 }
2026-01-21 17:18:54.002  INFO tokio-runtime-worker authority_selection_inherents::select_authorities: 💼 Selected committee of 32 seats for epoch 4913879 from 1 permissioned and 0 registered candidates
2026-01-21 17:18:54.002  INFO tokio-runtime-worker pallet_session_validator_management::pallet: 💼 Storing committee of size 32 for epoch 4913879, input data hash: 0xf7173f6ae106bc42ae05f93f6fc039fce4bd42ad86638afa6dc4826b37848bb0
2026-01-21 17:18:54.002  INFO tokio-runtime-worker pallet_governed_map::pallet: 💾 Reinitializing the Governed Map pallet with 0 changes
2026-01-21 17:18:54.003  INFO tokio-runtime-worker pallet_block_production_log::pallet: 👷 Block 1 producer is ProBono(<wasm:stripped>)
2026-01-21 17:18:54.003 DEBUG tokio-runtime-worker runtime::system: [1] 5 extrinsics, length: 3246 (normal 0%, op: 0%, mandatory 0%) / normal weight:Weight(ref_time: 0, proof_size: 0) (ref_time: 0%, proof_size: 0%) op weight Weight(ref_time: 0, proof_size: 0) (ref_time 0%, proof_size 0%) / mandatory weight Weight(ref_time: 3269264453, proof_size: 152822) (ref_time: 0%, proof_size: 0%)
2026-01-21 17:18:54.003  INFO tokio-runtime-worker sc_basic_authorship::basic_authorship: 🎁 Prepared block for proposing at 1 (1 ms) hash: 0x4d94ff4b3dba01cc617c69416c6368ec6a0d6e6358823b9c4cdccd9e33c12cb4; parent_hash: 0x5c6b…aab2; end: NoMoreTransactions; extrinsics_count: 5
2026-01-21 17:18:54.004  INFO tokio-runtime-worker aura: 🔖 Pre-sealed block for proposal at 1. Hash now 0x540eb411a359d9f975b95113a38c7516bf756078b428a31c20fe5fd81a33d3fe, previously 0x4d94ff4b3dba01cc617c69416c6368ec6a0d6e6358823b9c4cdccd9e33c12cb4.
2026-01-21 17:18:54.004  INFO tokio-runtime-worker substrate: 🏆 Imported #1 (0x5c6b…aab2 → 0x540e…d3fe)
2026-01-21 17:18:54.004  INFO tokio-runtime-worker txpool: maintain txs=(0, 0) a=1 i=1 views=[(1, 0, 0)] event=NewBestBlock { hash: 0x540eb411a359d9f975b95113a38c7516bf756078b428a31c20fe5fd81a33d3fe, tree_route: None } duration=141.531µs
2026-01-21 17:18:56.318  INFO tokio-runtime-worker substrate: 💤 Idle (0 peers), best: #1 (0x540e…d3fe), finalized #0 (0x5c6b…aab2), ⬇ 0 ⬆ 0
2026-01-21 17:19:00.001  INFO tokio-runtime-worker sc_basic_authorship::basic_authorship: 🙌 Starting consensus session on top of parent 0x540eb411a359d9f975b95113a38c7516bf756078b428a31c20fe5fd81a33d3fe (#1)
2026-01-21 17:19:00.001 DEBUG tokio-runtime-worker runtime::executive: [2]: Block initialization weight consumption: Weight { ref_time: 1275050903, proof_size: 4190 }
2026-01-21 17:19:00.002  INFO tokio-runtime-worker pallet_block_production_log::pallet: 👷 Block 2 producer is ProBono(<wasm:stripped>)
2026-01-21 17:19:00.002 DEBUG tokio-runtime-worker runtime::system: [2] 3 extrinsics, length: 59 (normal 0%, op: 0%, mandatory 0%) / normal weight:Weight(ref_time: 0, proof_size: 0) (ref_time: 0%, proof_size: 0%) op weight Weight(ref_time: 0, proof_size: 0) (ref_time 0%, proof_size 0%) / mandatory weight Weight(ref_time: 2348054174, proof_size: 13385) (ref_time: 0%, proof_size: 0%)
2026-01-21 17:19:00.002  INFO tokio-runtime-worker sc_basic_authorship::basic_authorship: 🎁 Prepared block for proposing at 2 (0 ms) hash: 0xdd6f6f9ea4175890720b2b47dbcc18be442fa68be6227076ebdd017a7e203499; parent_hash: 0x540e…d3fe; end: NoMoreTransactions; extrinsics_count: 3
2026-01-21 17:19:00.003  INFO tokio-runtime-worker aura: 🔖 Pre-sealed block for proposal at 2. Hash now 0xcbc2178ebfc8402bec1d3fd5a93cf7ad5721077aa6015f2069e2849174082e47, previously 0xdd6f6f9ea4175890720b2b47dbcc18be442fa68be6227076ebdd017a7e203499.
2026-01-21 17:19:00.003  INFO tokio-runtime-worker txpool: maintain txs=(0, 0) a=1 i=2 views=[(2, 0, 0)] event=NewBestBlock { hash: 0xcbc2178ebfc8402bec1d3fd5a93cf7ad5721077aa6015f2069e2849174082e47, tree_route: None } duration=86.019µs
2026-01-21 17:19:00.003  INFO tokio-runtime-worker substrate: 🏆 Imported #2 (0x540e…d3fe → 0xcbc2…2e47)
2026-01-21 17:19:01.319  INFO tokio-runtime-worker substrate: 💤 Idle (0 peers), best: #2 (0xcbc2…2e47), finalized #0 (0x5c6b…aab2), ⬇ 0 ⬆ 0
2026-01-21 17:19:06.000  INFO tokio-runtime-worker sc_basic_authorship::basic_authorship: 🙌 Starting consensus session on top of parent 0xcbc2178ebfc8402bec1d3fd5a93cf7ad5721077aa6015f2069e2849174082e47 (#2)
2026-01-21 17:19:06.000 DEBUG tokio-runtime-worker runtime::executive: [3]: Block initialization weight consumption: Weight { ref_time: 1275050903, proof_size: 4190 }
2026-01-21 17:19:06.001  INFO tokio-runtime-worker pallet_block_production_log::pallet: 👷 Block 3 producer is ProBono(<wasm:stripped>)
2026-01-21 17:19:06.001 DEBUG tokio-runtime-worker runtime::system: [3] 3 extrinsics, length: 59 (normal 0%, op: 0%, mandatory 0%) / normal weight:Weight(ref_time: 0, proof_size: 0) (ref_time: 0%, proof_size: 0%) op weight Weight(ref_time: 0, proof_size: 0) (ref_time 0%, proof_size 0%) / mandatory weight Weight(ref_time: 2348054174, proof_size: 13385) (ref_time: 0%, proof_size: 0%)
2026-01-21 17:19:06.001  INFO tokio-runtime-worker sc_basic_authorship::basic_authorship: 🎁 Prepared block for proposing at 3 (0 ms) hash: 0x017dd6ccbb79cc61b314e195971c3fd26e1eb0ae672e8528bbd0c2d9e300ac2e; parent_hash: 0xcbc2…2e47; end: NoMoreTransactions; extrinsics_count: 3
2026-01-21 17:19:06.002  INFO tokio-runtime-worker aura: 🔖 Pre-sealed block for proposal at 3. Hash now 0x91531e6158391f3fc31bb81b02ba5e768fff34e4039d06e0cd2b3092823fae7f, previously 0x017dd6ccbb79cc61b314e195971c3fd26e1eb0ae672e8528bbd0c2d9e300ac2e.
2026-01-21 17:19:06.002  INFO tokio-runtime-worker txpool: maintain txs=(0, 0) a=1 i=3 views=[(3, 0, 0)] event=NewBestBlock { hash: 0x91531e6158391f3fc31bb81b02ba5e768fff34e4039d06e0cd2b3092823fae7f, tree_route: None } duration=82.155µs
2026-01-21 17:19:06.002  INFO tokio-runtime-worker substrate: 🏆 Imported #3 (0xcbc2…2e47 → 0x9153…ae7f)
2026-01-21 17:19:06.319  INFO tokio-runtime-worker substrate: 💤 Idle (0 peers), best: #3 (0x9153…ae7f), finalized #0 (0x5c6b…aab2), ⬇ 0 ⬆ 0
2026-01-21 17:19:07.316  INFO tokio-runtime-worker txpool: maintain txs=(0, 0) a=1 i=2 views=[(3, 0, 0)] event=Finalized { hash: 0x540eb411a359d9f975b95113a38c7516bf756078b428a31c20fe5fd81a33d3fe, tree_route: [] } duration=123.24µs
2026-01-21 17:19:11.319  INFO tokio-runtime-worker substrate: 💤 Idle (0 peers), best: #3 (0x9153…ae7f), finalized #1 (0x540e…d3fe), ⬇ 0 ⬆ 0
2026-01-21 17:19:12.000  INFO tokio-runtime-worker sc_basic_authorship::basic_authorship: 🙌 Starting consensus session on top of parent 0x91531e6158391f3fc31bb81b02ba5e768fff34e4039d06e0cd2b3092823fae7f (#3)
2026-01-21 17:19:12.001 DEBUG tokio-runtime-worker runtime::executive: [4]: Block initialization weight consumption: Weight { ref_time: 1275050903, proof_size: 4190 }
2026-01-21 17:19:12.001  INFO tokio-runtime-worker pallet_block_production_log::pallet: 👷 Block 4 producer is ProBono(<wasm:stripped>)
2026-01-21 17:19:12.001 DEBUG tokio-runtime-worker runtime::system: [4] 3 extrinsics, length: 59 (normal 0%, op: 0%, mandatory 0%) / normal weight:Weight(ref_time: 0, proof_size: 0) (ref_time: 0%, proof_size: 0%) op weight Weight(ref_time: 0, proof_size: 0) (ref_time 0%, proof_size 0%) / mandatory weight Weight(ref_time: 2348054174, proof_size: 13385) (ref_time: 0%, proof_size: 0%)
2026-01-21 17:19:12.001  INFO tokio-runtime-worker sc_basic_authorship::basic_authorship: 🎁 Prepared block for proposing at 4 (0 ms) hash: 0xabf039c1f147edef06e3092b5c0042048149cccb9d427a738fe170a30ec37af0; parent_hash: 0x9153…ae7f; end: NoMoreTransactions; extrinsics_count: 3
2026-01-21 17:19:12.002  INFO tokio-runtime-worker aura: 🔖 Pre-sealed block for proposal at 4. Hash now 0xe6e447dde2a98820ae94c2d352b9110b5ebb3808203c50d5d42454838ff817f1, previously 0xabf039c1f147edef06e3092b5c0042048149cccb9d427a738fe170a30ec37af0.
2026-01-21 17:19:12.003  INFO tokio-runtime-worker substrate: 🏆 Imported #4 (0x9153…ae7f → 0xe6e4…17f1)
2026-01-21 17:19:12.003  INFO tokio-runtime-worker txpool: maintain txs=(0, 0) a=1 i=3 views=[(4, 0, 0)] event=NewBestBlock { hash: 0xe6e447dde2a98820ae94c2d352b9110b5ebb3808203c50d5d42454838ff817f1, tree_route: None } duration=140.772µs
2026-01-21 17:19:13.982  INFO tokio-runtime-worker txpool: maintain txs=(0, 0) a=1 i=2 views=[(4, 0, 0)] event=Finalized { hash: 0xcbc2178ebfc8402bec1d3fd5a93cf7ad5721077aa6015f2069e2849174082e47, tree_route: [] } duration=45.12µs
2026-01-21 17:19:16.320  INFO tokio-runtime-worker substrate: 💤 Idle (0 peers), best: #4 (0xe6e4…17f1), finalized #2 (0xcbc2…2e47), ⬇ 0 ⬆ 0
2026-01-21 17:19:18.001  INFO tokio-runtime-worker sc_basic_authorship::basic_authorship: 🙌 Starting consensus session on top of parent 0xe6e447dde2a98820ae94c2d352b9110b5ebb3808203c50d5d42454838ff817f1 (#4)
2026-01-21 17:19:18.001 DEBUG tokio-runtime-worker runtime::executive: [5]: Block initialization weight consumption: Weight { ref_time: 1275050903, proof_size: 4190 }
2026-01-21 17:19:18.001  INFO tokio-runtime-worker pallet_block_production_log::pallet: 👷 Block 5 producer is ProBono(<wasm:stripped>)
2026-01-21 17:19:18.001 DEBUG tokio-runtime-worker runtime::system: [5] 3 extrinsics, length: 59 (normal 0%, op: 0%, mandatory 0%) / normal weight:Weight(ref_time: 0, proof_size: 0) (ref_time: 0%, proof_size: 0%) op weight Weight(ref_time: 0, proof_size: 0) (ref_time 0%, proof_size 0%) / mandatory weight Weight(ref_time: 2348054174, proof_size: 13385) (ref_time: 0%, proof_size: 0%)
2026-01-21 17:19:18.001  INFO tokio-runtime-worker sc_basic_authorship::basic_authorship: 🎁 Prepared block for proposing at 5 (0 ms) hash: 0x007dc9cb4bca45c45ab72b2b7b3317513ab5f871a91502b1404b377a4c247f1d; parent_hash: 0xe6e4…17f1; end: NoMoreTransactions; extrinsics_count: 3
2026-01-21 17:19:18.002  INFO tokio-runtime-worker aura: 🔖 Pre-sealed block for proposal at 5. Hash now 0x8e6d0c73fe504e16306370729380520bba1a0a29758d65b07e464f8f783d90d8, previously 0x007dc9cb4bca45c45ab72b2b7b3317513ab5f871a91502b1404b377a4c247f1d.
2026-01-21 17:19:18.003  INFO tokio-runtime-worker substrate: 🏆 Imported #5 (0xe6e4…17f1 → 0x8e6d…90d8)
2026-01-21 17:19:18.003  INFO tokio-runtime-worker txpool: maintain txs=(0, 0) a=1 i=3 views=[(5, 0, 0)] event=NewBestBlock { hash: 0x8e6d0c73fe504e16306370729380520bba1a0a29758d65b07e464f8f783d90d8, tree_route: None } duration=100.218µs
2026-01-21 17:19:19.314  INFO tokio-runtime-worker txpool: maintain txs=(0, 0) a=1 i=2 views=[(5, 0, 0)] event=Finalized { hash: 0x91531e6158391f3fc31bb81b02ba5e768fff34e4039d06e0cd2b3092823fae7f, tree_route: [] } duration=44.037µs
2026-01-21 17:19:21.320  INFO tokio-runtime-worker substrate: 💤 Idle (0 peers), best: #5 (0x8e6d…90d8), finalized #3 (0x9153…ae7f), ⬇ 0 ⬆ 0
2026-01-21 17:19:24.001  INFO tokio-runtime-worker sc_basic_authorship::basic_authorship: 🙌 Starting consensus session on top of parent 0x8e6d0c73fe504e16306370729380520bba1a0a29758d65b07e464f8f783d90d8 (#5)
2026-01-21 17:19:24.001 DEBUG tokio-runtime-worker runtime::executive: [6]: Block initialization weight consumption: Weight { ref_time: 1275050903, proof_size: 4190 }
2026-01-21 17:19:24.002  INFO tokio-runtime-worker pallet_block_production_log::pallet: 👷 Block 6 producer is ProBono(<wasm:stripped>)
2026-01-21 17:19:24.002 DEBUG tokio-runtime-worker runtime::system: [6] 3 extrinsics, length: 59 (normal 0%, op: 0%, mandatory 0%) / normal weight:Weight(ref_time: 0, proof_size: 0) (ref_time: 0%, proof_size: 0%) op weight Weight(ref_time: 0, proof_size: 0) (ref_time 0%, proof_size 0%) / mandatory weight Weight(ref_time: 2348054174, proof_size: 13385) (ref_time: 0%, proof_size: 0%)
2026-01-21 17:19:24.002  INFO tokio-runtime-worker sc_basic_authorship::basic_authorship: 🎁 Prepared block for proposing at 6 (1 ms) hash: 0xca97cb6ae745b972989c29ce7778047749664585c77aab949f3e364b6730e70e; parent_hash: 0x8e6d…90d8; end: NoMoreTransactions; extrinsics_count: 3
2026-01-21 17:19:24.003  INFO tokio-runtime-worker aura: 🔖 Pre-sealed block for proposal at 6. Hash now 0x4fb0435ad9dc691ebc3928296267a2951721d6452b75b00e6e0d7153af234b83, previously 0xca97cb6ae745b972989c29ce7778047749664585c77aab949f3e364b6730e70e.
2026-01-21 17:19:24.003  INFO tokio-runtime-worker txpool: maintain txs=(0, 0) a=1 i=3 views=[(6, 0, 0)] event=NewBestBlock { hash: 0x4fb0435ad9dc691ebc3928296267a2951721d6452b75b00e6e0d7153af234b83, tree_route: None } duration=176.663µs
2026-01-21 17:19:24.003  INFO tokio-runtime-worker substrate: 🏆 Imported #6 (0x8e6d…90d8 → 0x4fb0…4b83)
2026-01-21 17:19:25.981  INFO tokio-runtime-worker txpool: maintain txs=(0, 0) a=1 i=2 views=[(6, 0, 0)] event=Finalized { hash: 0xe6e447dde2a98820ae94c2d352b9110b5ebb3808203c50d5d42454838ff817f1, tree_route: [] } duration=130.883µs
2026-01-21 17:19:26.320  INFO tokio-runtime-worker substrate: 💤 Idle (0 peers), best: #6 (0x4fb0…4b83), finalized #4 (0xe6e4…17f1), ⬇ 0 ⬆ 0
2026-01-21 17:19:30.001  INFO tokio-runtime-worker sc_basic_authorship::basic_authorship: 🙌 Starting consensus session on top of parent 0x4fb0435ad9dc691ebc3928296267a2951721d6452b75b00e6e0d7153af234b83 (#6)
2026-01-21 17:19:30.002 DEBUG tokio-runtime-worker runtime::executive: [7]: Block initialization weight consumption: Weight { ref_time: 1275050903, proof_size: 4190 }
2026-01-21 17:19:30.002  INFO tokio-runtime-worker pallet_block_production_log::pallet: 👷 Block 7 producer is ProBono(<wasm:stripped>)
2026-01-21 17:19:30.002 DEBUG tokio-runtime-worker runtime::system: [7] 3 extrinsics, length: 59 (normal 0%, op: 0%, mandatory 0%) / normal weight:Weight(ref_time: 0, proof_size: 0) (ref_time: 0%, proof_size: 0%) op weight Weight(ref_time: 0, proof_size: 0) (ref_time 0%, proof_size 0%) / mandatory weight Weight(ref_time: 2348054174, proof_size: 13385) (ref_time: 0%, proof_size: 0%)
2026-01-21 17:19:30.003  INFO tokio-runtime-worker sc_basic_authorship::basic_authorship: 🎁 Prepared block for proposing at 7 (1 ms) hash: 0x5b8c39cfa48c340900e49b9fdf7f6ef8585775d1d0ff16b1dea38412262807f2; parent_hash: 0x4fb0…4b83; end: NoMoreTransactions; extrinsics_count: 3
2026-01-21 17:19:30.003  INFO tokio-runtime-worker aura: 🔖 Pre-sealed block for proposal at 7. Hash now 0x75e814093dd8a19d0c253129f41b18e88e6e231582858194bdf1757e5e8f56a4, previously 0x5b8c39cfa48c340900e49b9fdf7f6ef8585775d1d0ff16b1dea38412262807f2.
2026-01-21 17:19:30.004  INFO tokio-runtime-worker substrate: 🏆 Imported #7 (0x4fb0…4b83 → 0x75e8…56a4)
2026-01-21 17:19:30.004  INFO tokio-runtime-worker txpool: maintain txs=(0, 0) a=1 i=3 views=[(7, 0, 0)] event=NewBestBlock { hash: 0x75e814093dd8a19d0c253129f41b18e88e6e231582858194bdf1757e5e8f56a4, tree_route: None } duration=263.896µs
2026-01-21 17:19:31.313  INFO tokio-runtime-worker txpool: maintain txs=(0, 0) a=1 i=2 views=[(7, 0, 0)] event=Finalized { hash: 0x8e6d0c73fe504e16306370729380520bba1a0a29758d65b07e464f8f783d90d8, tree_route: [] } duration=175.368µs
2026-01-21 17:19:31.320  INFO tokio-runtime-worker substrate: 💤 Idle (0 peers), best: #7 (0x75e8…56a4), finalized #5 (0x8e6d…90d8), ⬇ 0 ⬆ 0
2026-01-21 17:19:36.001  INFO tokio-runtime-worker sc_basic_authorship::basic_authorship: 🙌 Starting consensus session on top of parent 0x75e814093dd8a19d0c253129f41b18e88e6e231582858194bdf1757e5e8f56a4 (#7)
2026-01-21 17:19:36.001 DEBUG tokio-runtime-worker runtime::executive: [8]: Block initialization weight consumption: Weight { ref_time: 1275050903, proof_size: 4190 }
2026-01-21 17:19:36.002  INFO tokio-runtime-worker pallet_block_production_log::pallet: 👷 Block 8 producer is ProBono(<wasm:stripped>)
2026-01-21 17:19:36.002 DEBUG tokio-runtime-worker runtime::system: [8] 3 extrinsics, length: 59 (normal 0%, op: 0%, mandatory 0%) / normal weight:Weight(ref_time: 0, proof_size: 0) (ref_time: 0%, proof_size: 0%) op weight Weight(ref_time: 0, proof_size: 0) (ref_time 0%, proof_size 0%) / mandatory weight Weight(ref_time: 2348054174, proof_size: 13385) (ref_time: 0%, proof_size: 0%)
2026-01-21 17:19:36.002  INFO tokio-runtime-worker sc_basic_authorship::basic_authorship: 🎁 Prepared block for proposing at 8 (0 ms) hash: 0xefb28c39bafa2aad74284a151695ddd2b2c56714f496460dc63e03507071c565; parent_hash: 0x75e8…56a4; end: NoMoreTransactions; extrinsics_count: 3
2026-01-21 17:19:36.003  INFO tokio-runtime-worker aura: 🔖 Pre-sealed block for proposal at 8. Hash now 0x3be69207eaf3a1c8344c684f96c99304182a894d5a62a4507a6ea95cff894a10, previously 0xefb28c39bafa2aad74284a151695ddd2b2c56714f496460dc63e03507071c565.
2026-01-21 17:19:36.003  INFO tokio-runtime-worker substrate: 🏆 Imported #8 (0x75e8…56a4 → 0x3be6…4a10)
2026-01-21 17:19:36.003  INFO tokio-runtime-worker txpool: maintain txs=(0, 0) a=1 i=3 views=[(8, 0, 0)] event=NewBestBlock { hash: 0x3be69207eaf3a1c8344c684f96c99304182a894d5a62a4507a6ea95cff894a10, tree_route: None } duration=126.012µs
2026-01-21 17:19:36.321  INFO tokio-runtime-worker substrate: 💤 Idle (0 peers), best: #8 (0x3be6…4a10), finalized #5 (0x8e6d…90d8), ⬇ 0 ⬆ 0
2026-01-21 17:19:37.978  INFO tokio-runtime-worker txpool: maintain txs=(0, 0) a=1 i=2 views=[(8, 0, 0)] event=Finalized { hash: 0x4fb0435ad9dc691ebc3928296267a2951721d6452b75b00e6e0d7153af234b83, tree_route: [] } duration=49.776µs
2026-01-21 17:19:41.321  INFO tokio-runtime-worker substrate: 💤 Idle (0 peers), best: #8 (0x3be6…4a10), finalized #6 (0x4fb0…4b83), ⬇ 0 ⬆ 0
2026-01-21 17:19:42.001  INFO tokio-runtime-worker sc_basic_authorship::basic_authorship: 🙌 Starting consensus session on top of parent 0x3be69207eaf3a1c8344c684f96c99304182a894d5a62a4507a6ea95cff894a10 (#8)
2026-01-21 17:19:42.001 DEBUG tokio-runtime-worker runtime::executive: [9]: Block initialization weight consumption: Weight { ref_time: 1275050903, proof_size: 4190 }
2026-01-21 17:19:42.002  INFO tokio-runtime-worker pallet_block_production_log::pallet: 👷 Block 9 producer is ProBono(<wasm:stripped>)
2026-01-21 17:19:42.002 DEBUG tokio-runtime-worker runtime::system: [9] 3 extrinsics, length: 59 (normal 0%, op: 0%, mandatory 0%) / normal weight:Weight(ref_time: 0, proof_size: 0) (ref_time: 0%, proof_size: 0%) op weight Weight(ref_time: 0, proof_size: 0) (ref_time 0%, proof_size 0%) / mandatory weight Weight(ref_time: 2348054174, proof_size: 13385) (ref_time: 0%, proof_size: 0%)
2026-01-21 17:19:42.002  INFO tokio-runtime-worker sc_basic_authorship::basic_authorship: 🎁 Prepared block for proposing at 9 (0 ms) hash: 0x3476a047fb928905669cb622688a705d62e87e109d32a4e1eabe71a37e800eb3; parent_hash: 0x3be6…4a10; end: NoMoreTransactions; extrinsics_count: 3
2026-01-21 17:19:42.003  INFO tokio-runtime-worker aura: 🔖 Pre-sealed block for proposal at 9. Hash now 0x756a4ce2872125b7295ef2282468df265241cf9ecf9dc96624439a50cd4f6bfe, previously 0x3476a047fb928905669cb622688a705d62e87e109d32a4e1eabe71a37e800eb3.
2026-01-21 17:19:42.003  INFO tokio-runtime-worker substrate: 🏆 Imported #9 (0x3be6…4a10 → 0x756a…6bfe)
2026-01-21 17:19:42.003  INFO tokio-runtime-worker txpool: maintain txs=(0, 0) a=1 i=3 views=[(9, 0, 0)] event=NewBestBlock { hash: 0x756a4ce2872125b7295ef2282468df265241cf9ecf9dc96624439a50cd4f6bfe, tree_route: None } duration=106.99µs
2026-01-21 17:19:43.311  INFO tokio-runtime-worker txpool: maintain txs=(0, 0) a=1 i=2 views=[(9, 0, 0)] event=Finalized { hash: 0x75e814093dd8a19d0c253129f41b18e88e6e231582858194bdf1757e5e8f56a4, tree_route: [] } duration=48.042µs
2026-01-21 17:19:46.322  INFO tokio-runtime-worker substrate: 💤 Idle (0 peers), best: #9 (0x756a…6bfe), finalized #7 (0x75e8…56a4), ⬇ 0 ⬆ 0
2026-01-21 17:19:48.001  INFO tokio-runtime-worker sc_basic_authorship::basic_authorship: 🙌 Starting consensus session on top of parent 0x756a4ce2872125b7295ef2282468df265241cf9ecf9dc96624439a50cd4f6bfe (#9)
2026-01-21 17:19:48.001 DEBUG tokio-runtime-worker runtime::executive: [10]: Block initialization weight consumption: Weight { ref_time: 1275050903, proof_size: 4190 }
2026-01-21 17:19:48.002  INFO tokio-runtime-worker pallet_block_production_log::pallet: 👷 Block 10 producer is ProBono(<wasm:stripped>)
2026-01-21 17:19:48.002 DEBUG tokio-runtime-worker runtime::system: [10] 3 extrinsics, length: 59 (normal 0%, op: 0%, mandatory 0%) / normal weight:Weight(ref_time: 0, proof_size: 0) (ref_time: 0%, proof_size: 0%) op weight Weight(ref_time: 0, proof_size: 0) (ref_time 0%, proof_size 0%) / mandatory weight Weight(ref_time: 2348054174, proof_size: 13385) (ref_time: 0%, proof_size: 0%)
2026-01-21 17:19:48.002  INFO tokio-runtime-worker sc_basic_authorship::basic_authorship: 🎁 Prepared block for proposing at 10 (0 ms) hash: 0xccbb7cae4e0e5ce4a607e932ae790fc0106dc92dc5f42c53c64ca72d9c79a869; parent_hash: 0x756a…6bfe; end: NoMoreTransactions; extrinsics_count: 3
2026-01-21 17:19:48.003  INFO tokio-runtime-worker aura: 🔖 Pre-sealed block for proposal at 10. Hash now 0xc760e37f7663597e24c59fdfca94f45cfd6444d1602b5c4ce20e7b64c3b19926, previously 0xccbb7cae4e0e5ce4a607e932ae790fc0106dc92dc5f42c53c64ca72d9c79a869.
2026-01-21 17:19:48.003  INFO tokio-runtime-worker txpool: maintain txs=(0, 0) a=1 i=3 views=[(10, 0, 0)] event=NewBestBlock { hash: 0xc760e37f7663597e24c59fdfca94f45cfd6444d1602b5c4ce20e7b64c3b19926, tree_route: None } duration=99.066µs
2026-01-21 17:19:48.003  INFO tokio-runtime-worker substrate: 🏆 Imported #10 (0x756a…6bfe → 0xc760…9926)
2026-01-21 17:19:49.976  INFO tokio-runtime-worker txpool: maintain txs=(0, 0) a=1 i=2 views=[(10, 0, 0)] event=Finalized { hash: 0x3be69207eaf3a1c8344c684f96c99304182a894d5a62a4507a6ea95cff894a10, tree_route: [] } duration=40.416µs
2026-01-21 17:19:51.322  INFO tokio-runtime-worker substrate: 💤 Idle (0 peers), best: #10 (0xc760…9926), finalized #8 (0x3be6…4a10), ⬇ 0 ⬆ 0
2026-01-21 17:19:54.000  INFO tokio-runtime-worker sc_basic_authorship::basic_authorship: 🙌 Starting consensus session on top of parent 0xc760e37f7663597e24c59fdfca94f45cfd6444d1602b5c4ce20e7b64c3b19926 (#10)
2026-01-21 17:19:54.000 DEBUG tokio-runtime-worker runtime::executive: [11]: Block initialization weight consumption: Weight { ref_time: 1275050903, proof_size: 4190 }
2026-01-21 17:19:54.001  INFO tokio-runtime-worker pallet_block_production_log::pallet: 👷 Block 11 producer is ProBono(<wasm:stripped>)
2026-01-21 17:19:54.001 DEBUG tokio-runtime-worker runtime::system: [11] 3 extrinsics, length: 59 (normal 0%, op: 0%, mandatory 0%) / normal weight:Weight(ref_time: 0, proof_size: 0) (ref_time: 0%, proof_size: 0%) op weight Weight(ref_time: 0, proof_size: 0) (ref_time 0%, proof_size 0%) / mandatory weight Weight(ref_time: 2348054174, proof_size: 13385) (ref_time: 0%, proof_size: 0%)
2026-01-21 17:19:54.001  INFO tokio-runtime-worker sc_basic_authorship::basic_authorship: 🎁 Prepared block for proposing at 11 (0 ms) hash: 0xf4b86643ede74139ee04173db8393153069b9f3a54a9bc1b6ef8ef49ac14521d; parent_hash: 0xc760…9926; end: NoMoreTransactions; extrinsics_count: 3
2026-01-21 17:19:54.002  INFO tokio-runtime-worker aura: 🔖 Pre-sealed block for proposal at 11. Hash now 0x5f345ff3797842534c3d5b29e7fdbe578e9bee0925ea521bd4078cec6f7e9e37, previously 0xf4b86643ede74139ee04173db8393153069b9f3a54a9bc1b6ef8ef49ac14521d.
2026-01-21 17:19:54.002  INFO tokio-runtime-worker txpool: maintain txs=(0, 0) a=1 i=3 views=[(11, 0, 0)] event=NewBestBlock { hash: 0x5f345ff3797842534c3d5b29e7fdbe578e9bee0925ea521bd4078cec6f7e9e37, tree_route: None } duration=79.93µs
2026-01-21 17:19:54.002  INFO tokio-runtime-worker substrate: 🏆 Imported #11 (0xc760…9926 → 0x5f34…9e37)
2026-01-21 17:19:55.309  INFO tokio-runtime-worker txpool: maintain txs=(0, 0) a=1 i=2 views=[(11, 0, 0)] event=Finalized { hash: 0x756a4ce2872125b7295ef2282468df265241cf9ecf9dc96624439a50cd4f6bfe, tree_route: [] } duration=60.11µs
2026-01-21 17:19:56.322  INFO tokio-runtime-worker substrate: 💤 Idle (0 peers), best: #11 (0x5f34…9e37), finalized #9 (0x756a…6bfe), ⬇ 0 ⬆ 0
2026-01-21 17:20:00.000  INFO tokio-runtime-worker sc_basic_authorship::basic_authorship: 🙌 Starting consensus session on top of parent 0x5f345ff3797842534c3d5b29e7fdbe578e9bee0925ea521bd4078cec6f7e9e37 (#11)
2026-01-21 17:20:00.001 DEBUG tokio-runtime-worker runtime::executive: [12]: Block initialization weight consumption: Weight { ref_time: 1275050903, proof_size: 4190 }
2026-01-21 17:20:00.002  INFO tokio-runtime-worker pallet_block_production_log::pallet: 👷 Block 12 producer is ProBono(<wasm:stripped>)
2026-01-21 17:20:00.002 DEBUG tokio-runtime-worker runtime::system: [12] 4 extrinsics, length: 2472 (normal 0%, op: 0%, mandatory 0%) / normal weight:Weight(ref_time: 10448280000, proof_size: 5170) (ref_time: 0%, proof_size: 0%) op weight Weight(ref_time: 0, proof_size: 0) (ref_time 0%, proof_size 0%) / mandatory weight Weight(ref_time: 2348054174, proof_size: 13385) (ref_time: 0%, proof_size: 0%)
2026-01-21 17:20:00.002  INFO tokio-runtime-worker sc_basic_authorship::basic_authorship: 🎁 Prepared block for proposing at 12 (1 ms) hash: 0xbd12b16c3b2f9a6ff69660f6a18cd64a23e47431051c18519aaa9f625f51a5fc; parent_hash: 0x5f34…9e37; end: NoMoreTransactions; extrinsics_count: 4
2026-01-21 17:20:00.003  INFO tokio-runtime-worker aura: 🔖 Pre-sealed block for proposal at 12. Hash now 0xdf529bbb23f1de5dc3b2eeba7acbc2d50fc0c98e46b9c57f0ffaf7376cc89334, previously 0xbd12b16c3b2f9a6ff69660f6a18cd64a23e47431051c18519aaa9f625f51a5fc.
2026-01-21 17:20:00.003  INFO tokio-runtime-worker substrate: 🏆 Imported #12 (0x5f34…9e37 → 0xdf52…9334)
2026-01-21 17:20:00.004  INFO tokio-runtime-worker txpool: maintain txs=(1, 0) a=1 i=3 views=[(12, 0, 0)] event=NewBestBlock { hash: 0xdf529bbb23f1de5dc3b2eeba7acbc2d50fc0c98e46b9c57f0ffaf7376cc89334, tree_route: None } duration=643.346µs
2026-01-21 17:20:01.323  INFO tokio-runtime-worker substrate: 💤 Idle (0 peers), best: #12 (0xdf52…9334), finalized #9 (0x756a…6bfe), ⬇ 0 ⬆ 0
2026-01-21 17:20:01.975  INFO tokio-runtime-worker txpool: maintain txs=(2, 0) a=1 i=2 views=[(12, 1, 0)] event=Finalized { hash: 0xc760e37f7663597e24c59fdfca94f45cfd6444d1602b5c4ce20e7b64c3b19926, tree_route: [] } duration=46.491µs
2026-01-21 17:20:06.001  INFO tokio-runtime-worker sc_basic_authorship::basic_authorship: 🙌 Starting consensus session on top of parent 0xdf529bbb23f1de5dc3b2eeba7acbc2d50fc0c98e46b9c57f0ffaf7376cc89334 (#12)
2026-01-21 17:20:06.001 DEBUG tokio-runtime-worker runtime::executive: [13]: Block initialization weight consumption: Weight { ref_time: 1275050903, proof_size: 4190 }
2026-01-21 17:20:06.002  INFO tokio-runtime-worker pallet_block_production_log::pallet: 👷 Block 13 producer is ProBono(<wasm:stripped>)
2026-01-21 17:20:06.002 DEBUG tokio-runtime-worker runtime::system: [13] 4 extrinsics, length: 548 (normal 0%, op: 0%, mandatory 0%) / normal weight:Weight(ref_time: 4129440000, proof_size: 4595) (ref_time: 0%, proof_size: 0%) op weight Weight(ref_time: 0, proof_size: 0) (ref_time 0%, proof_size 0%) / mandatory weight Weight(ref_time: 2348054174, proof_size: 13385) (ref_time: 0%, proof_size: 0%)
2026-01-21 17:20:06.002  INFO tokio-runtime-worker sc_basic_authorship::basic_authorship: 🎁 Prepared block for proposing at 13 (1 ms) hash: 0xa09d31881bcff427647b9fa93dfaf59834e01c970259b49a276c9c5ebba64505; parent_hash: 0xdf52…9334; end: NoMoreTransactions; extrinsics_count: 4
2026-01-21 17:20:06.003  INFO tokio-runtime-worker aura: 🔖 Pre-sealed block for proposal at 13. Hash now 0xa65403177e366b4987ff9335c0a4072512bf561b8d7c38b58e1b8f9cfb86e50f, previously 0xa09d31881bcff427647b9fa93dfaf59834e01c970259b49a276c9c5ebba64505.
2026-01-21 17:20:06.003  INFO tokio-runtime-worker substrate: 🏆 Imported #13 (0xdf52…9334 → 0xa654…e50f)
2026-01-21 17:20:06.004  INFO tokio-runtime-worker txpool: maintain txs=(2, 0) a=1 i=3 views=[(13, 0, 0)] event=NewBestBlock { hash: 0xa65403177e366b4987ff9335c0a4072512bf561b8d7c38b58e1b8f9cfb86e50f, tree_route: None } duration=524.501µs
2026-01-21 17:20:06.323  INFO tokio-runtime-worker substrate: 💤 Idle (0 peers), best: #13 (0xa654…e50f), finalized #10 (0xc760…9926), ⬇ 0 ⬆ 0
2026-01-21 17:20:07.307  INFO tokio-runtime-worker txpool: maintain txs=(2, 0) a=1 i=2 views=[(13, 0, 0)] event=Finalized { hash: 0x5f345ff3797842534c3d5b29e7fdbe578e9bee0925ea521bd4078cec6f7e9e37, tree_route: [] } duration=50.92µs
2026-01-21 17:20:11.323  INFO tokio-runtime-worker substrate: 💤 Idle (0 peers), best: #13 (0xa654…e50f), finalized #11 (0x5f34…9e37), ⬇ 0 ⬆ 0
2026-01-21 17:20:12.001  INFO tokio-runtime-worker sc_basic_authorship::basic_authorship: 🙌 Starting consensus session on top of parent 0xa65403177e366b4987ff9335c0a4072512bf561b8d7c38b58e1b8f9cfb86e50f (#13)
2026-01-21 17:20:12.001 DEBUG tokio-runtime-worker runtime::executive: [14]: Block initialization weight consumption: Weight { ref_time: 1275050903, proof_size: 4190 }
2026-01-21 17:20:12.002  INFO tokio-runtime-worker pallet_block_production_log::pallet: 👷 Block 14 producer is ProBono(<wasm:stripped>)
2026-01-21 17:20:12.002 DEBUG tokio-runtime-worker runtime::system: [14] 4 extrinsics, length: 580 (normal 0%, op: 0%, mandatory 0%) / normal weight:Weight(ref_time: 4242260000, proof_size: 4807) (ref_time: 0%, proof_size: 0%) op weight Weight(ref_time: 0, proof_size: 0) (ref_time 0%, proof_size 0%) / mandatory weight Weight(ref_time: 2348054174, proof_size: 13385) (ref_time: 0%, proof_size: 0%)
2026-01-21 17:20:12.002  INFO tokio-runtime-worker sc_basic_authorship::basic_authorship: 🎁 Prepared block for proposing at 14 (1 ms) hash: 0x86886185adf2e8f5beafe3ea7aa363edb76a9a14b1fddf6f4e0d765ce196f669; parent_hash: 0xa654…e50f; end: NoMoreTransactions; extrinsics_count: 4
2026-01-21 17:20:12.003  INFO tokio-runtime-worker aura: 🔖 Pre-sealed block for proposal at 14. Hash now 0xee3738c50c0888f06c98a00abda195b75661142a67f50c15c37e0d849a5394ad, previously 0x86886185adf2e8f5beafe3ea7aa363edb76a9a14b1fddf6f4e0d765ce196f669.
2026-01-21 17:20:12.004  INFO tokio-runtime-worker substrate: 🏆 Imported #14 (0xa654…e50f → 0xee37…94ad)
2026-01-21 17:20:12.004  INFO tokio-runtime-worker txpool: maintain txs=(3, 0) a=1 i=3 views=[(14, 0, 0)] event=NewBestBlock { hash: 0xee3738c50c0888f06c98a00abda195b75661142a67f50c15c37e0d849a5394ad, tree_route: None } duration=716.877µs
2026-01-21 17:20:13.973  INFO tokio-runtime-worker txpool: maintain txs=(3, 0) a=1 i=2 views=[(14, 1, 0)] event=Finalized { hash: 0xdf529bbb23f1de5dc3b2eeba7acbc2d50fc0c98e46b9c57f0ffaf7376cc89334, tree_route: [] } duration=57.024µs
2026-01-21 17:20:16.323  INFO tokio-runtime-worker substrate: 💤 Idle (0 peers), best: #14 (0xee37…94ad), finalized #12 (0xdf52…9334), ⬇ 0 ⬆ 0
2026-01-21 17:20:18.001  INFO tokio-runtime-worker sc_basic_authorship::basic_authorship: 🙌 Starting consensus session on top of parent 0xee3738c50c0888f06c98a00abda195b75661142a67f50c15c37e0d849a5394ad (#14)
2026-01-21 17:20:18.001 DEBUG tokio-runtime-worker runtime::executive: [15]: Block initialization weight consumption: Weight { ref_time: 1275050903, proof_size: 4190 }
2026-01-21 17:20:18.003  INFO tokio-runtime-worker pallet_block_production_log::pallet: 👷 Block 15 producer is ProBono(<wasm:stripped>)
2026-01-21 17:20:18.003 DEBUG tokio-runtime-worker runtime::system: [15] 4 extrinsics, length: 580 (normal 0%, op: 0%, mandatory 0%) / normal weight:Weight(ref_time: 4244180000, proof_size: 4807) (ref_time: 0%, proof_size: 0%) op weight Weight(ref_time: 0, proof_size: 0) (ref_time 0%, proof_size 0%) / mandatory weight Weight(ref_time: 2348054174, proof_size: 13385) (ref_time: 0%, proof_size: 0%)
2026-01-21 17:20:18.003  INFO tokio-runtime-worker sc_basic_authorship::basic_authorship: 🎁 Prepared block for proposing at 15 (1 ms) hash: 0xe67a64ef031ba649c3b90be6dce6f454254bc40f6201a4fb0735e8038883006b; parent_hash: 0xee37…94ad; end: NoMoreTransactions; extrinsics_count: 4
2026-01-21 17:20:18.004  INFO tokio-runtime-worker aura: 🔖 Pre-sealed block for proposal at 15. Hash now 0x7640fd1d8f3f085a4e254390da9950a1bf389cf7f46a5966ea9db7912f1bcb0e, previously 0xe67a64ef031ba649c3b90be6dce6f454254bc40f6201a4fb0735e8038883006b.
2026-01-21 17:20:18.004  INFO tokio-runtime-worker substrate: 🏆 Imported #15 (0xee37…94ad → 0x7640…cb0e)
2026-01-21 17:20:18.005  INFO tokio-runtime-worker txpool: maintain txs=(3, 0) a=1 i=3 views=[(15, 0, 0)] event=NewBestBlock { hash: 0x7640fd1d8f3f085a4e254390da9950a1bf389cf7f46a5966ea9db7912f1bcb0e, tree_route: None } duration=631.645µs
2026-01-21 17:20:19.307  INFO tokio-runtime-worker txpool: maintain txs=(2, 0) a=1 i=2 views=[(15, 0, 0)] event=Finalized { hash: 0xa65403177e366b4987ff9335c0a4072512bf561b8d7c38b58e1b8f9cfb86e50f, tree_route: [] } duration=110.38µs
2026-01-21 17:20:21.324  INFO tokio-runtime-worker substrate: 💤 Idle (0 peers), best: #15 (0x7640…cb0e), finalized #13 (0xa654…e50f), ⬇ 0 ⬆ 0
2026-01-21 17:20:24.001  INFO tokio-runtime-worker sc_basic_authorship::basic_authorship: 🙌 Starting consensus session on top of parent 0x7640fd1d8f3f085a4e254390da9950a1bf389cf7f46a5966ea9db7912f1bcb0e (#15)
2026-01-21 17:20:24.001 DEBUG tokio-runtime-worker runtime::executive: [16]: Block initialization weight consumption: Weight { ref_time: 1275050903, proof_size: 4190 }
2026-01-21 17:20:24.003  INFO tokio-runtime-worker pallet_block_production_log::pallet: 👷 Block 16 producer is ProBono(<wasm:stripped>)
2026-01-21 17:20:24.003 DEBUG tokio-runtime-worker runtime::system: [16] 4 extrinsics, length: 548 (normal 0%, op: 0%, mandatory 0%) / normal weight:Weight(ref_time: 3787920000, proof_size: 4595) (ref_time: 0%, proof_size: 0%) op weight Weight(ref_time: 0, proof_size: 0) (ref_time 0%, proof_size 0%) / mandatory weight Weight(ref_time: 2348054174, proof_size: 13385) (ref_time: 0%, proof_size: 0%)
2026-01-21 17:20:24.003  INFO tokio-runtime-worker sc_basic_authorship::basic_authorship: 🎁 Prepared block for proposing at 16 (2 ms) hash: 0x1d6d19783fec6b93f1cef87bec524b14c95d0a8005c30c6f6db89380e52bd421; parent_hash: 0x7640…cb0e; end: NoMoreTransactions; extrinsics_count: 4
2026-01-21 17:20:24.004  INFO tokio-runtime-worker aura: 🔖 Pre-sealed block for proposal at 16. Hash now 0x4d283dbab2a80938b30f6ca9823661cad5e8753184048d82e3c4b760014d2ae2, previously 0x1d6d19783fec6b93f1cef87bec524b14c95d0a8005c30c6f6db89380e52bd421.
2026-01-21 17:20:24.005  INFO tokio-runtime-worker substrate: 🏆 Imported #16 (0x7640…cb0e → 0x4d28…2ae2)
2026-01-21 17:20:24.005  INFO tokio-runtime-worker txpool: maintain txs=(3, 0) a=1 i=3 views=[(16, 0, 0)] event=NewBestBlock { hash: 0x4d283dbab2a80938b30f6ca9823661cad5e8753184048d82e3c4b760014d2ae2, tree_route: None } duration=905.921µs
2026-01-21 17:20:25.972  INFO tokio-runtime-worker txpool: maintain txs=(3, 0) a=1 i=2 views=[(16, 1, 0)] event=Finalized { hash: 0xee3738c50c0888f06c98a00abda195b75661142a67f50c15c37e0d849a5394ad, tree_route: [] } duration=52.885µs
2026-01-21 17:20:26.324  INFO tokio-runtime-worker substrate: 💤 Idle (0 peers), best: #16 (0x4d28…2ae2), finalized #14 (0xee37…94ad), ⬇ 0 ⬆ 0
2026-01-21 17:20:30.001  INFO tokio-runtime-worker sc_basic_authorship::basic_authorship: 🙌 Starting consensus session on top of parent 0x4d283dbab2a80938b30f6ca9823661cad5e8753184048d82e3c4b760014d2ae2 (#16)
2026-01-21 17:20:30.001 DEBUG tokio-runtime-worker runtime::executive: [17]: Block initialization weight consumption: Weight { ref_time: 1275050903, proof_size: 4190 }
2026-01-21 17:20:30.002  INFO tokio-runtime-worker pallet_block_production_log::pallet: 👷 Block 17 producer is ProBono(<wasm:stripped>)
2026-01-21 17:20:30.002 DEBUG tokio-runtime-worker runtime::system: [17] 4 extrinsics, length: 580 (normal 0%, op: 0%, mandatory 0%) / normal weight:Weight(ref_time: 4243220000, proof_size: 4807) (ref_time: 0%, proof_size: 0%) op weight Weight(ref_time: 0, proof_size: 0) (ref_time 0%, proof_size 0%) / mandatory weight Weight(ref_time: 2348054174, proof_size: 13385) (ref_time: 0%, proof_size: 0%)
2026-01-21 17:20:30.003  INFO tokio-runtime-worker sc_basic_authorship::basic_authorship: 🎁 Prepared block for proposing at 17 (1 ms) hash: 0x03845671ac08c6835e18df8e894c28763af79a5b82ea6f2c1aafb59d12b9e9d9; parent_hash: 0x4d28…2ae2; end: NoMoreTransactions; extrinsics_count: 4
2026-01-21 17:20:30.004  INFO tokio-runtime-worker aura: 🔖 Pre-sealed block for proposal at 17. Hash now 0xcc3cd6e03e9e260b9b2c308fc4f65bc98ae44d4455ec81536ea56db2c7645cd8, previously 0x03845671ac08c6835e18df8e894c28763af79a5b82ea6f2c1aafb59d12b9e9d9.
2026-01-21 17:20:30.004  INFO tokio-runtime-worker substrate: 🏆 Imported #17 (0x4d28…2ae2 → 0xcc3c…5cd8)
2026-01-21 17:20:30.004  INFO tokio-runtime-worker txpool: maintain txs=(3, 0) a=1 i=3 views=[(17, 0, 0)] event=NewBestBlock { hash: 0xcc3cd6e03e9e260b9b2c308fc4f65bc98ae44d4455ec81536ea56db2c7645cd8, tree_route: None } duration=588.859µs
2026-01-21 17:20:31.305  INFO tokio-runtime-worker txpool: maintain txs=(2, 0) a=1 i=2 views=[(17, 0, 0)] event=Finalized { hash: 0x7640fd1d8f3f085a4e254390da9950a1bf389cf7f46a5966ea9db7912f1bcb0e, tree_route: [] } duration=113.6µs
2026-01-21 17:20:31.324  INFO tokio-runtime-worker substrate: 💤 Idle (0 peers), best: #17 (0xcc3c…5cd8), finalized #15 (0x7640…cb0e), ⬇ 0 ⬆ 0
2026-01-21 17:20:36.001  INFO tokio-runtime-worker sc_basic_authorship::basic_authorship: 🙌 Starting consensus session on top of parent 0xcc3cd6e03e9e260b9b2c308fc4f65bc98ae44d4455ec81536ea56db2c7645cd8 (#17)
2026-01-21 17:20:36.001 DEBUG tokio-runtime-worker runtime::executive: [18]: Block initialization weight consumption: Weight { ref_time: 1275050903, proof_size: 4190 }
2026-01-21 17:20:36.002  INFO tokio-runtime-worker pallet_block_production_log::pallet: 👷 Block 18 producer is ProBono(<wasm:stripped>)
2026-01-21 17:20:36.002 DEBUG tokio-runtime-worker runtime::system: [18] 4 extrinsics, length: 580 (normal 0%, op: 0%, mandatory 0%) / normal weight:Weight(ref_time: 4242500000, proof_size: 4807) (ref_time: 0%, proof_size: 0%) op weight Weight(ref_time: 0, proof_size: 0) (ref_time 0%, proof_size 0%) / mandatory weight Weight(ref_time: 2348054174, proof_size: 13385) (ref_time: 0%, proof_size: 0%)
2026-01-21 17:20:36.003  INFO tokio-runtime-worker sc_basic_authorship::basic_authorship: 🎁 Prepared block for proposing at 18 (1 ms) hash: 0xd7b5a60f3383658fc4b61df727cbc36bc8b0ab41c2672b47e0fc7f5bddf7ab54; parent_hash: 0xcc3c…5cd8; end: NoMoreTransactions; extrinsics_count: 4
2026-01-21 17:20:36.004  INFO tokio-runtime-worker aura: 🔖 Pre-sealed block for proposal at 18. Hash now 0x6ce0be548c1b1b2ec1c6dffd8fd5ed6d93b80b92a71573e90911631c82b3b246, previously 0xd7b5a60f3383658fc4b61df727cbc36bc8b0ab41c2672b47e0fc7f5bddf7ab54.
2026-01-21 17:20:36.004  INFO tokio-runtime-worker substrate: 🏆 Imported #18 (0xcc3c…5cd8 → 0x6ce0…b246)
2026-01-21 17:20:36.004  INFO tokio-runtime-worker txpool: maintain txs=(3, 0) a=1 i=3 views=[(18, 0, 0)] event=NewBestBlock { hash: 0x6ce0be548c1b1b2ec1c6dffd8fd5ed6d93b80b92a71573e90911631c82b3b246, tree_route: None } duration=573.519µs
2026-01-21 17:20:36.324  INFO tokio-runtime-worker substrate: 💤 Idle (0 peers), best: #18 (0x6ce0…b246), finalized #15 (0x7640…cb0e), ⬇ 0 ⬆ 0
2026-01-21 17:20:37.970  INFO tokio-runtime-worker txpool: maintain txs=(3, 0) a=1 i=2 views=[(18, 1, 0)] event=Finalized { hash: 0x4d283dbab2a80938b30f6ca9823661cad5e8753184048d82e3c4b760014d2ae2, tree_route: [] } duration=55.206µs
2026-01-21 17:20:41.325  INFO tokio-runtime-worker substrate: 💤 Idle (0 peers), best: #18 (0x6ce0…b246), finalized #16 (0x4d28…2ae2), ⬇ 0 ⬆ 0
2026-01-21 17:20:42.000  INFO tokio-runtime-worker sc_basic_authorship::basic_authorship: 🙌 Starting consensus session on top of parent 0x6ce0be548c1b1b2ec1c6dffd8fd5ed6d93b80b92a71573e90911631c82b3b246 (#18)
2026-01-21 17:20:42.001 DEBUG tokio-runtime-worker runtime::executive: [19]: Block initialization weight consumption: Weight { ref_time: 1275050903, proof_size: 4190 }
2026-01-21 17:20:42.002  INFO tokio-runtime-worker pallet_block_production_log::pallet: 👷 Block 19 producer is ProBono(<wasm:stripped>)
2026-01-21 17:20:42.002 DEBUG tokio-runtime-worker runtime::system: [19] 4 extrinsics, length: 580 (normal 0%, op: 0%, mandatory 0%) / normal weight:Weight(ref_time: 4242260000, proof_size: 4807) (ref_time: 0%, proof_size: 0%) op weight Weight(ref_time: 0, proof_size: 0) (ref_time 0%, proof_size 0%) / mandatory weight Weight(ref_time: 2348054174, proof_size: 13385) (ref_time: 0%, proof_size: 0%)
2026-01-21 17:20:42.002  INFO tokio-runtime-worker sc_basic_authorship::basic_authorship: 🎁 Prepared block for proposing at 19 (1 ms) hash: 0x22b62a5468d30b257da57c18ad74767fc867dff1549549c0a03cc31dfdd917ea; parent_hash: 0x6ce0…b246; end: NoMoreTransactions; extrinsics_count: 4
2026-01-21 17:20:42.003  INFO tokio-runtime-worker aura: 🔖 Pre-sealed block for proposal at 19. Hash now 0x7c37e5b871eb79f340d7e65b956f727c126e6c4a815abbf3bdc36c37ce42dfd1, previously 0x22b62a5468d30b257da57c18ad74767fc867dff1549549c0a03cc31dfdd917ea.
2026-01-21 17:20:42.003  INFO tokio-runtime-worker substrate: 🏆 Imported #19 (0x6ce0…b246 → 0x7c37…dfd1)
2026-01-21 17:20:42.004  INFO tokio-runtime-worker txpool: maintain txs=(3, 0) a=1 i=3 views=[(19, 0, 0)] event=NewBestBlock { hash: 0x7c37e5b871eb79f340d7e65b956f727c126e6c4a815abbf3bdc36c37ce42dfd1, tree_route: None } duration=588.378µs
2026-01-21 17:20:43.302  INFO tokio-runtime-worker txpool: maintain txs=(2, 0) a=1 i=2 views=[(19, 0, 0)] event=Finalized { hash: 0xcc3cd6e03e9e260b9b2c308fc4f65bc98ae44d4455ec81536ea56db2c7645cd8, tree_route: [] } duration=46.752µs
2026-01-21 17:20:46.325  INFO tokio-runtime-worker substrate: 💤 Idle (0 peers), best: #19 (0x7c37…dfd1), finalized #17 (0xcc3c…5cd8), ⬇ 0 ⬆ 0
2026-01-21 17:20:48.000  INFO tokio-runtime-worker sc_basic_authorship::basic_authorship: 🙌 Starting consensus session on top of parent 0x7c37e5b871eb79f340d7e65b956f727c126e6c4a815abbf3bdc36c37ce42dfd1 (#19)
2026-01-21 17:20:48.001 DEBUG tokio-runtime-worker runtime::executive: [20]: Block initialization weight consumption: Weight { ref_time: 1275050903, proof_size: 4190 }
2026-01-21 17:20:48.002  INFO tokio-runtime-worker pallet_block_production_log::pallet: 👷 Block 20 producer is ProBono(<wasm:stripped>)
2026-01-21 17:20:48.002 DEBUG tokio-runtime-worker runtime::system: [20] 4 extrinsics, length: 548 (normal 0%, op: 0%, mandatory 0%) / normal weight:Weight(ref_time: 3788400000, proof_size: 4595) (ref_time: 0%, proof_size: 0%) op weight Weight(ref_time: 0, proof_size: 0) (ref_time 0%, proof_size 0%) / mandatory weight Weight(ref_time: 2348054174, proof_size: 13385) (ref_time: 0%, proof_size: 0%)
2026-01-21 17:20:48.002  INFO tokio-runtime-worker sc_basic_authorship::basic_authorship: 🎁 Prepared block for proposing at 20 (1 ms) hash: 0xb4f1648c5af2070b4e5782dbbc06a5430c92a9ee0668f229621934f7705de0f1; parent_hash: 0x7c37…dfd1; end: NoMoreTransactions; extrinsics_count: 4
2026-01-21 17:20:48.003  INFO tokio-runtime-worker aura: 🔖 Pre-sealed block for proposal at 20. Hash now 0xe090d55e749261f48e3e7395aeafc1c622cf731357462a6b5984d0c7552633bc, previously 0xb4f1648c5af2070b4e5782dbbc06a5430c92a9ee0668f229621934f7705de0f1.
2026-01-21 17:20:48.003  INFO tokio-runtime-worker substrate: 🏆 Imported #20 (0x7c37…dfd1 → 0xe090…33bc)
2026-01-21 17:20:48.004  INFO tokio-runtime-worker txpool: maintain txs=(3, 0) a=1 i=3 views=[(20, 0, 0)] event=NewBestBlock { hash: 0xe090d55e749261f48e3e7395aeafc1c622cf731357462a6b5984d0c7552633bc, tree_route: None } duration=807.041µs
2026-01-21 17:20:49.968  INFO tokio-runtime-worker txpool: maintain txs=(3, 0) a=1 i=2 views=[(20, 1, 0)] event=Finalized { hash: 0x6ce0be548c1b1b2ec1c6dffd8fd5ed6d93b80b92a71573e90911631c82b3b246, tree_route: [] } duration=48.648µs
2026-01-21 17:20:51.326  INFO tokio-runtime-worker substrate: 💤 Idle (0 peers), best: #20 (0xe090…33bc), finalized #18 (0x6ce0…b246), ⬇ 0 ⬆ 0
2026-01-21 17:20:54.000  INFO tokio-runtime-worker sc_basic_authorship::basic_authorship: 🙌 Starting consensus session on top of parent 0xe090d55e749261f48e3e7395aeafc1c622cf731357462a6b5984d0c7552633bc (#20)
2026-01-21 17:20:54.001 DEBUG tokio-runtime-worker runtime::executive: [21]: Block initialization weight consumption: Weight { ref_time: 1275050903, proof_size: 4190 }
2026-01-21 17:20:54.002  INFO tokio-runtime-worker pallet_block_production_log::pallet: 👷 Block 21 producer is ProBono(<wasm:stripped>)
2026-01-21 17:20:54.002 DEBUG tokio-runtime-worker runtime::system: [21] 4 extrinsics, length: 580 (normal 0%, op: 0%, mandatory 0%) / normal weight:Weight(ref_time: 4242740000, proof_size: 4807) (ref_time: 0%, proof_size: 0%) op weight Weight(ref_time: 0, proof_size: 0) (ref_time 0%, proof_size 0%) / mandatory weight Weight(ref_time: 2348054174, proof_size: 13385) (ref_time: 0%, proof_size: 0%)
2026-01-21 17:20:54.002  INFO tokio-runtime-worker sc_basic_authorship::basic_authorship: 🎁 Prepared block for proposing at 21 (1 ms) hash: 0xce8627a77f768a55965b11a04abde1582fbf808a4b6cb636d589889d397f7995; parent_hash: 0xe090…33bc; end: NoMoreTransactions; extrinsics_count: 4
2026-01-21 17:20:54.003  INFO tokio-runtime-worker aura: 🔖 Pre-sealed block for proposal at 21. Hash now 0x2d8c9217a8bf56afc77d950bacf1c4fde2c02129aa4bdbca07996ce1361191d8, previously 0xce8627a77f768a55965b11a04abde1582fbf808a4b6cb636d589889d397f7995.
2026-01-21 17:20:54.004  INFO tokio-runtime-worker substrate: 🏆 Imported #21 (0xe090…33bc → 0x2d8c…91d8)
2026-01-21 17:20:54.004  INFO tokio-runtime-worker txpool: maintain txs=(3, 0) a=1 i=3 views=[(21, 0, 0)] event=NewBestBlock { hash: 0x2d8c9217a8bf56afc77d950bacf1c4fde2c02129aa4bdbca07996ce1361191d8, tree_route: None } duration=946.536µs
2026-01-21 17:20:55.302  INFO tokio-runtime-worker txpool: maintain txs=(2, 0) a=1 i=2 views=[(21, 0, 0)] event=Finalized { hash: 0x7c37e5b871eb79f340d7e65b956f727c126e6c4a815abbf3bdc36c37ce42dfd1, tree_route: [] } duration=45.656µs
2026-01-21 17:20:56.326  INFO tokio-runtime-worker substrate: 💤 Idle (0 peers), best: #21 (0x2d8c…91d8), finalized #19 (0x7c37…dfd1), ⬇ 0 ⬆ 0
2026-01-21 17:21:00.001  INFO tokio-runtime-worker sc_basic_authorship::basic_authorship: 🙌 Starting consensus session on top of parent 0x2d8c9217a8bf56afc77d950bacf1c4fde2c02129aa4bdbca07996ce1361191d8 (#21)
2026-01-21 17:21:00.001 DEBUG tokio-runtime-worker runtime::executive: [22]: Block initialization weight consumption: Weight { ref_time: 1275050903, proof_size: 4190 }
2026-01-21 17:21:00.001  INFO tokio-runtime-worker pallet_block_participation::pallet: 🧾 Processing block participation data up to slot 294832710.
2026-01-21 17:21:00.002  INFO tokio-runtime-worker partner_chains_demo_runtime::test_helper_pallet::pallet: 📊 Block participation inherent data released
2026-01-21 17:21:00.002  INFO tokio-runtime-worker pallet_block_production_log::pallet: 👷 Block 22 producer is ProBono(<wasm:stripped>)
2026-01-21 17:21:00.002 DEBUG tokio-runtime-worker runtime::system: [22] 6 extrinsics, length: 652 (normal 0%, op: 0%, mandatory 0%) / normal weight:Weight(ref_time: 4243700000, proof_size: 4807) (ref_time: 0%, proof_size: 0%) op weight Weight(ref_time: 0, proof_size: 0) (ref_time 0%, proof_size 0%) / mandatory weight Weight(ref_time: 2564368174, proof_size: 13457) (ref_time: 0%, proof_size: 0%)
2026-01-21 17:21:00.002  INFO tokio-runtime-worker sc_basic_authorship::basic_authorship: 🎁 Prepared block for proposing at 22 (1 ms) hash: 0xe13fdb98db79fc39798f65f26133a5aab1388b2fb93c3fb1e3d3b11f9766ecdc; parent_hash: 0x2d8c…91d8; end: NoMoreTransactions; extrinsics_count: 6
2026-01-21 17:21:00.003  INFO tokio-runtime-worker aura: 🔖 Pre-sealed block for proposal at 22. Hash now 0xa29d2d27264b9a01499c71adbbd7d4462c2e9a9ff3c263ed4ad5c1c220a6ea1e, previously 0xe13fdb98db79fc39798f65f26133a5aab1388b2fb93c3fb1e3d3b11f9766ecdc.
2026-01-21 17:21:00.004  INFO tokio-runtime-worker substrate: 🏆 Imported #22 (0x2d8c…91d8 → 0xa29d…ea1e)
2026-01-21 17:21:00.005  INFO tokio-runtime-worker txpool: maintain txs=(3, 0) a=1 i=3 views=[(22, 0, 0)] event=NewBestBlock { hash: 0xa29d2d27264b9a01499c71adbbd7d4462c2e9a9ff3c263ed4ad5c1c220a6ea1e, tree_route: None } duration=1.03067ms
2026-01-21 17:21:01.326  INFO tokio-runtime-worker substrate: 💤 Idle (0 peers), best: #22 (0xa29d…ea1e), finalized #19 (0x7c37…dfd1), ⬇ 0 ⬆ 0
2026-01-21 17:21:01.967  INFO tokio-runtime-worker txpool: maintain txs=(2, 0) a=1 i=2 views=[(22, 0, 0)] event=Finalized { hash: 0xe090d55e749261f48e3e7395aeafc1c622cf731357462a6b5984d0c7552633bc, tree_route: [] } duration=66.717µs
2026-01-21 17:21:06.001  INFO tokio-runtime-worker sc_basic_authorship::basic_authorship: 🙌 Starting consensus session on top of parent 0xa29d2d27264b9a01499c71adbbd7d4462c2e9a9ff3c263ed4ad5c1c220a6ea1e (#22)
2026-01-21 17:21:06.001 DEBUG tokio-runtime-worker runtime::executive: [23]: Block initialization weight consumption: Weight { ref_time: 1275050903, proof_size: 4190 }
2026-01-21 17:21:06.001  INFO tokio-runtime-worker pallet_block_production_log::pallet: 👷 Block 23 producer is ProBono(<wasm:stripped>)
2026-01-21 17:21:06.001 DEBUG tokio-runtime-worker runtime::system: [23] 3 extrinsics, length: 59 (normal 0%, op: 0%, mandatory 0%) / normal weight:Weight(ref_time: 0, proof_size: 0) (ref_time: 0%, proof_size: 0%) op weight Weight(ref_time: 0, proof_size: 0) (ref_time 0%, proof_size 0%) / mandatory weight Weight(ref_time: 2348054174, proof_size: 13385) (ref_time: 0%, proof_size: 0%)
2026-01-21 17:21:06.002  INFO tokio-runtime-worker sc_basic_authorship::basic_authorship: 🎁 Prepared block for proposing at 23 (0 ms) hash: 0xee659bf401a8cb7e6c4d2d5d1e4d966f964dc3ab2e8dae8527d6f4a1fbe31ed1; parent_hash: 0xa29d…ea1e; end: NoMoreTransactions; extrinsics_count: 3
2026-01-21 17:21:06.002  INFO tokio-runtime-worker aura: 🔖 Pre-sealed block for proposal at 23. Hash now 0x0b844c1881f72429769c40a2dd184a6292e7f72480d0b85c5abc4f2abf0ae15b, previously 0xee659bf401a8cb7e6c4d2d5d1e4d966f964dc3ab2e8dae8527d6f4a1fbe31ed1.
2026-01-21 17:21:06.003  INFO tokio-runtime-worker substrate: 🏆 Imported #23 (0xa29d…ea1e → 0x0b84…e15b)
2026-01-21 17:21:06.003  INFO tokio-runtime-worker txpool: maintain txs=(2, 0) a=1 i=3 views=[(23, 0, 0)] event=NewBestBlock { hash: 0x0b844c1881f72429769c40a2dd184a6292e7f72480d0b85c5abc4f2abf0ae15b, tree_route: None } duration=126.993µs
2026-01-21 17:21:06.327  INFO tokio-runtime-worker substrate: 💤 Idle (0 peers), best: #23 (0x0b84…e15b), finalized #20 (0xe090…33bc), ⬇ 0 ⬆ 0
2026-01-21 17:21:07.300  INFO tokio-runtime-worker txpool: maintain txs=(1, 0) a=1 i=2 views=[(23, 0, 0)] event=Finalized { hash: 0x2d8c9217a8bf56afc77d950bacf1c4fde2c02129aa4bdbca07996ce1361191d8, tree_route: [] } duration=109.68µs
2026-01-21 17:21:11.327  INFO tokio-runtime-worker substrate: 💤 Idle (0 peers), best: #23 (0x0b84…e15b), finalized #21 (0x2d8c…91d8), ⬇ 0 ⬆ 0
2026-01-21 17:21:12.001  INFO tokio-runtime-worker sc_basic_authorship::basic_authorship: 🙌 Starting consensus session on top of parent 0x0b844c1881f72429769c40a2dd184a6292e7f72480d0b85c5abc4f2abf0ae15b (#23)
2026-01-21 17:21:12.001 DEBUG tokio-runtime-worker runtime::executive: [24]: Block initialization weight consumption: Weight { ref_time: 1275050903, proof_size: 4190 }
2026-01-21 17:21:12.002  INFO tokio-runtime-worker pallet_block_production_log::pallet: 👷 Block 24 producer is ProBono(<wasm:stripped>)
2026-01-21 17:21:12.002 DEBUG tokio-runtime-worker runtime::system: [24] 3 extrinsics, length: 59 (normal 0%, op: 0%, mandatory 0%) / normal weight:Weight(ref_time: 0, proof_size: 0) (ref_time: 0%, proof_size: 0%) op weight Weight(ref_time: 0, proof_size: 0) (ref_time 0%, proof_size 0%) / mandatory weight Weight(ref_time: 2348054174, proof_size: 13385) (ref_time: 0%, proof_size: 0%)
2026-01-21 17:21:12.002  INFO tokio-runtime-worker sc_basic_authorship::basic_authorship: 🎁 Prepared block for proposing at 24 (0 ms) hash: 0x7e6e8d73cf3079cbb4b49fa080321d627bc18d5cabb456e10c7c3a42d582f5c6; parent_hash: 0x0b84…e15b; end: NoMoreTransactions; extrinsics_count: 3
2026-01-21 17:21:12.003  INFO tokio-runtime-worker aura: 🔖 Pre-sealed block for proposal at 24. Hash now 0x29428bbc7e88b0747bb4aa5130b8915b4ed3a31a4cd246096b7cbf35ae2f34d8, previously 0x7e6e8d73cf3079cbb4b49fa080321d627bc18d5cabb456e10c7c3a42d582f5c6.
2026-01-21 17:21:12.003  INFO tokio-runtime-worker substrate: 🏆 Imported #24 (0x0b84…e15b → 0x2942…34d8)
2026-01-21 17:21:12.003  INFO tokio-runtime-worker txpool: maintain txs=(1, 0) a=1 i=3 views=[(24, 0, 0)] event=NewBestBlock { hash: 0x29428bbc7e88b0747bb4aa5130b8915b4ed3a31a4cd246096b7cbf35ae2f34d8, tree_route: None } duration=86.778µs
2026-01-21 17:21:13.965  INFO tokio-runtime-worker txpool: maintain txs=(0, 0) a=1 i=2 views=[(24, 0, 0)] event=Finalized { hash: 0xa29d2d27264b9a01499c71adbbd7d4462c2e9a9ff3c263ed4ad5c1c220a6ea1e, tree_route: [] } duration=207.64µs
2026-01-21 17:21:16.327  INFO tokio-runtime-worker substrate: 💤 Idle (0 peers), best: #24 (0x2942…34d8), finalized #22 (0xa29d…ea1e), ⬇ 0 ⬆ 0
2026-01-21 17:21:18.001  INFO tokio-runtime-worker sc_basic_authorship::basic_authorship: 🙌 Starting consensus session on top of parent 0x29428bbc7e88b0747bb4aa5130b8915b4ed3a31a4cd246096b7cbf35ae2f34d8 (#24)
2026-01-21 17:21:18.001 DEBUG tokio-runtime-worker runtime::executive: [25]: Block initialization weight consumption: Weight { ref_time: 1275050903, proof_size: 4190 }
2026-01-21 17:21:18.002  INFO tokio-runtime-worker pallet_block_production_log::pallet: 👷 Block 25 producer is ProBono(<wasm:stripped>)
2026-01-21 17:21:18.002 DEBUG tokio-runtime-worker runtime::system: [25] 3 extrinsics, length: 59 (normal 0%, op: 0%, mandatory 0%) / normal weight:Weight(ref_time: 0, proof_size: 0) (ref_time: 0%, proof_size: 0%) op weight Weight(ref_time: 0, proof_size: 0) (ref_time 0%, proof_size 0%) / mandatory weight Weight(ref_time: 2348054174, proof_size: 13385) (ref_time: 0%, proof_size: 0%)
2026-01-21 17:21:18.002  INFO tokio-runtime-worker sc_basic_authorship::basic_authorship: 🎁 Prepared block for proposing at 25 (0 ms) hash: 0x9b6e8e4d702b70698077d5d290c37a4186893b2d6632c842641b2070730fe71a; parent_hash: 0x2942…34d8; end: NoMoreTransactions; extrinsics_count: 3
2026-01-21 17:21:18.003  INFO tokio-runtime-worker aura: 🔖 Pre-sealed block for proposal at 25. Hash now 0x54a2bf1615e69e29dbe061743c0790cc715bec960c9db2d03b08973dd5825718, previously 0x9b6e8e4d702b70698077d5d290c37a4186893b2d6632c842641b2070730fe71a.
2026-01-21 17:21:18.003  INFO tokio-runtime-worker substrate: 🏆 Imported #25 (0x2942…34d8 → 0x54a2…5718)
2026-01-21 17:21:18.003  INFO tokio-runtime-worker txpool: maintain txs=(0, 0) a=1 i=3 views=[(25, 0, 0)] event=NewBestBlock { hash: 0x54a2bf1615e69e29dbe061743c0790cc715bec960c9db2d03b08973dd5825718, tree_route: None } duration=155.427µs
2026-01-21 17:21:19.297  INFO tokio-runtime-worker txpool: maintain txs=(0, 0) a=1 i=2 views=[(25, 0, 0)] event=Finalized { hash: 0x0b844c1881f72429769c40a2dd184a6292e7f72480d0b85c5abc4f2abf0ae15b, tree_route: [] } duration=44.052µs
2026-01-21 17:21:21.327  INFO tokio-runtime-worker substrate: 💤 Idle (0 peers), best: #25 (0x54a2…5718), finalized #23 (0x0b84…e15b), ⬇ 0 ⬆ 0
2026-01-21 17:21:24.000  INFO tokio-runtime-worker sc_basic_authorship::basic_authorship: 🙌 Starting consensus session on top of parent 0x54a2bf1615e69e29dbe061743c0790cc715bec960c9db2d03b08973dd5825718 (#25)
2026-01-21 17:21:24.000 DEBUG tokio-runtime-worker runtime::executive: [26]: Block initialization weight consumption: Weight { ref_time: 1275050903, proof_size: 4190 }
2026-01-21 17:21:24.001  INFO tokio-runtime-worker pallet_block_production_log::pallet: 👷 Block 26 producer is ProBono(<wasm:stripped>)
2026-01-21 17:21:24.001 DEBUG tokio-runtime-worker runtime::system: [26] 3 extrinsics, length: 59 (normal 0%, op: 0%, mandatory 0%) / normal weight:Weight(ref_time: 0, proof_size: 0) (ref_time: 0%, proof_size: 0%) op weight Weight(ref_time: 0, proof_size: 0) (ref_time 0%, proof_size 0%) / mandatory weight Weight(ref_time: 2348054174, proof_size: 13385) (ref_time: 0%, proof_size: 0%)
2026-01-21 17:21:24.002  INFO tokio-runtime-worker sc_basic_authorship::basic_authorship: 🎁 Prepared block for proposing at 26 (1 ms) hash: 0x2c3058920a699108cb20698a3126cffa896a78ca0b06ab57297a8a9fb5ff0f69; parent_hash: 0x54a2…5718; end: NoMoreTransactions; extrinsics_count: 3
2026-01-21 17:21:24.003  INFO tokio-runtime-worker aura: 🔖 Pre-sealed block for proposal at 26. Hash now 0x7dc337ea6348777ce66b6a2959ddac140bca87a8cfb8b97399cb167b9cfd7123, previously 0x2c3058920a699108cb20698a3126cffa896a78ca0b06ab57297a8a9fb5ff0f69.
2026-01-21 17:21:24.003  INFO tokio-runtime-worker txpool: maintain txs=(0, 0) a=1 i=3 views=[(26, 0, 0)] event=NewBestBlock { hash: 0x7dc337ea6348777ce66b6a2959ddac140bca87a8cfb8b97399cb167b9cfd7123, tree_route: None } duration=108.616µs
2026-01-21 17:21:24.003  INFO tokio-runtime-worker substrate: 🏆 Imported #26 (0x54a2…5718 → 0x7dc3…7123)
2026-01-21 17:21:25.963  INFO tokio-runtime-worker txpool: maintain txs=(0, 0) a=1 i=2 views=[(26, 0, 0)] event=Finalized { hash: 0x29428bbc7e88b0747bb4aa5130b8915b4ed3a31a4cd246096b7cbf35ae2f34d8, tree_route: [] } duration=43.725µs
2026-01-21 17:21:26.328  INFO tokio-runtime-worker substrate: 💤 Idle (0 peers), best: #26 (0x7dc3…7123), finalized #24 (0x2942…34d8), ⬇ 0 ⬆ 0
2026-01-21 17:21:30.000  INFO tokio-runtime-worker sc_basic_authorship::basic_authorship: 🙌 Starting consensus session on top of parent 0x7dc337ea6348777ce66b6a2959ddac140bca87a8cfb8b97399cb167b9cfd7123 (#26)
2026-01-21 17:21:30.001 DEBUG tokio-runtime-worker runtime::executive: [27]: Block initialization weight consumption: Weight { ref_time: 1275050903, proof_size: 4190 }
2026-01-21 17:21:30.001  INFO tokio-runtime-worker pallet_block_production_log::pallet: 👷 Block 27 producer is ProBono(<wasm:stripped>)
2026-01-21 17:21:30.001 DEBUG tokio-runtime-worker runtime::system: [27] 3 extrinsics, length: 59 (normal 0%, op: 0%, mandatory 0%) / normal weight:Weight(ref_time: 0, proof_size: 0) (ref_time: 0%, proof_size: 0%) op weight Weight(ref_time: 0, proof_size: 0) (ref_time 0%, proof_size 0%) / mandatory weight Weight(ref_time: 2348054174, proof_size: 13385) (ref_time: 0%, proof_size: 0%)
2026-01-21 17:21:30.001  INFO tokio-runtime-worker sc_basic_authorship::basic_authorship: 🎁 Prepared block for proposing at 27 (0 ms) hash: 0x3bf4e25a738674b123310c5afc64b0c328cfa44a2d99c1b7015a7e629486dfea; parent_hash: 0x7dc3…7123; end: NoMoreTransactions; extrinsics_count: 3
2026-01-21 17:21:30.002  INFO tokio-runtime-worker aura: 🔖 Pre-sealed block for proposal at 27. Hash now 0xbd99c6f78e993751177e57aaa721b11a6c4e9c04c6043271828e7aa39398a0b6, previously 0x3bf4e25a738674b123310c5afc64b0c328cfa44a2d99c1b7015a7e629486dfea.
2026-01-21 17:21:30.002  INFO tokio-runtime-worker substrate: 🏆 Imported #27 (0x7dc3…7123 → 0xbd99…a0b6)
2026-01-21 17:21:30.003  INFO tokio-runtime-worker txpool: maintain txs=(0, 0) a=1 i=3 views=[(27, 0, 0)] event=NewBestBlock { hash: 0xbd99c6f78e993751177e57aaa721b11a6c4e9c04c6043271828e7aa39398a0b6, tree_route: None } duration=100.482µs
2026-01-21 17:21:31.297  INFO tokio-runtime-worker txpool: maintain txs=(0, 0) a=1 i=2 views=[(27, 0, 0)] event=Finalized { hash: 0x54a2bf1615e69e29dbe061743c0790cc715bec960c9db2d03b08973dd5825718, tree_route: [] } duration=52.782µs
2026-01-21 17:21:31.328  INFO tokio-runtime-worker substrate: 💤 Idle (0 peers), best: #27 (0xbd99…a0b6), finalized #25 (0x54a2…5718), ⬇ 0 ⬆ 0
2026-01-21 17:21:36.000  INFO tokio-runtime-worker sc_basic_authorship::basic_authorship: 🙌 Starting consensus session on top of parent 0xbd99c6f78e993751177e57aaa721b11a6c4e9c04c6043271828e7aa39398a0b6 (#27)
2026-01-21 17:21:36.001 DEBUG tokio-runtime-worker runtime::executive: [28]: Block initialization weight consumption: Weight { ref_time: 1275050903, proof_size: 4190 }
2026-01-21 17:21:36.001  INFO tokio-runtime-worker pallet_block_production_log::pallet: 👷 Block 28 producer is ProBono(<wasm:stripped>)
2026-01-21 17:21:36.001 DEBUG tokio-runtime-worker runtime::system: [28] 3 extrinsics, length: 59 (normal 0%, op: 0%, mandatory 0%) / normal weight:Weight(ref_time: 0, proof_size: 0) (ref_time: 0%, proof_size: 0%) op weight Weight(ref_time: 0, proof_size: 0) (ref_time 0%, proof_size 0%) / mandatory weight Weight(ref_time: 2348054174, proof_size: 13385) (ref_time: 0%, proof_size: 0%)
2026-01-21 17:21:36.001  INFO tokio-runtime-worker sc_basic_authorship::basic_authorship: 🎁 Prepared block for proposing at 28 (0 ms) hash: 0x8f72e111e6c66c66852c2b4f2d252dc579fa6a8f36e69758cfdadcad3cbb931a; parent_hash: 0xbd99…a0b6; end: NoMoreTransactions; extrinsics_count: 3
2026-01-21 17:21:36.002  INFO tokio-runtime-worker aura: 🔖 Pre-sealed block for proposal at 28. Hash now 0xe125944bb2044f08af9895cdec75e4c47578a0afd004b90e6c44d607c3740348, previously 0x8f72e111e6c66c66852c2b4f2d252dc579fa6a8f36e69758cfdadcad3cbb931a.
2026-01-21 17:21:36.003  INFO tokio-runtime-worker substrate: 🏆 Imported #28 (0xbd99…a0b6 → 0xe125…0348)
2026-01-21 17:21:36.003  INFO tokio-runtime-worker txpool: maintain txs=(0, 0) a=1 i=3 views=[(28, 0, 0)] event=NewBestBlock { hash: 0xe125944bb2044f08af9895cdec75e4c47578a0afd004b90e6c44d607c3740348, tree_route: None } duration=90.238µs
2026-01-21 17:21:36.328  INFO tokio-runtime-worker substrate: 💤 Idle (0 peers), best: #28 (0xe125…0348), finalized #25 (0x54a2…5718), ⬇ 0 ⬆ 0
2026-01-21 17:21:37.962  INFO tokio-runtime-worker txpool: maintain txs=(0, 0) a=1 i=2 views=[(28, 0, 0)] event=Finalized { hash: 0x7dc337ea6348777ce66b6a2959ddac140bca87a8cfb8b97399cb167b9cfd7123, tree_route: [] } duration=57.587µs
2026-01-21 17:21:41.328  INFO tokio-runtime-worker substrate: 💤 Idle (0 peers), best: #28 (0xe125…0348), finalized #26 (0x7dc3…7123), ⬇ 0 ⬆ 0
2026-01-21 17:21:42.001  INFO tokio-runtime-worker sc_basic_authorship::basic_authorship: 🙌 Starting consensus session on top of parent 0xe125944bb2044f08af9895cdec75e4c47578a0afd004b90e6c44d607c3740348 (#28)
2026-01-21 17:21:42.001 DEBUG tokio-runtime-worker runtime::executive: [29]: Block initialization weight consumption: Weight { ref_time: 1275050903, proof_size: 4190 }
2026-01-21 17:21:42.001  INFO tokio-runtime-worker pallet_block_production_log::pallet: 👷 Block 29 producer is ProBono(<wasm:stripped>)
2026-01-21 17:21:42.001 DEBUG tokio-runtime-worker runtime::system: [29] 3 extrinsics, length: 59 (normal 0%, op: 0%, mandatory 0%) / normal weight:Weight(ref_time: 0, proof_size: 0) (ref_time: 0%, proof_size: 0%) op weight Weight(ref_time: 0, proof_size: 0) (ref_time 0%, proof_size 0%) / mandatory weight Weight(ref_time: 2348054174, proof_size: 13385) (ref_time: 0%, proof_size: 0%)
2026-01-21 17:21:42.002  INFO tokio-runtime-worker sc_basic_authorship::basic_authorship: 🎁 Prepared block for proposing at 29 (0 ms) hash: 0xca10a33954f7c51f827aee06543db3bd65746bc5c227c1fb07a80ea83cd6ddcd; parent_hash: 0xe125…0348; end: NoMoreTransactions; extrinsics_count: 3
2026-01-21 17:21:42.002  INFO tokio-runtime-worker aura: 🔖 Pre-sealed block for proposal at 29. Hash now 0xda8d041a42fd61d668f68d7f6dea5186a9979f14c43664f4fa63d53026760b4d, previously 0xca10a33954f7c51f827aee06543db3bd65746bc5c227c1fb07a80ea83cd6ddcd.
2026-01-21 17:21:42.003  INFO tokio-runtime-worker txpool: maintain txs=(0, 0) a=1 i=3 views=[(29, 0, 0)] event=NewBestBlock { hash: 0xda8d041a42fd61d668f68d7f6dea5186a9979f14c43664f4fa63d53026760b4d, tree_route: None } duration=89.812µs
2026-01-21 17:21:42.003  INFO tokio-runtime-worker substrate: 🏆 Imported #29 (0xe125…0348 → 0xda8d…0b4d)
2026-01-21 17:21:43.295  INFO tokio-runtime-worker txpool: maintain txs=(0, 0) a=1 i=2 views=[(29, 0, 0)] event=Finalized { hash: 0xbd99c6f78e993751177e57aaa721b11a6c4e9c04c6043271828e7aa39398a0b6, tree_route: [] } duration=60.704µs
2026-01-21 17:21:46.328  INFO tokio-runtime-worker substrate: 💤 Idle (0 peers), best: #29 (0xda8d…0b4d), finalized #27 (0xbd99…a0b6), ⬇ 0 ⬆ 0
2026-01-21 17:21:48.001  INFO tokio-runtime-worker sc_basic_authorship::basic_authorship: 🙌 Starting consensus session on top of parent 0xda8d041a42fd61d668f68d7f6dea5186a9979f14c43664f4fa63d53026760b4d (#29)
2026-01-21 17:21:48.001 DEBUG tokio-runtime-worker runtime::executive: [30]: Block initialization weight consumption: Weight { ref_time: 1275050903, proof_size: 4190 }
2026-01-21 17:21:48.002  INFO tokio-runtime-worker pallet_block_production_log::pallet: 👷 Block 30 producer is ProBono(<wasm:stripped>)
2026-01-21 17:21:48.002 DEBUG tokio-runtime-worker runtime::system: [30] 3 extrinsics, length: 59 (normal 0%, op: 0%, mandatory 0%) / normal weight:Weight(ref_time: 0, proof_size: 0) (ref_time: 0%, proof_size: 0%) op weight Weight(ref_time: 0, proof_size: 0) (ref_time 0%, proof_size 0%) / mandatory weight Weight(ref_time: 2348054174, proof_size: 13385) (ref_time: 0%, proof_size: 0%)
2026-01-21 17:21:48.002  INFO tokio-runtime-worker sc_basic_authorship::basic_authorship: 🎁 Prepared block for proposing at 30 (1 ms) hash: 0x04be500b784f372910e43f556850b7135c6f531e4480b5ca2d03c170c4fb3be4; parent_hash: 0xda8d…0b4d; end: NoMoreTransactions; extrinsics_count: 3
2026-01-21 17:21:48.003  INFO tokio-runtime-worker aura: 🔖 Pre-sealed block for proposal at 30. Hash now 0xdeba3ecc9cb032cad151dc2a86a5192ba02a30b0c9d6b4c55d6c4d476d9548d4, previously 0x04be500b784f372910e43f556850b7135c6f531e4480b5ca2d03c170c4fb3be4.
2026-01-21 17:21:48.003  INFO tokio-runtime-worker substrate: 🏆 Imported #30 (0xda8d…0b4d → 0xdeba…48d4)
2026-01-21 17:21:48.003  INFO tokio-runtime-worker txpool: maintain txs=(0, 0) a=1 i=3 views=[(30, 0, 0)] event=NewBestBlock { hash: 0xdeba3ecc9cb032cad151dc2a86a5192ba02a30b0c9d6b4c55d6c4d476d9548d4, tree_route: None } duration=346.471µs
2026-01-21 17:21:49.961  INFO tokio-runtime-worker txpool: maintain txs=(0, 0) a=1 i=2 views=[(30, 0, 0)] event=Finalized { hash: 0xe125944bb2044f08af9895cdec75e4c47578a0afd004b90e6c44d607c3740348, tree_route: [] } duration=92.406µs
2026-01-21 17:21:51.329  INFO tokio-runtime-worker substrate: 💤 Idle (0 peers), best: #30 (0xdeba…48d4), finalized #28 (0xe125…0348), ⬇ 0 ⬆ 0
2026-01-21 17:21:54.001  INFO tokio-runtime-worker sc_basic_authorship::basic_authorship: 🙌 Starting consensus session on top of parent 0xdeba3ecc9cb032cad151dc2a86a5192ba02a30b0c9d6b4c55d6c4d476d9548d4 (#30)
2026-01-21 17:21:54.001 DEBUG tokio-runtime-worker runtime::executive: [31]: Block initialization weight consumption: Weight { ref_time: 1275050903, proof_size: 4190 }
2026-01-21 17:21:54.002  INFO tokio-runtime-worker pallet_block_production_log::pallet: 👷 Block 31 producer is ProBono(<wasm:stripped>)
2026-01-21 17:21:54.002 DEBUG tokio-runtime-worker runtime::system: [31] 3 extrinsics, length: 59 (normal 0%, op: 0%, mandatory 0%) / normal weight:Weight(ref_time: 0, proof_size: 0) (ref_time: 0%, proof_size: 0%) op weight Weight(ref_time: 0, proof_size: 0) (ref_time 0%, proof_size 0%) / mandatory weight Weight(ref_time: 2348054174, proof_size: 13385) (ref_time: 0%, proof_size: 0%)
2026-01-21 17:21:54.002  INFO tokio-runtime-worker sc_basic_authorship::basic_authorship: 🎁 Prepared block for proposing at 31 (0 ms) hash: 0x468a1112305cb8a86b7fffcef69ee640e248aec64f6991e5c8d019ec854f808a; parent_hash: 0xdeba…48d4; end: NoMoreTransactions; extrinsics_count: 3
2026-01-21 17:21:54.003  INFO tokio-runtime-worker aura: 🔖 Pre-sealed block for proposal at 31. Hash now 0x12a95a4532e73fd59707db226a886a36e7433074c41828aac8be0400ebcb483c, previously 0x468a1112305cb8a86b7fffcef69ee640e248aec64f6991e5c8d019ec854f808a.
2026-01-21 17:21:54.003  INFO tokio-runtime-worker txpool: maintain txs=(0, 0) a=1 i=3 views=[(31, 0, 0)] event=NewBestBlock { hash: 0x12a95a4532e73fd59707db226a886a36e7433074c41828aac8be0400ebcb483c, tree_route: None } duration=88.409µs
2026-01-21 17:21:54.003  INFO tokio-runtime-worker substrate: 🏆 Imported #31 (0xdeba…48d4 → 0x12a9…483c)
2026-01-21 17:21:55.293  INFO tokio-runtime-worker txpool: maintain txs=(0, 0) a=1 i=2 views=[(31, 0, 0)] event=Finalized { hash: 0xda8d041a42fd61d668f68d7f6dea5186a9979f14c43664f4fa63d53026760b4d, tree_route: [] } duration=46.47µs
2026-01-21 17:21:56.329  INFO tokio-runtime-worker substrate: 💤 Idle (0 peers), best: #31 (0x12a9…483c), finalized #29 (0xda8d…0b4d), ⬇ 0 ⬆ 0
2026-01-21 17:22:00.001  INFO tokio-runtime-worker sc_basic_authorship::basic_authorship: 🙌 Starting consensus session on top of parent 0x12a95a4532e73fd59707db226a886a36e7433074c41828aac8be0400ebcb483c (#31)
2026-01-21 17:22:00.001 DEBUG tokio-runtime-worker runtime::executive: [32]: Block initialization weight consumption: Weight { ref_time: 1275050903, proof_size: 4190 }
2026-01-21 17:22:00.002  INFO tokio-runtime-worker pallet_block_production_log::pallet: 👷 Block 32 producer is ProBono(<wasm:stripped>)
2026-01-21 17:22:00.002 DEBUG tokio-runtime-worker runtime::system: [32] 3 extrinsics, length: 59 (normal 0%, op: 0%, mandatory 0%) / normal weight:Weight(ref_time: 0, proof_size: 0) (ref_time: 0%, proof_size: 0%) op weight Weight(ref_time: 0, proof_size: 0) (ref_time 0%, proof_size 0%) / mandatory weight Weight(ref_time: 2348054174, proof_size: 13385) (ref_time: 0%, proof_size: 0%)
2026-01-21 17:22:00.002  INFO tokio-runtime-worker sc_basic_authorship::basic_authorship: 🎁 Prepared block for proposing at 32 (0 ms) hash: 0xdb973e2cd1f1af28cf80a3da9b15b14d299d2fb8240b18755e9fef3d85c54e96; parent_hash: 0x12a9…483c; end: NoMoreTransactions; extrinsics_count: 3
2026-01-21 17:22:00.003  INFO tokio-runtime-worker aura: 🔖 Pre-sealed block for proposal at 32. Hash now 0x3cdd5c5d3a0edef3d915910de5d57383bed23c99da8ddc49fa6cab5163628104, previously 0xdb973e2cd1f1af28cf80a3da9b15b14d299d2fb8240b18755e9fef3d85c54e96.
2026-01-21 17:22:00.003  INFO tokio-runtime-worker substrate: 🏆 Imported #32 (0x12a9…483c → 0x3cdd…8104)
2026-01-21 17:22:00.003  INFO tokio-runtime-worker txpool: maintain txs=(0, 0) a=1 i=3 views=[(32, 0, 0)] event=NewBestBlock { hash: 0x3cdd5c5d3a0edef3d915910de5d57383bed23c99da8ddc49fa6cab5163628104, tree_route: None } duration=128.773µs
2026-01-21 17:22:01.329  INFO tokio-runtime-worker substrate: 💤 Idle (0 peers), best: #32 (0x3cdd…8104), finalized #29 (0xda8d…0b4d), ⬇ 0 ⬆ 0
2026-01-21 17:22:01.958  INFO tokio-runtime-worker txpool: maintain txs=(0, 0) a=1 i=2 views=[(32, 0, 0)] event=Finalized { hash: 0xdeba3ecc9cb032cad151dc2a86a5192ba02a30b0c9d6b4c55d6c4d476d9548d4, tree_route: [] } duration=43.071µs
2026-01-21 17:22:06.001  INFO tokio-runtime-worker sc_basic_authorship::basic_authorship: 🙌 Starting consensus session on top of parent 0x3cdd5c5d3a0edef3d915910de5d57383bed23c99da8ddc49fa6cab5163628104 (#32)
2026-01-21 17:22:06.001 DEBUG tokio-runtime-worker runtime::executive: [33]: Block initialization weight consumption: Weight { ref_time: 1275050903, proof_size: 4190 }
2026-01-21 17:22:06.002  INFO tokio-runtime-worker pallet_block_production_log::pallet: 👷 Block 33 producer is ProBono(<wasm:stripped>)
2026-01-21 17:22:06.002 DEBUG tokio-runtime-worker runtime::system: [33] 3 extrinsics, length: 59 (normal 0%, op: 0%, mandatory 0%) / normal weight:Weight(ref_time: 0, proof_size: 0) (ref_time: 0%, proof_size: 0%) op weight Weight(ref_time: 0, proof_size: 0) (ref_time 0%, proof_size 0%) / mandatory weight Weight(ref_time: 2348054174, proof_size: 13385) (ref_time: 0%, proof_size: 0%)
2026-01-21 17:22:06.002  INFO tokio-runtime-worker sc_basic_authorship::basic_authorship: 🎁 Prepared block for proposing at 33 (0 ms) hash: 0x7b5dc67e462dc63ebc8c1bd9414dff1ef45a71ab604f7dd9441d643c29cfd365; parent_hash: 0x3cdd…8104; end: NoMoreTransactions; extrinsics_count: 3
2026-01-21 17:22:06.003  INFO tokio-runtime-worker aura: 🔖 Pre-sealed block for proposal at 33. Hash now 0xba09ceebc636a14834a6fb3da9e55d49b983e87cb02163c20e249afd0989701d, previously 0x7b5dc67e462dc63ebc8c1bd9414dff1ef45a71ab604f7dd9441d643c29cfd365.
2026-01-21 17:22:06.003  INFO tokio-runtime-worker txpool: maintain txs=(0, 0) a=1 i=3 views=[(33, 0, 0)] event=NewBestBlock { hash: 0xba09ceebc636a14834a6fb3da9e55d49b983e87cb02163c20e249afd0989701d, tree_route: None } duration=106.436µs
2026-01-21 17:22:06.003  INFO tokio-runtime-worker substrate: 🏆 Imported #33 (0x3cdd…8104 → 0xba09…701d)
2026-01-21 17:22:06.330  INFO tokio-runtime-worker substrate: 💤 Idle (0 peers), best: #33 (0xba09…701d), finalized #30 (0xdeba…48d4), ⬇ 0 ⬆ 0
2026-01-21 17:22:07.291  INFO tokio-runtime-worker txpool: maintain txs=(0, 0) a=1 i=2 views=[(33, 0, 0)] event=Finalized { hash: 0x12a95a4532e73fd59707db226a886a36e7433074c41828aac8be0400ebcb483c, tree_route: [] } duration=48.404µs
2026-01-21 17:22:11.330  INFO tokio-runtime-worker substrate: 💤 Idle (0 peers), best: #33 (0xba09…701d), finalized #31 (0x12a9…483c), ⬇ 0 ⬆ 0
2026-01-21 17:22:12.001  INFO tokio-runtime-worker sc_basic_authorship::basic_authorship: 🙌 Starting consensus session on top of parent 0xba09ceebc636a14834a6fb3da9e55d49b983e87cb02163c20e249afd0989701d (#33)
2026-01-21 17:22:12.002 DEBUG tokio-runtime-worker runtime::executive: [34]: Block initialization weight consumption: Weight { ref_time: 1275050903, proof_size: 4190 }
2026-01-21 17:22:12.002  INFO tokio-runtime-worker pallet_block_production_log::pallet: 👷 Block 34 producer is ProBono(<wasm:stripped>)
2026-01-21 17:22:12.002 DEBUG tokio-runtime-worker runtime::system: [34] 3 extrinsics, length: 59 (normal 0%, op: 0%, mandatory 0%) / normal weight:Weight(ref_time: 0, proof_size: 0) (ref_time: 0%, proof_size: 0%) op weight Weight(ref_time: 0, proof_size: 0) (ref_time 0%, proof_size 0%) / mandatory weight Weight(ref_time: 2348054174, proof_size: 13385) (ref_time: 0%, proof_size: 0%)
2026-01-21 17:22:12.002  INFO tokio-runtime-worker sc_basic_authorship::basic_authorship: 🎁 Prepared block for proposing at 34 (0 ms) hash: 0xf7049136fc1543c4854b331579c85220531b043b1aa12d9307d4d6a0fcaa03ba; parent_hash: 0xba09…701d; end: NoMoreTransactions; extrinsics_count: 3
2026-01-21 17:22:12.003  INFO tokio-runtime-worker aura: 🔖 Pre-sealed block for proposal at 34. Hash now 0xa3a74d01c8828c101d95ab6e7643d082158042c2a0f4124ffba75d0499afb7ad, previously 0xf7049136fc1543c4854b331579c85220531b043b1aa12d9307d4d6a0fcaa03ba.
2026-01-21 17:22:12.003  INFO tokio-runtime-worker substrate: 🏆 Imported #34 (0xba09…701d → 0xa3a7…b7ad)
2026-01-21 17:22:12.003  INFO tokio-runtime-worker txpool: maintain txs=(0, 0) a=1 i=3 views=[(34, 0, 0)] event=NewBestBlock { hash: 0xa3a74d01c8828c101d95ab6e7643d082158042c2a0f4124ffba75d0499afb7ad, tree_route: None } duration=101.113µs
2026-01-21 17:22:13.957  INFO tokio-runtime-worker txpool: maintain txs=(0, 0) a=1 i=2 views=[(34, 0, 0)] event=Finalized { hash: 0x3cdd5c5d3a0edef3d915910de5d57383bed23c99da8ddc49fa6cab5163628104, tree_route: [] } duration=53.271µs
2026-01-21 17:22:16.330  INFO tokio-runtime-worker substrate: 💤 Idle (0 peers), best: #34 (0xa3a7…b7ad), finalized #32 (0x3cdd…8104), ⬇ 0 ⬆ 0
2026-01-21 17:22:18.000  INFO tokio-runtime-worker sc_basic_authorship::basic_authorship: 🙌 Starting consensus session on top of parent 0xa3a74d01c8828c101d95ab6e7643d082158042c2a0f4124ffba75d0499afb7ad (#34)
2026-01-21 17:22:18.000 DEBUG tokio-runtime-worker runtime::executive: [35]: Block initialization weight consumption: Weight { ref_time: 1275050903, proof_size: 4190 }
2026-01-21 17:22:18.001  INFO tokio-runtime-worker pallet_block_production_log::pallet: 👷 Block 35 producer is ProBono(<wasm:stripped>)
2026-01-21 17:22:18.001 DEBUG tokio-runtime-worker runtime::system: [35] 3 extrinsics, length: 59 (normal 0%, op: 0%, mandatory 0%) / normal weight:Weight(ref_time: 0, proof_size: 0) (ref_time: 0%, proof_size: 0%) op weight Weight(ref_time: 0, proof_size: 0) (ref_time 0%, proof_size 0%) / mandatory weight Weight(ref_time: 2348054174, proof_size: 13385) (ref_time: 0%, proof_size: 0%)
2026-01-21 17:22:18.001  INFO tokio-runtime-worker sc_basic_authorship::basic_authorship: 🎁 Prepared block for proposing at 35 (0 ms) hash: 0x7a477b84d9104dad3a87428bbaa3c9a4510d2a460e262b44a25af78e1d5828bf; parent_hash: 0xa3a7…b7ad; end: NoMoreTransactions; extrinsics_count: 3
2026-01-21 17:22:18.002  INFO tokio-runtime-worker aura: 🔖 Pre-sealed block for proposal at 35. Hash now 0xffbf7a5822f3b454b846ab70f4edc30af6af1e601e972bd62db01150d18c627e, previously 0x7a477b84d9104dad3a87428bbaa3c9a4510d2a460e262b44a25af78e1d5828bf.
2026-01-21 17:22:18.002  INFO tokio-runtime-worker substrate: 🏆 Imported #35 (0xa3a7…b7ad → 0xffbf…627e)
2026-01-21 17:22:18.002  INFO tokio-runtime-worker txpool: maintain txs=(0, 0) a=1 i=3 views=[(35, 0, 0)] event=NewBestBlock { hash: 0xffbf7a5822f3b454b846ab70f4edc30af6af1e601e972bd62db01150d18c627e, tree_route: None } duration=89.612µs
2026-01-21 17:22:19.289  INFO tokio-runtime-worker txpool: maintain txs=(0, 0) a=1 i=2 views=[(35, 0, 0)] event=Finalized { hash: 0xba09ceebc636a14834a6fb3da9e55d49b983e87cb02163c20e249afd0989701d, tree_route: [] } duration=45.353µs
2026-01-21 17:22:21.331  INFO tokio-runtime-worker substrate: 💤 Idle (0 peers), best: #35 (0xffbf…627e), finalized #33 (0xba09…701d), ⬇ 0 ⬆ 0
2026-01-21 17:22:24.000  INFO tokio-runtime-worker sc_basic_authorship::basic_authorship: 🙌 Starting consensus session on top of parent 0xffbf7a5822f3b454b846ab70f4edc30af6af1e601e972bd62db01150d18c627e (#35)
2026-01-21 17:22:24.001 DEBUG tokio-runtime-worker runtime::executive: [36]: Block initialization weight consumption: Weight { ref_time: 1275050903, proof_size: 4190 }
2026-01-21 17:22:24.001  INFO tokio-runtime-worker pallet_block_production_log::pallet: 👷 Block 36 producer is ProBono(<wasm:stripped>)
2026-01-21 17:22:24.001 DEBUG tokio-runtime-worker runtime::system: [36] 3 extrinsics, length: 59 (normal 0%, op: 0%, mandatory 0%) / normal weight:Weight(ref_time: 0, proof_size: 0) (ref_time: 0%, proof_size: 0%) op weight Weight(ref_time: 0, proof_size: 0) (ref_time 0%, proof_size 0%) / mandatory weight Weight(ref_time: 2348054174, proof_size: 13385) (ref_time: 0%, proof_size: 0%)
2026-01-21 17:22:24.001  INFO tokio-runtime-worker sc_basic_authorship::basic_authorship: 🎁 Prepared block for proposing at 36 (0 ms) hash: 0xd8e090af8bc9cdae1846bbd882ebf675691ba5e4cd884d3cc364aefc39d785bb; parent_hash: 0xffbf…627e; end: NoMoreTransactions; extrinsics_count: 3
2026-01-21 17:22:24.002  INFO tokio-runtime-worker aura: 🔖 Pre-sealed block for proposal at 36. Hash now 0x5012dd0f738874540129780c925487b3bfdbc003807595ad3b89254290a249a0, previously 0xd8e090af8bc9cdae1846bbd882ebf675691ba5e4cd884d3cc364aefc39d785bb.
2026-01-21 17:22:24.003  INFO tokio-runtime-worker txpool: maintain txs=(0, 0) a=1 i=3 views=[(36, 0, 0)] event=NewBestBlock { hash: 0x5012dd0f738874540129780c925487b3bfdbc003807595ad3b89254290a249a0, tree_route: None } duration=86.678µs
2026-01-21 17:22:24.003  INFO tokio-runtime-worker substrate: 🏆 Imported #36 (0xffbf…627e → 0x5012…49a0)
2026-01-21 17:22:25.956  INFO tokio-runtime-worker txpool: maintain txs=(0, 0) a=1 i=2 views=[(36, 0, 0)] event=Finalized { hash: 0xa3a74d01c8828c101d95ab6e7643d082158042c2a0f4124ffba75d0499afb7ad, tree_route: [] } duration=50.638µs
2026-01-21 17:22:26.331  INFO tokio-runtime-worker substrate: 💤 Idle (0 peers), best: #36 (0x5012…49a0), finalized #34 (0xa3a7…b7ad), ⬇ 0 ⬆ 0
2026-01-21 17:22:30.001  INFO tokio-runtime-worker sc_basic_authorship::basic_authorship: 🙌 Starting consensus session on top of parent 0x5012dd0f738874540129780c925487b3bfdbc003807595ad3b89254290a249a0 (#36)
2026-01-21 17:22:30.001 DEBUG tokio-runtime-worker runtime::executive: [37]: Block initialization weight consumption: Weight { ref_time: 1275050903, proof_size: 4190 }
2026-01-21 17:22:30.001  INFO tokio-runtime-worker pallet_block_production_log::pallet: 👷 Block 37 producer is ProBono(<wasm:stripped>)
2026-01-21 17:22:30.001 DEBUG tokio-runtime-worker runtime::system: [37] 3 extrinsics, length: 59 (normal 0%, op: 0%, mandatory 0%) / normal weight:Weight(ref_time: 0, proof_size: 0) (ref_time: 0%, proof_size: 0%) op weight Weight(ref_time: 0, proof_size: 0) (ref_time 0%, proof_size 0%) / mandatory weight Weight(ref_time: 2348054174, proof_size: 13385) (ref_time: 0%, proof_size: 0%)
2026-01-21 17:22:30.002  INFO tokio-runtime-worker sc_basic_authorship::basic_authorship: 🎁 Prepared block for proposing at 37 (0 ms) hash: 0x9f16ed79f9e9975cbaf1dbe2179992867d0faeb35c424a2735bdf69b0a8ad47d; parent_hash: 0x5012…49a0; end: NoMoreTransactions; extrinsics_count: 3
2026-01-21 17:22:30.002  INFO tokio-runtime-worker aura: 🔖 Pre-sealed block for proposal at 37. Hash now 0x7890548a02b71b8b9da70de8b74594682ecb2d145386b5063d35745f917c53a6, previously 0x9f16ed79f9e9975cbaf1dbe2179992867d0faeb35c424a2735bdf69b0a8ad47d.
2026-01-21 17:22:30.003  INFO tokio-runtime-worker substrate: 🏆 Imported #37 (0x5012…49a0 → 0x7890…53a6)
2026-01-21 17:22:30.003  INFO tokio-runtime-worker txpool: maintain txs=(0, 0) a=1 i=3 views=[(37, 0, 0)] event=NewBestBlock { hash: 0x7890548a02b71b8b9da70de8b74594682ecb2d145386b5063d35745f917c53a6, tree_route: None } duration=202.769µs
2026-01-21 17:22:31.289  INFO tokio-runtime-worker txpool: maintain txs=(0, 0) a=1 i=2 views=[(37, 0, 0)] event=Finalized { hash: 0xffbf7a5822f3b454b846ab70f4edc30af6af1e601e972bd62db01150d18c627e, tree_route: [] } duration=85.972µs
2026-01-21 17:22:31.331  INFO tokio-runtime-worker substrate: 💤 Idle (0 peers), best: #37 (0x7890…53a6), finalized #35 (0xffbf…627e), ⬇ 0 ⬆ 0
2026-01-21 17:22:36.001  INFO tokio-runtime-worker sc_basic_authorship::basic_authorship: 🙌 Starting consensus session on top of parent 0x7890548a02b71b8b9da70de8b74594682ecb2d145386b5063d35745f917c53a6 (#37)
2026-01-21 17:22:36.001 DEBUG tokio-runtime-worker runtime::executive: [38]: Block initialization weight consumption: Weight { ref_time: 1275050903, proof_size: 4190 }
2026-01-21 17:22:36.001  INFO tokio-runtime-worker pallet_block_production_log::pallet: 👷 Block 38 producer is ProBono(<wasm:stripped>)
2026-01-21 17:22:36.001 DEBUG tokio-runtime-worker runtime::system: [38] 3 extrinsics, length: 59 (normal 0%, op: 0%, mandatory 0%) / normal weight:Weight(ref_time: 0, proof_size: 0) (ref_time: 0%, proof_size: 0%) op weight Weight(ref_time: 0, proof_size: 0) (ref_time 0%, proof_size 0%) / mandatory weight Weight(ref_time: 2348054174, proof_size: 13385) (ref_time: 0%, proof_size: 0%)
2026-01-21 17:22:36.002  INFO tokio-runtime-worker sc_basic_authorship::basic_authorship: 🎁 Prepared block for proposing at 38 (0 ms) hash: 0x8aec71a4fef965837bbc5caba7927277b375f7d8bff4b14d46a67e4ab2289b12; parent_hash: 0x7890…53a6; end: NoMoreTransactions; extrinsics_count: 3
2026-01-21 17:22:36.002  INFO tokio-runtime-worker aura: 🔖 Pre-sealed block for proposal at 38. Hash now 0x78c68f075584104891e70a33b749966649a94f4d3d311e90b62057852e71dff0, previously 0x8aec71a4fef965837bbc5caba7927277b375f7d8bff4b14d46a67e4ab2289b12.
2026-01-21 17:22:36.003  INFO tokio-runtime-worker substrate: 🏆 Imported #38 (0x7890…53a6 → 0x78c6…dff0)
2026-01-21 17:22:36.003  INFO tokio-runtime-worker txpool: maintain txs=(0, 0) a=1 i=3 views=[(38, 0, 0)] event=NewBestBlock { hash: 0x78c68f075584104891e70a33b749966649a94f4d3d311e90b62057852e71dff0, tree_route: None } duration=105.813µs
2026-01-21 17:22:36.332  INFO tokio-runtime-worker substrate: 💤 Idle (0 peers), best: #38 (0x78c6…dff0), finalized #35 (0xffbf…627e), ⬇ 0 ⬆ 0
2026-01-21 17:22:37.954  INFO tokio-runtime-worker txpool: maintain txs=(0, 0) a=1 i=2 views=[(38, 0, 0)] event=Finalized { hash: 0x5012dd0f738874540129780c925487b3bfdbc003807595ad3b89254290a249a0, tree_route: [] } duration=53.552µs
2026-01-21 17:22:41.332  INFO tokio-runtime-worker substrate: 💤 Idle (0 peers), best: #38 (0x78c6…dff0), finalized #36 (0x5012…49a0), ⬇ 0 ⬆ 0
2026-01-21 17:22:42.001  INFO tokio-runtime-worker sc_basic_authorship::basic_authorship: 🙌 Starting consensus session on top of parent 0x78c68f075584104891e70a33b749966649a94f4d3d311e90b62057852e71dff0 (#38)
2026-01-21 17:22:42.001 DEBUG tokio-runtime-worker runtime::executive: [39]: Block initialization weight consumption: Weight { ref_time: 1275050903, proof_size: 4190 }
2026-01-21 17:22:42.002  INFO tokio-runtime-worker pallet_block_production_log::pallet: 👷 Block 39 producer is ProBono(<wasm:stripped>)
2026-01-21 17:22:42.002 DEBUG tokio-runtime-worker runtime::system: [39] 3 extrinsics, length: 59 (normal 0%, op: 0%, mandatory 0%) / normal weight:Weight(ref_time: 0, proof_size: 0) (ref_time: 0%, proof_size: 0%) op weight Weight(ref_time: 0, proof_size: 0) (ref_time 0%, proof_size 0%) / mandatory weight Weight(ref_time: 2348054174, proof_size: 13385) (ref_time: 0%, proof_size: 0%)
2026-01-21 17:22:42.002  INFO tokio-runtime-worker sc_basic_authorship::basic_authorship: 🎁 Prepared block for proposing at 39 (1 ms) hash: 0x086b68294d6f8d95e3774ec664ae8d2b5708561e71692825ee5084c8af058330; parent_hash: 0x78c6…dff0; end: NoMoreTransactions; extrinsics_count: 3
2026-01-21 17:22:42.003  INFO tokio-runtime-worker aura: 🔖 Pre-sealed block for proposal at 39. Hash now 0x974668a815dbfefff0212dd06650eef858a22d5b948c60f3ceb681db96dba473, previously 0x086b68294d6f8d95e3774ec664ae8d2b5708561e71692825ee5084c8af058330.
2026-01-21 17:22:42.003  INFO tokio-runtime-worker substrate: 🏆 Imported #39 (0x78c6…dff0 → 0x9746…a473)
2026-01-21 17:22:42.003  INFO tokio-runtime-worker txpool: maintain txs=(0, 0) a=1 i=3 views=[(39, 0, 0)] event=NewBestBlock { hash: 0x974668a815dbfefff0212dd06650eef858a22d5b948c60f3ceb681db96dba473, tree_route: None } duration=138.797µs
2026-01-21 17:22:43.286  INFO tokio-runtime-worker txpool: maintain txs=(0, 0) a=1 i=2 views=[(39, 0, 0)] event=Finalized { hash: 0x7890548a02b71b8b9da70de8b74594682ecb2d145386b5063d35745f917c53a6, tree_route: [] } duration=78.366µs
2026-01-21 17:22:46.332  INFO tokio-runtime-worker substrate: 💤 Idle (0 peers), best: #39 (0x9746…a473), finalized #37 (0x7890…53a6), ⬇ 0 ⬆ 0
2026-01-21 17:22:48.001  INFO tokio-runtime-worker sc_basic_authorship::basic_authorship: 🙌 Starting consensus session on top of parent 0x974668a815dbfefff0212dd06650eef858a22d5b948c60f3ceb681db96dba473 (#39)
2026-01-21 17:22:48.002 DEBUG tokio-runtime-worker runtime::executive: [40]: Block initialization weight consumption: Weight { ref_time: 1275050903, proof_size: 4190 }
2026-01-21 17:22:48.003  INFO tokio-runtime-worker pallet_block_production_log::pallet: 👷 Block 40 producer is ProBono(<wasm:stripped>)
2026-01-21 17:22:48.003 DEBUG tokio-runtime-worker runtime::system: [40] 3 extrinsics, length: 59 (normal 0%, op: 0%, mandatory 0%) / normal weight:Weight(ref_time: 0, proof_size: 0) (ref_time: 0%, proof_size: 0%) op weight Weight(ref_time: 0, proof_size: 0) (ref_time 0%, proof_size 0%) / mandatory weight Weight(ref_time: 2348054174, proof_size: 13385) (ref_time: 0%, proof_size: 0%)
2026-01-21 17:22:48.004  INFO tokio-runtime-worker sc_basic_authorship::basic_authorship: 🎁 Prepared block for proposing at 40 (2 ms) hash: 0x908b5cec0f93254e251eb1ee6aca5ca70600269811b75a0ccd783a85ebbcea83; parent_hash: 0x9746…a473; end: NoMoreTransactions; extrinsics_count: 3
2026-01-21 17:22:48.005  INFO tokio-runtime-worker aura: 🔖 Pre-sealed block for proposal at 40. Hash now 0x649d57b1afa250e7cc7fa01c31d6ad9b9814209189667e46aa8db5902225a51f, previously 0x908b5cec0f93254e251eb1ee6aca5ca70600269811b75a0ccd783a85ebbcea83.
2026-01-21 17:22:48.006  INFO tokio-runtime-worker substrate: 🏆 Imported #40 (0x9746…a473 → 0x649d…a51f)
2026-01-21 17:22:48.006  INFO tokio-runtime-worker txpool: maintain txs=(0, 0) a=1 i=3 views=[(40, 0, 0)] event=NewBestBlock { hash: 0x649d57b1afa250e7cc7fa01c31d6ad9b9814209189667e46aa8db5902225a51f, tree_route: None } duration=286.759µs
2026-01-21 17:22:49.952  INFO tokio-runtime-worker txpool: maintain txs=(0, 0) a=1 i=2 views=[(40, 0, 0)] event=Finalized { hash: 0x78c68f075584104891e70a33b749966649a94f4d3d311e90b62057852e71dff0, tree_route: [] } duration=46.444µs
2026-01-21 17:22:51.332  INFO tokio-runtime-worker substrate: 💤 Idle (0 peers), best: #40 (0x649d…a51f), finalized #38 (0x78c6…dff0), ⬇ 0 ⬆ 0
2026-01-21 17:22:54.001  INFO tokio-runtime-worker sc_basic_authorship::basic_authorship: 🙌 Starting consensus session on top of parent 0x649d57b1afa250e7cc7fa01c31d6ad9b9814209189667e46aa8db5902225a51f (#40)
2026-01-21 17:22:54.001 DEBUG tokio-runtime-worker runtime::executive: [41]: Block initialization weight consumption: Weight { ref_time: 1275050903, proof_size: 4190 }
2026-01-21 17:22:54.002  INFO tokio-runtime-worker pallet_block_production_log::pallet: 👷 Block 41 producer is ProBono(<wasm:stripped>)
2026-01-21 17:22:54.002 DEBUG tokio-runtime-worker runtime::system: [41] 3 extrinsics, length: 59 (normal 0%, op: 0%, mandatory 0%) / normal weight:Weight(ref_time: 0, proof_size: 0) (ref_time: 0%, proof_size: 0%) op weight Weight(ref_time: 0, proof_size: 0) (ref_time 0%, proof_size 0%) / mandatory weight Weight(ref_time: 2348054174, proof_size: 13385) (ref_time: 0%, proof_size: 0%)
2026-01-21 17:22:54.002  INFO tokio-runtime-worker sc_basic_authorship::basic_authorship: 🎁 Prepared block for proposing at 41 (0 ms) hash: 0x1de8236ceea0ee855b30b90719b0dd6291d0ab2467e68fcacd4058b2b84b2804; parent_hash: 0x649d…a51f; end: NoMoreTransactions; extrinsics_count: 3
2026-01-21 17:22:54.003  INFO tokio-runtime-worker aura: 🔖 Pre-sealed block for proposal at 41. Hash now 0xc8b5ebc36960cd95f78309fcc3dbc0d2d725ad635b4056208dbc1b0d6c772b16, previously 0x1de8236ceea0ee855b30b90719b0dd6291d0ab2467e68fcacd4058b2b84b2804.
2026-01-21 17:22:54.003  INFO tokio-runtime-worker substrate: 🏆 Imported #41 (0x649d…a51f → 0xc8b5…2b16)
2026-01-21 17:22:54.003  INFO tokio-runtime-worker txpool: maintain txs=(0, 0) a=1 i=3 views=[(41, 0, 0)] event=NewBestBlock { hash: 0xc8b5ebc36960cd95f78309fcc3dbc0d2d725ad635b4056208dbc1b0d6c772b16, tree_route: None } duration=117.388µs
2026-01-21 17:22:55.285  INFO tokio-runtime-worker txpool: maintain txs=(0, 0) a=1 i=2 views=[(41, 0, 0)] event=Finalized { hash: 0x974668a815dbfefff0212dd06650eef858a22d5b948c60f3ceb681db96dba473, tree_route: [] } duration=48.294µs
2026-01-21 17:22:56.333  INFO tokio-runtime-worker substrate: 💤 Idle (0 peers), best: #41 (0xc8b5…2b16), finalized #39 (0x9746…a473), ⬇ 0 ⬆ 0
2026-01-21 17:23:00.000  INFO tokio-runtime-worker sc_basic_authorship::basic_authorship: 🙌 Starting consensus session on top of parent 0xc8b5ebc36960cd95f78309fcc3dbc0d2d725ad635b4056208dbc1b0d6c772b16 (#41)
2026-01-21 17:23:00.001 DEBUG tokio-runtime-worker runtime::executive: [42]: Block initialization weight consumption: Weight { ref_time: 1275050903, proof_size: 4190 }
2026-01-21 17:23:00.001  INFO tokio-runtime-worker pallet_block_production_log::pallet: 👷 Block 42 producer is ProBono(<wasm:stripped>)
2026-01-21 17:23:00.001 DEBUG tokio-runtime-worker runtime::system: [42] 3 extrinsics, length: 59 (normal 0%, op: 0%, mandatory 0%) / normal weight:Weight(ref_time: 0, proof_size: 0) (ref_time: 0%, proof_size: 0%) op weight Weight(ref_time: 0, proof_size: 0) (ref_time 0%, proof_size 0%) / mandatory weight Weight(ref_time: 2348054174, proof_size: 13385) (ref_time: 0%, proof_size: 0%)
2026-01-21 17:23:00.001  INFO tokio-runtime-worker sc_basic_authorship::basic_authorship: 🎁 Prepared block for proposing at 42 (1 ms) hash: 0x4cf92667ad6a9d86a7b22e1a19ef8d1ef2503ea7200f6d22ea01645a1c26f2a1; parent_hash: 0xc8b5…2b16; end: NoMoreTransactions; extrinsics_count: 3
2026-01-21 17:23:00.002  INFO tokio-runtime-worker aura: 🔖 Pre-sealed block for proposal at 42. Hash now 0x2215443c19e4fb080f160a5d516db23827bbb92ee7ee3301dfd50f6a136e5b89, previously 0x4cf92667ad6a9d86a7b22e1a19ef8d1ef2503ea7200f6d22ea01645a1c26f2a1.
2026-01-21 17:23:00.003  INFO tokio-runtime-worker txpool: maintain txs=(0, 0) a=1 i=3 views=[(42, 0, 0)] event=NewBestBlock { hash: 0x2215443c19e4fb080f160a5d516db23827bbb92ee7ee3301dfd50f6a136e5b89, tree_route: None } duration=105.151µs
2026-01-21 17:23:00.003  INFO tokio-runtime-worker substrate: 🏆 Imported #42 (0xc8b5…2b16 → 0x2215…5b89)
2026-01-21 17:23:01.333  INFO tokio-runtime-worker substrate: 💤 Idle (0 peers), best: #42 (0x2215…5b89), finalized #39 (0x9746…a473), ⬇ 0 ⬆ 0
2026-01-21 17:23:01.952  INFO tokio-runtime-worker txpool: maintain txs=(0, 0) a=1 i=2 views=[(42, 0, 0)] event=Finalized { hash: 0x649d57b1afa250e7cc7fa01c31d6ad9b9814209189667e46aa8db5902225a51f, tree_route: [] } duration=206.952µs
2026-01-21 17:23:06.000  INFO tokio-runtime-worker sc_basic_authorship::basic_authorship: 🙌 Starting consensus session on top of parent 0x2215443c19e4fb080f160a5d516db23827bbb92ee7ee3301dfd50f6a136e5b89 (#42)
2026-01-21 17:23:06.001 DEBUG tokio-runtime-worker runtime::executive: [43]: Block initialization weight consumption: Weight { ref_time: 1275050903, proof_size: 4190 }
2026-01-21 17:23:06.001  INFO tokio-runtime-worker pallet_block_production_log::pallet: 👷 Block 43 producer is ProBono(<wasm:stripped>)
2026-01-21 17:23:06.001 DEBUG tokio-runtime-worker runtime::system: [43] 3 extrinsics, length: 59 (normal 0%, op: 0%, mandatory 0%) / normal weight:Weight(ref_time: 0, proof_size: 0) (ref_time: 0%, proof_size: 0%) op weight Weight(ref_time: 0, proof_size: 0) (ref_time 0%, proof_size 0%) / mandatory weight Weight(ref_time: 2348054174, proof_size: 13385) (ref_time: 0%, proof_size: 0%)
2026-01-21 17:23:06.002  INFO tokio-runtime-worker sc_basic_authorship::basic_authorship: 🎁 Prepared block for proposing at 43 (1 ms) hash: 0x98c5b6ab3a9c38b6f6f143359bc05146a3f5f579b961354d60db2d08ec1fda1c; parent_hash: 0x2215…5b89; end: NoMoreTransactions; extrinsics_count: 3
2026-01-21 17:23:06.002  INFO tokio-runtime-worker aura: 🔖 Pre-sealed block for proposal at 43. Hash now 0x145c295adb43cf2fa213803877a5f5bfcb25695003afd4ce208e86afd22ec685, previously 0x98c5b6ab3a9c38b6f6f143359bc05146a3f5f579b961354d60db2d08ec1fda1c.
2026-01-21 17:23:06.003  INFO tokio-runtime-worker txpool: maintain txs=(0, 0) a=1 i=3 views=[(43, 0, 0)] event=NewBestBlock { hash: 0x145c295adb43cf2fa213803877a5f5bfcb25695003afd4ce208e86afd22ec685, tree_route: None } duration=104.444µs
2026-01-21 17:23:06.003  INFO tokio-runtime-worker substrate: 🏆 Imported #43 (0x2215…5b89 → 0x145c…c685)
2026-01-21 17:23:06.334  INFO tokio-runtime-worker substrate: 💤 Idle (0 peers), best: #43 (0x145c…c685), finalized #40 (0x649d…a51f), ⬇ 0 ⬆ 0
2026-01-21 17:23:07.284  INFO tokio-runtime-worker txpool: maintain txs=(0, 0) a=1 i=2 views=[(43, 0, 0)] event=Finalized { hash: 0xc8b5ebc36960cd95f78309fcc3dbc0d2d725ad635b4056208dbc1b0d6c772b16, tree_route: [] } duration=46.279µs
2026-01-21 17:23:11.334  INFO tokio-runtime-worker substrate: 💤 Idle (0 peers), best: #43 (0x145c…c685), finalized #41 (0xc8b5…2b16), ⬇ 0 ⬆ 0
2026-01-21 17:23:12.000  INFO tokio-runtime-worker sc_basic_authorship::basic_authorship: 🙌 Starting consensus session on top of parent 0x145c295adb43cf2fa213803877a5f5bfcb25695003afd4ce208e86afd22ec685 (#43)
2026-01-21 17:23:12.001 DEBUG tokio-runtime-worker runtime::executive: [44]: Block initialization weight consumption: Weight { ref_time: 1275050903, proof_size: 4190 }
2026-01-21 17:23:12.001  INFO tokio-runtime-worker pallet_block_production_log::pallet: 👷 Block 44 producer is ProBono(<wasm:stripped>)
2026-01-21 17:23:12.001 DEBUG tokio-runtime-worker runtime::system: [44] 3 extrinsics, length: 59 (normal 0%, op: 0%, mandatory 0%) / normal weight:Weight(ref_time: 0, proof_size: 0) (ref_time: 0%, proof_size: 0%) op weight Weight(ref_time: 0, proof_size: 0) (ref_time 0%, proof_size 0%) / mandatory weight Weight(ref_time: 2348054174, proof_size: 13385) (ref_time: 0%, proof_size: 0%)
2026-01-21 17:23:12.001  INFO tokio-runtime-worker sc_basic_authorship::basic_authorship: 🎁 Prepared block for proposing at 44 (0 ms) hash: 0x3098d3dd19a08351efe231370a4aac2eef86b02e171c1a975df500da3e4f478d; parent_hash: 0x145c…c685; end: NoMoreTransactions; extrinsics_count: 3
2026-01-21 17:23:12.002  INFO tokio-runtime-worker aura: 🔖 Pre-sealed block for proposal at 44. Hash now 0xa3a4ca70689668b7783064c4cc70399eb8a4ca9734f2ace754a566a3a58b343e, previously 0x3098d3dd19a08351efe231370a4aac2eef86b02e171c1a975df500da3e4f478d.
2026-01-21 17:23:12.002  INFO tokio-runtime-worker substrate: 🏆 Imported #44 (0x145c…c685 → 0xa3a4…343e)
2026-01-21 17:23:12.002  INFO tokio-runtime-worker txpool: maintain txs=(0, 0) a=1 i=3 views=[(44, 0, 0)] event=NewBestBlock { hash: 0xa3a4ca70689668b7783064c4cc70399eb8a4ca9734f2ace754a566a3a58b343e, tree_route: None } duration=104.904µs
2026-01-21 17:23:13.950  INFO tokio-runtime-worker txpool: maintain txs=(0, 0) a=1 i=2 views=[(44, 0, 0)] event=Finalized { hash: 0x2215443c19e4fb080f160a5d516db23827bbb92ee7ee3301dfd50f6a136e5b89, tree_route: [] } duration=44.232µs
2026-01-21 17:23:16.334  INFO tokio-runtime-worker substrate: 💤 Idle (0 peers), best: #44 (0xa3a4…343e), finalized #42 (0x2215…5b89), ⬇ 0 ⬆ 0
2026-01-21 17:23:18.001  INFO tokio-runtime-worker sc_basic_authorship::basic_authorship: 🙌 Starting consensus session on top of parent 0xa3a4ca70689668b7783064c4cc70399eb8a4ca9734f2ace754a566a3a58b343e (#44)
2026-01-21 17:23:18.001 DEBUG tokio-runtime-worker runtime::executive: [45]: Block initialization weight consumption: Weight { ref_time: 1275050903, proof_size: 4190 }
2026-01-21 17:23:18.002  INFO tokio-runtime-worker pallet_block_production_log::pallet: 👷 Block 45 producer is ProBono(<wasm:stripped>)
2026-01-21 17:23:18.002 DEBUG tokio-runtime-worker runtime::system: [45] 3 extrinsics, length: 59 (normal 0%, op: 0%, mandatory 0%) / normal weight:Weight(ref_time: 0, proof_size: 0) (ref_time: 0%, proof_size: 0%) op weight Weight(ref_time: 0, proof_size: 0) (ref_time 0%, proof_size 0%) / mandatory weight Weight(ref_time: 2348054174, proof_size: 13385) (ref_time: 0%, proof_size: 0%)
2026-01-21 17:23:18.002  INFO tokio-runtime-worker sc_basic_authorship::basic_authorship: 🎁 Prepared block for proposing at 45 (1 ms) hash: 0x1caebba3c510fa18fc1c64e4f0aaa7eee81d14e3ecfed2ba465f18e9a7328c87; parent_hash: 0xa3a4…343e; end: NoMoreTransactions; extrinsics_count: 3
2026-01-21 17:23:18.003  INFO tokio-runtime-worker aura: 🔖 Pre-sealed block for proposal at 45. Hash now 0xbd7f7f1b6f78ba8b25b82b254150dd49eb358402b03c21807b58a90f517e1370, previously 0x1caebba3c510fa18fc1c64e4f0aaa7eee81d14e3ecfed2ba465f18e9a7328c87.
2026-01-21 17:23:18.003  INFO tokio-runtime-worker substrate: 🏆 Imported #45 (0xa3a4…343e → 0xbd7f…1370)
2026-01-21 17:23:18.003  INFO tokio-runtime-worker txpool: maintain txs=(0, 0) a=1 i=3 views=[(45, 0, 0)] event=NewBestBlock { hash: 0xbd7f7f1b6f78ba8b25b82b254150dd49eb358402b03c21807b58a90f517e1370, tree_route: None } duration=88.755µs
2026-01-21 17:23:19.283  INFO tokio-runtime-worker txpool: maintain txs=(0, 0) a=1 i=2 views=[(45, 0, 0)] event=Finalized { hash: 0x145c295adb43cf2fa213803877a5f5bfcb25695003afd4ce208e86afd22ec685, tree_route: [] } duration=47.583µs
2026-01-21 17:23:21.334  INFO tokio-runtime-worker substrate: 💤 Idle (0 peers), best: #45 (0xbd7f…1370), finalized #43 (0x145c…c685), ⬇ 0 ⬆ 0
2026-01-21 17:23:24.001  INFO tokio-runtime-worker sc_basic_authorship::basic_authorship: 🙌 Starting consensus session on top of parent 0xbd7f7f1b6f78ba8b25b82b254150dd49eb358402b03c21807b58a90f517e1370 (#45)
2026-01-21 17:23:24.001 DEBUG tokio-runtime-worker runtime::executive: [46]: Block initialization weight consumption: Weight { ref_time: 1275050903, proof_size: 4190 }
2026-01-21 17:23:24.002  INFO tokio-runtime-worker pallet_block_production_log::pallet: 👷 Block 46 producer is ProBono(<wasm:stripped>)
2026-01-21 17:23:24.002 DEBUG tokio-runtime-worker runtime::system: [46] 3 extrinsics, length: 59 (normal 0%, op: 0%, mandatory 0%) / normal weight:Weight(ref_time: 0, proof_size: 0) (ref_time: 0%, proof_size: 0%) op weight Weight(ref_time: 0, proof_size: 0) (ref_time 0%, proof_size 0%) / mandatory weight Weight(ref_time: 2348054174, proof_size: 13385) (ref_time: 0%, proof_size: 0%)
2026-01-21 17:23:24.002  INFO tokio-runtime-worker sc_basic_authorship::basic_authorship: 🎁 Prepared block for proposing at 46 (0 ms) hash: 0x2c422776ad6add5f765264c331f853227912ebeceb9a477f327a4fa1a2200d3d; parent_hash: 0xbd7f…1370; end: NoMoreTransactions; extrinsics_count: 3
2026-01-21 17:23:24.003  INFO tokio-runtime-worker aura: 🔖 Pre-sealed block for proposal at 46. Hash now 0xb54d927a70ea8d6cc135fb64a6ff59a254648bdee09e5f61aad3ae37287bfaf7, previously 0x2c422776ad6add5f765264c331f853227912ebeceb9a477f327a4fa1a2200d3d.
2026-01-21 17:23:24.003  INFO tokio-runtime-worker substrate: 🏆 Imported #46 (0xbd7f…1370 → 0xb54d…faf7)
2026-01-21 17:23:24.003  INFO tokio-runtime-worker txpool: maintain txs=(0, 0) a=1 i=3 views=[(46, 0, 0)] event=NewBestBlock { hash: 0xb54d927a70ea8d6cc135fb64a6ff59a254648bdee09e5f61aad3ae37287bfaf7, tree_route: None } duration=187.006µs
2026-01-21 17:23:25.949  INFO tokio-runtime-worker txpool: maintain txs=(0, 0) a=1 i=2 views=[(46, 0, 0)] event=Finalized { hash: 0xa3a4ca70689668b7783064c4cc70399eb8a4ca9734f2ace754a566a3a58b343e, tree_route: [] } duration=43.975µs
2026-01-21 17:23:26.335  INFO tokio-runtime-worker substrate: 💤 Idle (0 peers), best: #46 (0xb54d…faf7), finalized #44 (0xa3a4…343e), ⬇ 0 ⬆ 0
2026-01-21 17:23:30.001  INFO tokio-runtime-worker sc_basic_authorship::basic_authorship: 🙌 Starting consensus session on top of parent 0xb54d927a70ea8d6cc135fb64a6ff59a254648bdee09e5f61aad3ae37287bfaf7 (#46)
2026-01-21 17:23:30.001 DEBUG tokio-runtime-worker runtime::executive: [47]: Block initialization weight consumption: Weight { ref_time: 1275050903, proof_size: 4190 }
2026-01-21 17:23:30.002  INFO tokio-runtime-worker pallet_block_production_log::pallet: 👷 Block 47 producer is ProBono(<wasm:stripped>)
2026-01-21 17:23:30.002 DEBUG tokio-runtime-worker runtime::system: [47] 3 extrinsics, length: 59 (normal 0%, op: 0%, mandatory 0%) / normal weight:Weight(ref_time: 0, proof_size: 0) (ref_time: 0%, proof_size: 0%) op weight Weight(ref_time: 0, proof_size: 0) (ref_time 0%, proof_size 0%) / mandatory weight Weight(ref_time: 2348054174, proof_size: 13385) (ref_time: 0%, proof_size: 0%)
2026-01-21 17:23:30.002  INFO tokio-runtime-worker sc_basic_authorship::basic_authorship: 🎁 Prepared block for proposing at 47 (0 ms) hash: 0xfef7d764e17e59eaf266b08ad0c43e5e0dc768f1f64c029d1b201f10fcb17a60; parent_hash: 0xb54d…faf7; end: NoMoreTransactions; extrinsics_count: 3
2026-01-21 17:23:30.003  INFO tokio-runtime-worker aura: 🔖 Pre-sealed block for proposal at 47. Hash now 0x6ac01dc5a171ac7fa5fd0730e333b7eb83999b7ed2a5a670cab4da63a88a1c95, previously 0xfef7d764e17e59eaf266b08ad0c43e5e0dc768f1f64c029d1b201f10fcb17a60.
2026-01-21 17:23:30.003  INFO tokio-runtime-worker substrate: 🏆 Imported #47 (0xb54d…faf7 → 0x6ac0…1c95)
2026-01-21 17:23:30.004  INFO tokio-runtime-worker txpool: maintain txs=(0, 0) a=1 i=3 views=[(47, 0, 0)] event=NewBestBlock { hash: 0x6ac01dc5a171ac7fa5fd0730e333b7eb83999b7ed2a5a670cab4da63a88a1c95, tree_route: None } duration=354.496µs
2026-01-21 17:23:31.282  INFO tokio-runtime-worker txpool: maintain txs=(0, 0) a=1 i=2 views=[(47, 0, 0)] event=Finalized { hash: 0xbd7f7f1b6f78ba8b25b82b254150dd49eb358402b03c21807b58a90f517e1370, tree_route: [] } duration=118.361µs
2026-01-21 17:23:31.335  INFO tokio-runtime-worker substrate: 💤 Idle (0 peers), best: #47 (0x6ac0…1c95), finalized #45 (0xbd7f…1370), ⬇ 0 ⬆ 0
2026-01-21 17:23:36.001  INFO tokio-runtime-worker sc_basic_authorship::basic_authorship: 🙌 Starting consensus session on top of parent 0x6ac01dc5a171ac7fa5fd0730e333b7eb83999b7ed2a5a670cab4da63a88a1c95 (#47)
2026-01-21 17:23:36.001 DEBUG tokio-runtime-worker runtime::executive: [48]: Block initialization weight consumption: Weight { ref_time: 1275050903, proof_size: 4190 }
2026-01-21 17:23:36.002  INFO tokio-runtime-worker pallet_block_production_log::pallet: 👷 Block 48 producer is ProBono(<wasm:stripped>)
2026-01-21 17:23:36.002 DEBUG tokio-runtime-worker runtime::system: [48] 3 extrinsics, length: 59 (normal 0%, op: 0%, mandatory 0%) / normal weight:Weight(ref_time: 0, proof_size: 0) (ref_time: 0%, proof_size: 0%) op weight Weight(ref_time: 0, proof_size: 0) (ref_time 0%, proof_size 0%) / mandatory weight Weight(ref_time: 2348054174, proof_size: 13385) (ref_time: 0%, proof_size: 0%)
2026-01-21 17:23:36.002  INFO tokio-runtime-worker sc_basic_authorship::basic_authorship: 🎁 Prepared block for proposing at 48 (0 ms) hash: 0x9a6fbdeae4ea2c7752a7ebd75dfcc738d89785e946b83d08d144d54af3820e50; parent_hash: 0x6ac0…1c95; end: NoMoreTransactions; extrinsics_count: 3
2026-01-21 17:23:36.003  INFO tokio-runtime-worker aura: 🔖 Pre-sealed block for proposal at 48. Hash now 0xfd135a3d1c3f584c76c7dbc981525d6b40f321de03b601cc8fe30dee039b24c5, previously 0x9a6fbdeae4ea2c7752a7ebd75dfcc738d89785e946b83d08d144d54af3820e50.
2026-01-21 17:23:36.003  INFO tokio-runtime-worker substrate: 🏆 Imported #48 (0x6ac0…1c95 → 0xfd13…24c5)
2026-01-21 17:23:36.003  INFO tokio-runtime-worker txpool: maintain txs=(0, 0) a=1 i=3 views=[(48, 0, 0)] event=NewBestBlock { hash: 0xfd135a3d1c3f584c76c7dbc981525d6b40f321de03b601cc8fe30dee039b24c5, tree_route: None } duration=241.856µs
2026-01-21 17:23:36.335  INFO tokio-runtime-worker substrate: 💤 Idle (0 peers), best: #48 (0xfd13…24c5), finalized #45 (0xbd7f…1370), ⬇ 0 ⬆ 0
2026-01-21 17:23:37.947  INFO tokio-runtime-worker txpool: maintain txs=(0, 0) a=1 i=2 views=[(48, 0, 0)] event=Finalized { hash: 0xb54d927a70ea8d6cc135fb64a6ff59a254648bdee09e5f61aad3ae37287bfaf7, tree_route: [] } duration=42.976µs
2026-01-21 17:23:41.335  INFO tokio-runtime-worker substrate: 💤 Idle (0 peers), best: #48 (0xfd13…24c5), finalized #46 (0xb54d…faf7), ⬇ 0 ⬆ 0
2026-01-21 17:23:42.001  INFO tokio-runtime-worker sc_basic_authorship::basic_authorship: 🙌 Starting consensus session on top of parent 0xfd135a3d1c3f584c76c7dbc981525d6b40f321de03b601cc8fe30dee039b24c5 (#48)
2026-01-21 17:23:42.001 DEBUG tokio-runtime-worker runtime::executive: [49]: Block initialization weight consumption: Weight { ref_time: 1275050903, proof_size: 4190 }
2026-01-21 17:23:42.003  INFO tokio-runtime-worker pallet_block_production_log::pallet: 👷 Block 49 producer is ProBono(<wasm:stripped>)
2026-01-21 17:23:42.003 DEBUG tokio-runtime-worker runtime::system: [49] 4 extrinsics, length: 40421 (normal 1%, op: 0%, mandatory 0%) / normal weight:Weight(ref_time: 100000000000, proof_size: 81032) (ref_time: 6%, proof_size: 0%) op weight Weight(ref_time: 0, proof_size: 0) (ref_time 0%, proof_size 0%) / mandatory weight Weight(ref_time: 2348054174, proof_size: 13385) (ref_time: 0%, proof_size: 0%)
2026-01-21 17:23:42.004  INFO tokio-runtime-worker sc_basic_authorship::basic_authorship: 🎁 Prepared block for proposing at 49 (2 ms) hash: 0x3e2de96e5cddb3b1f8623be5ca3eb17a38f8971a2f2e6012957b65b18139cf50; parent_hash: 0xfd13…24c5; end: NoMoreTransactions; extrinsics_count: 4
2026-01-21 17:23:42.005  INFO tokio-runtime-worker aura: 🔖 Pre-sealed block for proposal at 49. Hash now 0xcb060075d6228608003f7d9338b864145e2f9b4121ad9c0c8f50f37437d6aa1a, previously 0x3e2de96e5cddb3b1f8623be5ca3eb17a38f8971a2f2e6012957b65b18139cf50.
2026-01-21 17:23:42.005  INFO tokio-runtime-worker substrate: 🏆 Imported #49 (0xfd13…24c5 → 0xcb06…aa1a)
2026-01-21 17:23:42.006  INFO tokio-runtime-worker txpool: maintain txs=(1, 0) a=1 i=3 views=[(49, 0, 0)] event=NewBestBlock { hash: 0xcb060075d6228608003f7d9338b864145e2f9b4121ad9c0c8f50f37437d6aa1a, tree_route: None } duration=746.785µs
2026-01-21 17:23:43.280  INFO tokio-runtime-worker txpool: maintain txs=(1, 0) a=1 i=2 views=[(49, 0, 0)] event=Finalized { hash: 0x6ac01dc5a171ac7fa5fd0730e333b7eb83999b7ed2a5a670cab4da63a88a1c95, tree_route: [] } duration=131.448µs
2026-01-21 17:23:46.336  INFO tokio-runtime-worker substrate: 💤 Idle (0 peers), best: #49 (0xcb06…aa1a), finalized #47 (0x6ac0…1c95), ⬇ 0 ⬆ 0
2026-01-21 17:23:48.000  INFO tokio-runtime-worker sc_basic_authorship::basic_authorship: 🙌 Starting consensus session on top of parent 0xcb060075d6228608003f7d9338b864145e2f9b4121ad9c0c8f50f37437d6aa1a (#49)
2026-01-21 17:23:48.001 DEBUG tokio-runtime-worker runtime::executive: [50]: Block initialization weight consumption: Weight { ref_time: 1275050903, proof_size: 4190 }
2026-01-21 17:23:48.001  INFO tokio-runtime-worker pallet_block_production_log::pallet: 👷 Block 50 producer is ProBono(<wasm:stripped>)
2026-01-21 17:23:48.001 DEBUG tokio-runtime-worker runtime::system: [50] 3 extrinsics, length: 59 (normal 0%, op: 0%, mandatory 0%) / normal weight:Weight(ref_time: 0, proof_size: 0) (ref_time: 0%, proof_size: 0%) op weight Weight(ref_time: 0, proof_size: 0) (ref_time 0%, proof_size 0%) / mandatory weight Weight(ref_time: 2348054174, proof_size: 13385) (ref_time: 0%, proof_size: 0%)
2026-01-21 17:23:48.001  INFO tokio-runtime-worker sc_basic_authorship::basic_authorship: 🎁 Prepared block for proposing at 50 (0 ms) hash: 0x7d30ca6394e390e801546c1544957f3fe86967324f4e4d884056b4a7cf74273d; parent_hash: 0xcb06…aa1a; end: NoMoreTransactions; extrinsics_count: 3
2026-01-21 17:23:48.002  INFO tokio-runtime-worker aura: 🔖 Pre-sealed block for proposal at 50. Hash now 0x18d035609560a36f23ca4d2c1c35e81ff081212897df3807e456516a3f88034e, previously 0x7d30ca6394e390e801546c1544957f3fe86967324f4e4d884056b4a7cf74273d.
2026-01-21 17:23:48.003  INFO tokio-runtime-worker substrate: 🏆 Imported #50 (0xcb06…aa1a → 0x18d0…034e)
2026-01-21 17:23:48.003  INFO tokio-runtime-worker txpool: maintain txs=(1, 0) a=1 i=3 views=[(50, 0, 0)] event=NewBestBlock { hash: 0x18d035609560a36f23ca4d2c1c35e81ff081212897df3807e456516a3f88034e, tree_route: None } duration=139.873µs
2026-01-21 17:23:49.946  INFO tokio-runtime-worker txpool: maintain txs=(1, 0) a=1 i=2 views=[(50, 0, 0)] event=Finalized { hash: 0xfd135a3d1c3f584c76c7dbc981525d6b40f321de03b601cc8fe30dee039b24c5, tree_route: [] } duration=47.365µs
2026-01-21 17:23:51.336  INFO tokio-runtime-worker substrate: 💤 Idle (0 peers), best: #50 (0x18d0…034e), finalized #48 (0xfd13…24c5), ⬇ 0 ⬆ 0
2026-01-21 17:23:54.000  INFO tokio-runtime-worker sc_basic_authorship::basic_authorship: 🙌 Starting consensus session on top of parent 0x18d035609560a36f23ca4d2c1c35e81ff081212897df3807e456516a3f88034e (#50)
2026-01-21 17:23:54.001 DEBUG tokio-runtime-worker runtime::executive: [51]: Block initialization weight consumption: Weight { ref_time: 1275050903, proof_size: 4190 }
2026-01-21 17:23:54.001  INFO tokio-runtime-worker pallet_block_production_log::pallet: 👷 Block 51 producer is ProBono(<wasm:stripped>)
2026-01-21 17:23:54.001 DEBUG tokio-runtime-worker runtime::system: [51] 3 extrinsics, length: 59 (normal 0%, op: 0%, mandatory 0%) / normal weight:Weight(ref_time: 0, proof_size: 0) (ref_time: 0%, proof_size: 0%) op weight Weight(ref_time: 0, proof_size: 0) (ref_time 0%, proof_size 0%) / mandatory weight Weight(ref_time: 2348054174, proof_size: 13385) (ref_time: 0%, proof_size: 0%)
2026-01-21 17:23:54.001  INFO tokio-runtime-worker sc_basic_authorship::basic_authorship: 🎁 Prepared block for proposing at 51 (0 ms) hash: 0x7f2472b92361d549b9ebdb2621142e6625155311f0c6926f169d0ea69740c503; parent_hash: 0x18d0…034e; end: NoMoreTransactions; extrinsics_count: 3
2026-01-21 17:23:54.002  INFO tokio-runtime-worker aura: 🔖 Pre-sealed block for proposal at 51. Hash now 0x5865c4fafa9567a7eb89eec70c2fc55b396aac4fe0ce6c65a86f063fde2a7f23, previously 0x7f2472b92361d549b9ebdb2621142e6625155311f0c6926f169d0ea69740c503.
2026-01-21 17:23:54.002  INFO tokio-runtime-worker substrate: 🏆 Imported #51 (0x18d0…034e → 0x5865…7f23)
2026-01-21 17:23:54.002  INFO tokio-runtime-worker txpool: maintain txs=(1, 0) a=1 i=3 views=[(51, 0, 0)] event=NewBestBlock { hash: 0x5865c4fafa9567a7eb89eec70c2fc55b396aac4fe0ce6c65a86f063fde2a7f23, tree_route: None } duration=107.115µs
2026-01-21 17:23:55.280  INFO tokio-runtime-worker txpool: maintain txs=(0, 0) a=1 i=2 views=[(51, 0, 0)] event=Finalized { hash: 0xcb060075d6228608003f7d9338b864145e2f9b4121ad9c0c8f50f37437d6aa1a, tree_route: [] } duration=566.341µs
2026-01-21 17:23:56.336  INFO tokio-runtime-worker substrate: 💤 Idle (0 peers), best: #51 (0x5865…7f23), finalized #49 (0xcb06…aa1a), ⬇ 0 ⬆ 0
2026-01-21 17:24:00.001  INFO tokio-runtime-worker sc_basic_authorship::basic_authorship: 🙌 Starting consensus session on top of parent 0x5865c4fafa9567a7eb89eec70c2fc55b396aac4fe0ce6c65a86f063fde2a7f23 (#51)
2026-01-21 17:24:00.001  INFO tokio-runtime-worker pallet_sidechain::pallet: ⏳ New epoch 4913879 starting at block 52
2026-01-21 17:24:00.001  INFO tokio-runtime-worker pallet_session_validator_management::session_manager: End session 0
2026-01-21 17:24:00.001  INFO tokio-runtime-worker pallet_session_validator_management::session_manager: New session 1
2026-01-21 17:24:00.001  INFO tokio-runtime-worker pallet_session_validator_management::pallet: Committee rotated: Returning 32 validators, stored in epoch 4913879
2026-01-21 17:24:00.001  INFO tokio-runtime-worker pallet_session_validator_management::session_manager: Start session 1, epoch 4913879
2026-01-21 17:24:00.001 DEBUG tokio-runtime-worker runtime::executive: [52]: Block initialization weight consumption: Weight { ref_time: 2001375050903, proof_size: 18446744073709551615 }
2026-01-21 17:24:00.001  INFO tokio-runtime-worker authority_selection_inherents::select_authorities: 💼 Selected committee of 32 seats for epoch 4913880 from 1 permissioned and 0 registered candidates
2026-01-21 17:24:00.001  INFO tokio-runtime-worker pallet_session_validator_management::pallet: 💼 Storing committee of size 32 for epoch 4913880, input data hash: 0xf7173f6ae106bc42ae05f93f6fc039fce4bd42ad86638afa6dc4826b37848bb0
2026-01-21 17:24:00.002  INFO tokio-runtime-worker pallet_block_participation::pallet: 🧾 Processing block participation data up to slot 294832740.
2026-01-21 17:24:00.002  INFO tokio-runtime-worker partner_chains_demo_runtime::test_helper_pallet::pallet: 📊 Block participation inherent data released
2026-01-21 17:24:00.002  INFO tokio-runtime-worker pallet_block_production_log::pallet: 👷 Block 52 producer is ProBono(<wasm:stripped>)
2026-01-21 17:24:00.002 DEBUG tokio-runtime-worker runtime::system: [52] 6 extrinsics, length: 3313 (normal 0%, op: 0%, mandatory 0%) / normal weight:Weight(ref_time: 0, proof_size: 0) (ref_time: 0%, proof_size: 0%) op weight Weight(ref_time: 0, proof_size: 0) (ref_time 0%, proof_size 0%) / mandatory weight Weight(ref_time: 2002937421453, proof_size: 18446744073709551615) (ref_time: 0%, proof_size: 100%)
2026-01-21 17:24:00.002  INFO tokio-runtime-worker sc_basic_authorship::basic_authorship: 🎁 Prepared block for proposing at 52 (1 ms) hash: 0xc471e521c3f9f8715f212f3939a195d6b1e393f035ddf08c72ce1280bb8b4db0; parent_hash: 0x5865…7f23; end: NoMoreTransactions; extrinsics_count: 6
2026-01-21 17:24:00.003  INFO tokio-runtime-worker aura: 🔖 Pre-sealed block for proposal at 52. Hash now 0xa276feabb0662f09073fb2101f934ce6a45e2f731ebbf3526488bf7de9a5641d, previously 0xc471e521c3f9f8715f212f3939a195d6b1e393f035ddf08c72ce1280bb8b4db0.
2026-01-21 17:24:00.003  INFO tokio-runtime-worker substrate: 🏆 Imported #52 (0x5865…7f23 → 0xa276…641d)
2026-01-21 17:24:00.003  INFO tokio-runtime-worker txpool: maintain txs=(0, 0) a=1 i=3 views=[(52, 0, 0)] event=NewBestBlock { hash: 0xa276feabb0662f09073fb2101f934ce6a45e2f731ebbf3526488bf7de9a5641d, tree_route: None } duration=101.105µs
2026-01-21 17:24:01.337  INFO tokio-runtime-worker substrate: 💤 Idle (0 peers), best: #52 (0xa276…641d), finalized #49 (0xcb06…aa1a), ⬇ 0 ⬆ 0
2026-01-21 17:24:01.945  INFO tokio-runtime-worker txpool: maintain txs=(0, 0) a=1 i=2 views=[(52, 0, 0)] event=Finalized { hash: 0x18d035609560a36f23ca4d2c1c35e81ff081212897df3807e456516a3f88034e, tree_route: [] } duration=89.52µs
2026-01-21 17:24:06.001  INFO tokio-runtime-worker sc_basic_authorship::basic_authorship: 🙌 Starting consensus session on top of parent 0xa276feabb0662f09073fb2101f934ce6a45e2f731ebbf3526488bf7de9a5641d (#52)
2026-01-21 17:24:06.001 DEBUG tokio-runtime-worker runtime::executive: [53]: Block initialization weight consumption: Weight { ref_time: 1275050903, proof_size: 4190 }
2026-01-21 17:24:06.002  INFO tokio-runtime-worker pallet_block_production_log::pallet: 👷 Block 53 producer is ProBono(<wasm:stripped>)
2026-01-21 17:24:06.002 DEBUG tokio-runtime-worker runtime::system: [53] 3 extrinsics, length: 59 (normal 0%, op: 0%, mandatory 0%) / normal weight:Weight(ref_time: 0, proof_size: 0) (ref_time: 0%, proof_size: 0%) op weight Weight(ref_time: 0, proof_size: 0) (ref_time 0%, proof_size 0%) / mandatory weight Weight(ref_time: 2348054174, proof_size: 13385) (ref_time: 0%, proof_size: 0%)
2026-01-21 17:24:06.002  INFO tokio-runtime-worker sc_basic_authorship::basic_authorship: 🎁 Prepared block for proposing at 53 (0 ms) hash: 0xf7b77241d2867e706d9ad6db95b5447dc710b4901af6d7d4a7d60a6bc9db9f24; parent_hash: 0xa276…641d; end: NoMoreTransactions; extrinsics_count: 3
2026-01-21 17:24:06.003  INFO tokio-runtime-worker aura: 🔖 Pre-sealed block for proposal at 53. Hash now 0xc3d15a13a29cd8400308d56103264d89780598225a48a1ad9dafbbb12dcfc943, previously 0xf7b77241d2867e706d9ad6db95b5447dc710b4901af6d7d4a7d60a6bc9db9f24.
2026-01-21 17:24:06.004  INFO tokio-runtime-worker txpool: maintain txs=(0, 0) a=1 i=3 views=[(53, 0, 0)] event=NewBestBlock { hash: 0xc3d15a13a29cd8400308d56103264d89780598225a48a1ad9dafbbb12dcfc943, tree_route: None } duration=87.981µs
2026-01-21 17:24:06.004  INFO tokio-runtime-worker substrate: 🏆 Imported #53 (0xa276…641d → 0xc3d1…c943)
2026-01-21 17:24:06.337  INFO tokio-runtime-worker substrate: 💤 Idle (0 peers), best: #53 (0xc3d1…c943), finalized #50 (0x18d0…034e), ⬇ 0 ⬆ 0
2026-01-21 17:24:07.278  INFO tokio-runtime-worker txpool: maintain txs=(0, 0) a=1 i=2 views=[(53, 0, 0)] event=Finalized { hash: 0x5865c4fafa9567a7eb89eec70c2fc55b396aac4fe0ce6c65a86f063fde2a7f23, tree_route: [] } duration=82.476µs
2026-01-21 17:24:11.337  INFO tokio-runtime-worker substrate: 💤 Idle (0 peers), best: #53 (0xc3d1…c943), finalized #51 (0x5865…7f23), ⬇ 0 ⬆ 0
2026-01-21 17:24:12.001  INFO tokio-runtime-worker sc_basic_authorship::basic_authorship: 🙌 Starting consensus session on top of parent 0xc3d15a13a29cd8400308d56103264d89780598225a48a1ad9dafbbb12dcfc943 (#53)
2026-01-21 17:24:12.001 DEBUG tokio-runtime-worker runtime::executive: [54]: Block initialization weight consumption: Weight { ref_time: 1275050903, proof_size: 4190 }
2026-01-21 17:24:12.002  INFO tokio-runtime-worker pallet_block_production_log::pallet: 👷 Block 54 producer is ProBono(<wasm:stripped>)
2026-01-21 17:24:12.002 DEBUG tokio-runtime-worker runtime::system: [54] 3 extrinsics, length: 59 (normal 0%, op: 0%, mandatory 0%) / normal weight:Weight(ref_time: 0, proof_size: 0) (ref_time: 0%, proof_size: 0%) op weight Weight(ref_time: 0, proof_size: 0) (ref_time 0%, proof_size 0%) / mandatory weight Weight(ref_time: 2348054174, proof_size: 13385) (ref_time: 0%, proof_size: 0%)
2026-01-21 17:24:12.002  INFO tokio-runtime-worker sc_basic_authorship::basic_authorship: 🎁 Prepared block for proposing at 54 (1 ms) hash: 0x5e1a7c45cce652ee6eae6d11172c45b303b5c1b0fcde1270d46e0186ceac3be6; parent_hash: 0xc3d1…c943; end: NoMoreTransactions; extrinsics_count: 3
2026-01-21 17:24:12.003  INFO tokio-runtime-worker aura: 🔖 Pre-sealed block for proposal at 54. Hash now 0x9f86bd78bbdfc579c832b16ed1e5262a1ba5ffbcf4f5b926401dac406097339d, previously 0x5e1a7c45cce652ee6eae6d11172c45b303b5c1b0fcde1270d46e0186ceac3be6.
2026-01-21 17:24:12.003  INFO tokio-runtime-worker substrate: 🏆 Imported #54 (0xc3d1…c943 → 0x9f86…339d)
2026-01-21 17:24:12.003  INFO tokio-runtime-worker txpool: maintain txs=(0, 0) a=1 i=3 views=[(54, 0, 0)] event=NewBestBlock { hash: 0x9f86bd78bbdfc579c832b16ed1e5262a1ba5ffbcf4f5b926401dac406097339d, tree_route: None } duration=102.804µs
2026-01-21 17:24:13.944  INFO tokio-runtime-worker grandpa: 👴 Applying authority set change scheduled at block #52
2026-01-21 17:24:13.944  INFO tokio-runtime-worker grandpa: 👴 Applying GRANDPA set change to new set with 32 authorities
2026-01-21 17:24:13.945  INFO tokio-runtime-worker txpool: maintain txs=(0, 0) a=1 i=2 views=[(54, 0, 0)] event=Finalized { hash: 0xa276feabb0662f09073fb2101f934ce6a45e2f731ebbf3526488bf7de9a5641d, tree_route: [] } duration=340.79µs
2026-01-21 17:24:16.337  INFO tokio-runtime-worker substrate: 💤 Idle (0 peers), best: #54 (0x9f86…339d), finalized #52 (0xa276…641d), ⬇ 0 ⬆ 0
2026-01-21 17:24:18.001  INFO tokio-runtime-worker sc_basic_authorship::basic_authorship: 🙌 Starting consensus session on top of parent 0x9f86bd78bbdfc579c832b16ed1e5262a1ba5ffbcf4f5b926401dac406097339d (#54)
2026-01-21 17:24:18.001 DEBUG tokio-runtime-worker runtime::executive: [55]: Block initialization weight consumption: Weight { ref_time: 1275050903, proof_size: 4190 }
2026-01-21 17:24:18.002  INFO tokio-runtime-worker pallet_block_production_log::pallet: 👷 Block 55 producer is ProBono(<wasm:stripped>)
2026-01-21 17:24:18.002 DEBUG tokio-runtime-worker runtime::system: [55] 3 extrinsics, length: 59 (normal 0%, op: 0%, mandatory 0%) / normal weight:Weight(ref_time: 0, proof_size: 0) (ref_time: 0%, proof_size: 0%) op weight Weight(ref_time: 0, proof_size: 0) (ref_time 0%, proof_size 0%) / mandatory weight Weight(ref_time: 2348054174, proof_size: 13385) (ref_time: 0%, proof_size: 0%)
2026-01-21 17:24:18.003  INFO tokio-runtime-worker sc_basic_authorship::basic_authorship: 🎁 Prepared block for proposing at 55 (1 ms) hash: 0xc1e46d8485e17792f59c9bbd893af02753976e96e4498319476c3d09d01ffbe3; parent_hash: 0x9f86…339d; end: NoMoreTransactions; extrinsics_count: 3
2026-01-21 17:24:18.004  INFO tokio-runtime-worker aura: 🔖 Pre-sealed block for proposal at 55. Hash now 0x1802143e1c2c1006f63e0a34e0dde28d23f3097fd0880f967de0d48903910a30, previously 0xc1e46d8485e17792f59c9bbd893af02753976e96e4498319476c3d09d01ffbe3.
2026-01-21 17:24:18.004  INFO tokio-runtime-worker substrate: 🏆 Imported #55 (0x9f86…339d → 0x1802…0a30)
2026-01-21 17:24:18.004  INFO tokio-runtime-worker txpool: maintain txs=(0, 0) a=1 i=3 views=[(55, 0, 0)] event=NewBestBlock { hash: 0x1802143e1c2c1006f63e0a34e0dde28d23f3097fd0880f967de0d48903910a30, tree_route: None } duration=299µs
2026-01-21 17:24:19.278  INFO tokio-runtime-worker txpool: maintain txs=(0, 0) a=1 i=2 views=[(55, 0, 0)] event=Finalized { hash: 0xc3d15a13a29cd8400308d56103264d89780598225a48a1ad9dafbbb12dcfc943, tree_route: [] } duration=50.324µs
2026-01-21 17:24:21.338  INFO tokio-runtime-worker substrate: 💤 Idle (0 peers), best: #55 (0x1802…0a30), finalized #53 (0xc3d1…c943), ⬇ 0 ⬆ 0
2026-01-21 17:24:24.001  INFO tokio-runtime-worker sc_basic_authorship::basic_authorship: 🙌 Starting consensus session on top of parent 0x1802143e1c2c1006f63e0a34e0dde28d23f3097fd0880f967de0d48903910a30 (#55)
2026-01-21 17:24:24.001 DEBUG tokio-runtime-worker runtime::executive: [56]: Block initialization weight consumption: Weight { ref_time: 1275050903, proof_size: 4190 }
2026-01-21 17:24:24.002  INFO tokio-runtime-worker pallet_block_production_log::pallet: 👷 Block 56 producer is ProBono(<wasm:stripped>)
2026-01-21 17:24:24.002 DEBUG tokio-runtime-worker runtime::system: [56] 3 extrinsics, length: 59 (normal 0%, op: 0%, mandatory 0%) / normal weight:Weight(ref_time: 0, proof_size: 0) (ref_time: 0%, proof_size: 0%) op weight Weight(ref_time: 0, proof_size: 0) (ref_time 0%, proof_size 0%) / mandatory weight Weight(ref_time: 2348054174, proof_size: 13385) (ref_time: 0%, proof_size: 0%)
2026-01-21 17:24:24.002  INFO tokio-runtime-worker sc_basic_authorship::basic_authorship: 🎁 Prepared block for proposing at 56 (0 ms) hash: 0xe236331c826bf3abbd3fb2a3a7eda1db728155f37c2464c2658fe9be4bf518be; parent_hash: 0x1802…0a30; end: NoMoreTransactions; extrinsics_count: 3
2026-01-21 17:24:24.003  INFO tokio-runtime-worker aura: 🔖 Pre-sealed block for proposal at 56. Hash now 0xcb930edbf9fcc133ab80e81dde88b691ca5c758a253728541b8d5e7974942c9b, previously 0xe236331c826bf3abbd3fb2a3a7eda1db728155f37c2464c2658fe9be4bf518be.
2026-01-21 17:24:24.003  INFO tokio-runtime-worker substrate: 🏆 Imported #56 (0x1802…0a30 → 0xcb93…2c9b)
2026-01-21 17:24:24.004  INFO tokio-runtime-worker txpool: maintain txs=(0, 0) a=1 i=3 views=[(56, 0, 0)] event=NewBestBlock { hash: 0xcb930edbf9fcc133ab80e81dde88b691ca5c758a253728541b8d5e7974942c9b, tree_route: None } duration=153.307µs
2026-01-21 17:24:25.945  INFO tokio-runtime-worker txpool: maintain txs=(0, 0) a=1 i=2 views=[(56, 0, 0)] event=Finalized { hash: 0x9f86bd78bbdfc579c832b16ed1e5262a1ba5ffbcf4f5b926401dac406097339d, tree_route: [] } duration=45.593µs
2026-01-21 17:24:26.338  INFO tokio-runtime-worker substrate: 💤 Idle (0 peers), best: #56 (0xcb93…2c9b), finalized #54 (0x9f86…339d), ⬇ 0 ⬆ 0
2026-01-21 17:24:30.001  INFO tokio-runtime-worker sc_basic_authorship::basic_authorship: 🙌 Starting consensus session on top of parent 0xcb930edbf9fcc133ab80e81dde88b691ca5c758a253728541b8d5e7974942c9b (#56)
2026-01-21 17:24:30.001 DEBUG tokio-runtime-worker runtime::executive: [57]: Block initialization weight consumption: Weight { ref_time: 1275050903, proof_size: 4190 }
2026-01-21 17:24:30.002  INFO tokio-runtime-worker pallet_block_production_log::pallet: 👷 Block 57 producer is ProBono(<wasm:stripped>)
2026-01-21 17:24:30.002 DEBUG tokio-runtime-worker runtime::system: [57] 3 extrinsics, length: 59 (normal 0%, op: 0%, mandatory 0%) / normal weight:Weight(ref_time: 0, proof_size: 0) (ref_time: 0%, proof_size: 0%) op weight Weight(ref_time: 0, proof_size: 0) (ref_time 0%, proof_size 0%) / mandatory weight Weight(ref_time: 2348054174, proof_size: 13385) (ref_time: 0%, proof_size: 0%)
2026-01-21 17:24:30.002  INFO tokio-runtime-worker sc_basic_authorship::basic_authorship: 🎁 Prepared block for proposing at 57 (0 ms) hash: 0x92ee2fe18b63d80d8ccf83b4813bba12f7e20243aba24f49e3e5b5c8a5e625e2; parent_hash: 0xcb93…2c9b; end: NoMoreTransactions; extrinsics_count: 3
2026-01-21 17:24:30.003  INFO tokio-runtime-worker aura: 🔖 Pre-sealed block for proposal at 57. Hash now 0x5efaa1db91cfc379369e4f30350e7ceba099174dd47e06901aef8ce14324af38, previously 0x92ee2fe18b63d80d8ccf83b4813bba12f7e20243aba24f49e3e5b5c8a5e625e2.
2026-01-21 17:24:30.003  INFO tokio-runtime-worker substrate: 🏆 Imported #57 (0xcb93…2c9b → 0x5efa…af38)
2026-01-21 17:24:30.003  INFO tokio-runtime-worker txpool: maintain txs=(0, 0) a=1 i=3 views=[(57, 0, 0)] event=NewBestBlock { hash: 0x5efaa1db91cfc379369e4f30350e7ceba099174dd47e06901aef8ce14324af38, tree_route: None } duration=137.527µs
2026-01-21 17:24:31.277  INFO tokio-runtime-worker txpool: maintain txs=(0, 0) a=1 i=2 views=[(57, 0, 0)] event=Finalized { hash: 0x1802143e1c2c1006f63e0a34e0dde28d23f3097fd0880f967de0d48903910a30, tree_route: [] } duration=42.979µs
2026-01-21 17:24:31.338  INFO tokio-runtime-worker substrate: 💤 Idle (0 peers), best: #57 (0x5efa…af38), finalized #55 (0x1802…0a30), ⬇ 0 ⬆ 0
2026-01-21 17:24:36.000  INFO tokio-runtime-worker sc_basic_authorship::basic_authorship: 🙌 Starting consensus session on top of parent 0x5efaa1db91cfc379369e4f30350e7ceba099174dd47e06901aef8ce14324af38 (#57)
2026-01-21 17:24:36.001 DEBUG tokio-runtime-worker runtime::executive: [58]: Block initialization weight consumption: Weight { ref_time: 1275050903, proof_size: 4190 }
2026-01-21 17:24:36.001  INFO tokio-runtime-worker pallet_block_production_log::pallet: 👷 Block 58 producer is ProBono(<wasm:stripped>)
2026-01-21 17:24:36.001 DEBUG tokio-runtime-worker runtime::system: [58] 3 extrinsics, length: 59 (normal 0%, op: 0%, mandatory 0%) / normal weight:Weight(ref_time: 0, proof_size: 0) (ref_time: 0%, proof_size: 0%) op weight Weight(ref_time: 0, proof_size: 0) (ref_time 0%, proof_size 0%) / mandatory weight Weight(ref_time: 2348054174, proof_size: 13385) (ref_time: 0%, proof_size: 0%)
2026-01-21 17:24:36.001  INFO tokio-runtime-worker sc_basic_authorship::basic_authorship: 🎁 Prepared block for proposing at 58 (0 ms) hash: 0xd06aed83804cf05381486db87a9cd8fae09384943df7a6059a0581a593d1385f; parent_hash: 0x5efa…af38; end: NoMoreTransactions; extrinsics_count: 3
2026-01-21 17:24:36.002  INFO tokio-runtime-worker aura: 🔖 Pre-sealed block for proposal at 58. Hash now 0x8f24bb32d428805b6c5a06aaefb0453fa80fb69b597edbf8efbfcab70855b168, previously 0xd06aed83804cf05381486db87a9cd8fae09384943df7a6059a0581a593d1385f.
2026-01-21 17:24:36.002  INFO tokio-runtime-worker substrate: 🏆 Imported #58 (0x5efa…af38 → 0x8f24…b168)
2026-01-21 17:24:36.002  INFO tokio-runtime-worker txpool: maintain txs=(0, 0) a=1 i=3 views=[(58, 0, 0)] event=NewBestBlock { hash: 0x8f24bb32d428805b6c5a06aaefb0453fa80fb69b597edbf8efbfcab70855b168, tree_route: None } duration=102.464µs
2026-01-21 17:24:36.339  INFO tokio-runtime-worker substrate: 💤 Idle (0 peers), best: #58 (0x8f24…b168), finalized #55 (0x1802…0a30), ⬇ 0 ⬆ 0
2026-01-21 17:24:37.943  INFO tokio-runtime-worker txpool: maintain txs=(0, 0) a=1 i=2 views=[(58, 0, 0)] event=Finalized { hash: 0xcb930edbf9fcc133ab80e81dde88b691ca5c758a253728541b8d5e7974942c9b, tree_route: [] } duration=53.52µs
2026-01-21 17:24:41.339  INFO tokio-runtime-worker substrate: 💤 Idle (0 peers), best: #58 (0x8f24…b168), finalized #56 (0xcb93…2c9b), ⬇ 0 ⬆ 0
2026-01-21 17:24:42.000  INFO tokio-runtime-worker sc_basic_authorship::basic_authorship: 🙌 Starting consensus session on top of parent 0x8f24bb32d428805b6c5a06aaefb0453fa80fb69b597edbf8efbfcab70855b168 (#58)
2026-01-21 17:24:42.001 DEBUG tokio-runtime-worker runtime::executive: [59]: Block initialization weight consumption: Weight { ref_time: 1275050903, proof_size: 4190 }
2026-01-21 17:24:42.001  INFO tokio-runtime-worker pallet_block_production_log::pallet: 👷 Block 59 producer is ProBono(<wasm:stripped>)
2026-01-21 17:24:42.001 DEBUG tokio-runtime-worker runtime::system: [59] 3 extrinsics, length: 59 (normal 0%, op: 0%, mandatory 0%) / normal weight:Weight(ref_time: 0, proof_size: 0) (ref_time: 0%, proof_size: 0%) op weight Weight(ref_time: 0, proof_size: 0) (ref_time 0%, proof_size 0%) / mandatory weight Weight(ref_time: 2348054174, proof_size: 13385) (ref_time: 0%, proof_size: 0%)
2026-01-21 17:24:42.001  INFO tokio-runtime-worker sc_basic_authorship::basic_authorship: 🎁 Prepared block for proposing at 59 (0 ms) hash: 0x05b6904371e39f9042c8ba9e1fb0cdd1585664d3359760efef7d852e0cbba8c6; parent_hash: 0x8f24…b168; end: NoMoreTransactions; extrinsics_count: 3
2026-01-21 17:24:42.002  INFO tokio-runtime-worker aura: 🔖 Pre-sealed block for proposal at 59. Hash now 0xf259bd863e439eb323846e2f0a3e19a60394ca5070b8e229bc498fbab68a2cbf, previously 0x05b6904371e39f9042c8ba9e1fb0cdd1585664d3359760efef7d852e0cbba8c6.
2026-01-21 17:24:42.002  INFO tokio-runtime-worker substrate: 🏆 Imported #59 (0x8f24…b168 → 0xf259…2cbf)
2026-01-21 17:24:42.002  INFO tokio-runtime-worker txpool: maintain txs=(0, 0) a=1 i=3 views=[(59, 0, 0)] event=NewBestBlock { hash: 0xf259bd863e439eb323846e2f0a3e19a60394ca5070b8e229bc498fbab68a2cbf, tree_route: None } duration=101.761µs
2026-01-21 17:24:43.277  INFO tokio-runtime-worker txpool: maintain txs=(0, 0) a=1 i=2 views=[(59, 0, 0)] event=Finalized { hash: 0x5efaa1db91cfc379369e4f30350e7ceba099174dd47e06901aef8ce14324af38, tree_route: [] } duration=170.901µs
2026-01-21 17:24:46.339  INFO tokio-runtime-worker substrate: 💤 Idle (0 peers), best: #59 (0xf259…2cbf), finalized #57 (0x5efa…af38), ⬇ 0 ⬆ 0
2026-01-21 17:24:48.000  INFO tokio-runtime-worker sc_basic_authorship::basic_authorship: 🙌 Starting consensus session on top of parent 0xf259bd863e439eb323846e2f0a3e19a60394ca5070b8e229bc498fbab68a2cbf (#59)
2026-01-21 17:24:48.001 DEBUG tokio-runtime-worker runtime::executive: [60]: Block initialization weight consumption: Weight { ref_time: 1275050903, proof_size: 4190 }
2026-01-21 17:24:48.001  INFO tokio-runtime-worker pallet_block_production_log::pallet: 👷 Block 60 producer is ProBono(<wasm:stripped>)
2026-01-21 17:24:48.001 DEBUG tokio-runtime-worker runtime::system: [60] 3 extrinsics, length: 59 (normal 0%, op: 0%, mandatory 0%) / normal weight:Weight(ref_time: 0, proof_size: 0) (ref_time: 0%, proof_size: 0%) op weight Weight(ref_time: 0, proof_size: 0) (ref_time 0%, proof_size 0%) / mandatory weight Weight(ref_time: 2348054174, proof_size: 13385) (ref_time: 0%, proof_size: 0%)
2026-01-21 17:24:48.002  INFO tokio-runtime-worker sc_basic_authorship::basic_authorship: 🎁 Prepared block for proposing at 60 (0 ms) hash: 0x4bd6cf27154caff3798c511163da1d1d046da3450246fefdac2191ed14f1f8e8; parent_hash: 0xf259…2cbf; end: NoMoreTransactions; extrinsics_count: 3
2026-01-21 17:24:48.002  INFO tokio-runtime-worker aura: 🔖 Pre-sealed block for proposal at 60. Hash now 0x281e82cbbe8a5783af0455eaedc750e3b453675d65b503cd928ccc0527f31583, previously 0x4bd6cf27154caff3798c511163da1d1d046da3450246fefdac2191ed14f1f8e8.
2026-01-21 17:24:48.003  INFO tokio-runtime-worker txpool: maintain txs=(0, 0) a=1 i=3 views=[(60, 0, 0)] event=NewBestBlock { hash: 0x281e82cbbe8a5783af0455eaedc750e3b453675d65b503cd928ccc0527f31583, tree_route: None } duration=99.553µs
2026-01-21 17:24:48.003  INFO tokio-runtime-worker substrate: 🏆 Imported #60 (0xf259…2cbf → 0x281e…1583)
2026-01-21 17:24:49.942  INFO tokio-runtime-worker txpool: maintain txs=(0, 0) a=1 i=2 views=[(60, 0, 0)] event=Finalized { hash: 0x8f24bb32d428805b6c5a06aaefb0453fa80fb69b597edbf8efbfcab70855b168, tree_route: [] } duration=47.113µs
2026-01-21 17:24:51.340  INFO tokio-runtime-worker substrate: 💤 Idle (0 peers), best: #60 (0x281e…1583), finalized #58 (0x8f24…b168), ⬇ 0 ⬆ 0
2026-01-21 17:24:54.001  INFO tokio-runtime-worker sc_basic_authorship::basic_authorship: 🙌 Starting consensus session on top of parent 0x281e82cbbe8a5783af0455eaedc750e3b453675d65b503cd928ccc0527f31583 (#60)
2026-01-21 17:24:54.001 DEBUG tokio-runtime-worker runtime::executive: [61]: Block initialization weight consumption: Weight { ref_time: 1275050903, proof_size: 4190 }
2026-01-21 17:24:54.001  INFO tokio-runtime-worker pallet_block_production_log::pallet: 👷 Block 61 producer is ProBono(<wasm:stripped>)
2026-01-21 17:24:54.001 DEBUG tokio-runtime-worker runtime::system: [61] 3 extrinsics, length: 59 (normal 0%, op: 0%, mandatory 0%) / normal weight:Weight(ref_time: 0, proof_size: 0) (ref_time: 0%, proof_size: 0%) op weight Weight(ref_time: 0, proof_size: 0) (ref_time 0%, proof_size 0%) / mandatory weight Weight(ref_time: 2348054174, proof_size: 13385) (ref_time: 0%, proof_size: 0%)
2026-01-21 17:24:54.002  INFO tokio-runtime-worker sc_basic_authorship::basic_authorship: 🎁 Prepared block for proposing at 61 (0 ms) hash: 0x4023253db9a3dbdc720d0d0273135ca4f33f39b06a6576b22e012db333d33e5d; parent_hash: 0x281e…1583; end: NoMoreTransactions; extrinsics_count: 3
2026-01-21 17:24:54.002  INFO tokio-runtime-worker aura: 🔖 Pre-sealed block for proposal at 61. Hash now 0x76f3958179efce0f74a93b058a2db1a89a894e5c7bee93105ad1c77e9de65315, previously 0x4023253db9a3dbdc720d0d0273135ca4f33f39b06a6576b22e012db333d33e5d.
2026-01-21 17:24:54.003  INFO tokio-runtime-worker substrate: 🏆 Imported #61 (0x281e…1583 → 0x76f3…5315)
2026-01-21 17:24:54.003  INFO tokio-runtime-worker txpool: maintain txs=(0, 0) a=1 i=3 views=[(61, 0, 0)] event=NewBestBlock { hash: 0x76f3958179efce0f74a93b058a2db1a89a894e5c7bee93105ad1c77e9de65315, tree_route: None } duration=100.5µs
2026-01-21 17:24:55.275  INFO tokio-runtime-worker txpool: maintain txs=(0, 0) a=1 i=2 views=[(61, 0, 0)] event=Finalized { hash: 0xf259bd863e439eb323846e2f0a3e19a60394ca5070b8e229bc498fbab68a2cbf, tree_route: [] } duration=57.235µs
2026-01-21 17:24:56.340  INFO tokio-runtime-worker substrate: 💤 Idle (0 peers), best: #61 (0x76f3…5315), finalized #59 (0xf259…2cbf), ⬇ 0 ⬆ 0
2026-01-21 17:25:00.001  INFO tokio-runtime-worker sc_basic_authorship::basic_authorship: 🙌 Starting consensus session on top of parent 0x76f3958179efce0f74a93b058a2db1a89a894e5c7bee93105ad1c77e9de65315 (#61)
2026-01-21 17:25:00.001 DEBUG tokio-runtime-worker runtime::executive: [62]: Block initialization weight consumption: Weight { ref_time: 1275050903, proof_size: 4190 }
2026-01-21 17:25:00.002  INFO tokio-runtime-worker pallet_block_production_log::pallet: 👷 Block 62 producer is ProBono(<wasm:stripped>)
2026-01-21 17:25:00.002 DEBUG tokio-runtime-worker runtime::system: [62] 3 extrinsics, length: 59 (normal 0%, op: 0%, mandatory 0%) / normal weight:Weight(ref_time: 0, proof_size: 0) (ref_time: 0%, proof_size: 0%) op weight Weight(ref_time: 0, proof_size: 0) (ref_time 0%, proof_size 0%) / mandatory weight Weight(ref_time: 2348054174, proof_size: 13385) (ref_time: 0%, proof_size: 0%)
2026-01-21 17:25:00.002  INFO tokio-runtime-worker sc_basic_authorship::basic_authorship: 🎁 Prepared block for proposing at 62 (0 ms) hash: 0xa706bab79b632cde7af1e8337581a59ebd2044edc0e7c3a7fe5381367a0ca327; parent_hash: 0x76f3…5315; end: NoMoreTransactions; extrinsics_count: 3
2026-01-21 17:25:00.003  INFO tokio-runtime-worker aura: 🔖 Pre-sealed block for proposal at 62. Hash now 0xd242b0495efcc1dfab27e47d0a396717e5f3af35a4bdfb009343f561ddce2e70, previously 0xa706bab79b632cde7af1e8337581a59ebd2044edc0e7c3a7fe5381367a0ca327.
2026-01-21 17:25:00.003  INFO tokio-runtime-worker substrate: 🏆 Imported #62 (0x76f3…5315 → 0xd242…2e70)
2026-01-21 17:25:00.003  INFO tokio-runtime-worker txpool: maintain txs=(0, 0) a=1 i=3 views=[(62, 0, 0)] event=NewBestBlock { hash: 0xd242b0495efcc1dfab27e47d0a396717e5f3af35a4bdfb009343f561ddce2e70, tree_route: None } duration=123.232µs
2026-01-21 17:25:01.340  INFO tokio-runtime-worker substrate: 💤 Idle (0 peers), best: #62 (0xd242…2e70), finalized #59 (0xf259…2cbf), ⬇ 0 ⬆ 0
2026-01-21 17:25:01.940  INFO tokio-runtime-worker txpool: maintain txs=(0, 0) a=1 i=2 views=[(62, 0, 0)] event=Finalized { hash: 0x281e82cbbe8a5783af0455eaedc750e3b453675d65b503cd928ccc0527f31583, tree_route: [] } duration=49.858µs
2026-01-21 17:25:06.001  INFO tokio-runtime-worker sc_basic_authorship::basic_authorship: 🙌 Starting consensus session on top of parent 0xd242b0495efcc1dfab27e47d0a396717e5f3af35a4bdfb009343f561ddce2e70 (#62)
2026-01-21 17:25:06.001 DEBUG tokio-runtime-worker runtime::executive: [63]: Block initialization weight consumption: Weight { ref_time: 1275050903, proof_size: 4190 }
2026-01-21 17:25:06.002  INFO tokio-runtime-worker pallet_block_production_log::pallet: 👷 Block 63 producer is ProBono(<wasm:stripped>)
2026-01-21 17:25:06.002 DEBUG tokio-runtime-worker runtime::system: [63] 3 extrinsics, length: 59 (normal 0%, op: 0%, mandatory 0%) / normal weight:Weight(ref_time: 0, proof_size: 0) (ref_time: 0%, proof_size: 0%) op weight Weight(ref_time: 0, proof_size: 0) (ref_time 0%, proof_size 0%) / mandatory weight Weight(ref_time: 2348054174, proof_size: 13385) (ref_time: 0%, proof_size: 0%)
2026-01-21 17:25:06.002  INFO tokio-runtime-worker sc_basic_authorship::basic_authorship: 🎁 Prepared block for proposing at 63 (1 ms) hash: 0xe855f1164eeeaad0ad5fa645cc4d272343055edeb7850750b9e5223a7f7029fe; parent_hash: 0xd242…2e70; end: NoMoreTransactions; extrinsics_count: 3
2026-01-21 17:25:06.003  INFO tokio-runtime-worker aura: 🔖 Pre-sealed block for proposal at 63. Hash now 0x83fd59d776391ded96213a75a6777b24e07a527d2de76f1bc3292199eccb4684, previously 0xe855f1164eeeaad0ad5fa645cc4d272343055edeb7850750b9e5223a7f7029fe.
2026-01-21 17:25:06.003  INFO tokio-runtime-worker txpool: maintain txs=(0, 0) a=1 i=3 views=[(63, 0, 0)] event=NewBestBlock { hash: 0x83fd59d776391ded96213a75a6777b24e07a527d2de76f1bc3292199eccb4684, tree_route: None } duration=82.341µs
2026-01-21 17:25:06.003  INFO tokio-runtime-worker substrate: 🏆 Imported #63 (0xd242…2e70 → 0x83fd…4684)
2026-01-21 17:25:06.341  INFO tokio-runtime-worker substrate: 💤 Idle (0 peers), best: #63 (0x83fd…4684), finalized #60 (0x281e…1583), ⬇ 0 ⬆ 0
2026-01-21 17:25:07.273  INFO tokio-runtime-worker txpool: maintain txs=(0, 0) a=1 i=2 views=[(63, 0, 0)] event=Finalized { hash: 0x76f3958179efce0f74a93b058a2db1a89a894e5c7bee93105ad1c77e9de65315, tree_route: [] } duration=43.996µs
2026-01-21 17:25:11.341  INFO tokio-runtime-worker substrate: 💤 Idle (0 peers), best: #63 (0x83fd…4684), finalized #61 (0x76f3…5315), ⬇ 0 ⬆ 0
2026-01-21 17:25:12.001  INFO tokio-runtime-worker sc_basic_authorship::basic_authorship: 🙌 Starting consensus session on top of parent 0x83fd59d776391ded96213a75a6777b24e07a527d2de76f1bc3292199eccb4684 (#63)
2026-01-21 17:25:12.001 DEBUG tokio-runtime-worker runtime::executive: [64]: Block initialization weight consumption: Weight { ref_time: 1275050903, proof_size: 4190 }
2026-01-21 17:25:12.002  INFO tokio-runtime-worker pallet_block_production_log::pallet: 👷 Block 64 producer is ProBono(<wasm:stripped>)
2026-01-21 17:25:12.002 DEBUG tokio-runtime-worker runtime::system: [64] 3 extrinsics, length: 59 (normal 0%, op: 0%, mandatory 0%) / normal weight:Weight(ref_time: 0, proof_size: 0) (ref_time: 0%, proof_size: 0%) op weight Weight(ref_time: 0, proof_size: 0) (ref_time 0%, proof_size 0%) / mandatory weight Weight(ref_time: 2348054174, proof_size: 13385) (ref_time: 0%, proof_size: 0%)
2026-01-21 17:25:12.002  INFO tokio-runtime-worker sc_basic_authorship::basic_authorship: 🎁 Prepared block for proposing at 64 (0 ms) hash: 0xd827f005619e5c2a0d58b7865387cfb4716a6cb94de3f122fc09ab804703f2f1; parent_hash: 0x83fd…4684; end: NoMoreTransactions; extrinsics_count: 3
2026-01-21 17:25:12.003  INFO tokio-runtime-worker aura: 🔖 Pre-sealed block for proposal at 64. Hash now 0xa34781f20bbd4bfbfd1b55a43af522f243f05e542302a27f76bd7cdadba5b5d8, previously 0xd827f005619e5c2a0d58b7865387cfb4716a6cb94de3f122fc09ab804703f2f1.
2026-01-21 17:25:12.003  INFO tokio-runtime-worker substrate: 🏆 Imported #64 (0x83fd…4684 → 0xa347…b5d8)
2026-01-21 17:25:12.003  INFO tokio-runtime-worker txpool: maintain txs=(0, 0) a=1 i=3 views=[(64, 0, 0)] event=NewBestBlock { hash: 0xa34781f20bbd4bfbfd1b55a43af522f243f05e542302a27f76bd7cdadba5b5d8, tree_route: None } duration=90.142µs
2026-01-21 17:25:13.938  INFO tokio-runtime-worker txpool: maintain txs=(0, 0) a=1 i=2 views=[(64, 0, 0)] event=Finalized { hash: 0xd242b0495efcc1dfab27e47d0a396717e5f3af35a4bdfb009343f561ddce2e70, tree_route: [] } duration=48.397µs
2026-01-21 17:25:16.341  INFO tokio-runtime-worker substrate: 💤 Idle (0 peers), best: #64 (0xa347…b5d8), finalized #62 (0xd242…2e70), ⬇ 0 ⬆ 0
2026-01-21 17:25:18.001  INFO tokio-runtime-worker sc_basic_authorship::basic_authorship: 🙌 Starting consensus session on top of parent 0xa34781f20bbd4bfbfd1b55a43af522f243f05e542302a27f76bd7cdadba5b5d8 (#64)
2026-01-21 17:25:18.001 DEBUG tokio-runtime-worker runtime::executive: [65]: Block initialization weight consumption: Weight { ref_time: 1275050903, proof_size: 4190 }
2026-01-21 17:25:18.002  INFO tokio-runtime-worker pallet_block_production_log::pallet: 👷 Block 65 producer is ProBono(<wasm:stripped>)
2026-01-21 17:25:18.002 DEBUG tokio-runtime-worker runtime::system: [65] 3 extrinsics, length: 59 (normal 0%, op: 0%, mandatory 0%) / normal weight:Weight(ref_time: 0, proof_size: 0) (ref_time: 0%, proof_size: 0%) op weight Weight(ref_time: 0, proof_size: 0) (ref_time 0%, proof_size 0%) / mandatory weight Weight(ref_time: 2348054174, proof_size: 13385) (ref_time: 0%, proof_size: 0%)
2026-01-21 17:25:18.002  INFO tokio-runtime-worker sc_basic_authorship::basic_authorship: 🎁 Prepared block for proposing at 65 (0 ms) hash: 0xbf26730ef2ec89fd922531906569077c6d514c88650dd07184958ea36007e172; parent_hash: 0xa347…b5d8; end: NoMoreTransactions; extrinsics_count: 3
2026-01-21 17:25:18.003  INFO tokio-runtime-worker aura: 🔖 Pre-sealed block for proposal at 65. Hash now 0x61877c22eed64aadb3d28cd18cac04c1e98c1f08d92870b47c16efefa00a3924, previously 0xbf26730ef2ec89fd922531906569077c6d514c88650dd07184958ea36007e172.
2026-01-21 17:25:18.003  INFO tokio-runtime-worker substrate: 🏆 Imported #65 (0xa347…b5d8 → 0x6187…3924)
2026-01-21 17:25:18.003  INFO tokio-runtime-worker txpool: maintain txs=(0, 0) a=1 i=3 views=[(65, 0, 0)] event=NewBestBlock { hash: 0x61877c22eed64aadb3d28cd18cac04c1e98c1f08d92870b47c16efefa00a3924, tree_route: None } duration=95.022µs
2026-01-21 17:25:19.271  INFO tokio-runtime-worker txpool: maintain txs=(0, 0) a=1 i=2 views=[(65, 0, 0)] event=Finalized { hash: 0x83fd59d776391ded96213a75a6777b24e07a527d2de76f1bc3292199eccb4684, tree_route: [] } duration=44.308µs
2026-01-21 17:25:21.342  INFO tokio-runtime-worker substrate: 💤 Idle (0 peers), best: #65 (0x6187…3924), finalized #63 (0x83fd…4684), ⬇ 0 ⬆ 0
2026-01-21 17:25:24.000  INFO tokio-runtime-worker sc_basic_authorship::basic_authorship: 🙌 Starting consensus session on top of parent 0x61877c22eed64aadb3d28cd18cac04c1e98c1f08d92870b47c16efefa00a3924 (#65)
2026-01-21 17:25:24.000 DEBUG tokio-runtime-worker runtime::executive: [66]: Block initialization weight consumption: Weight { ref_time: 1275050903, proof_size: 4190 }
2026-01-21 17:25:24.001  INFO tokio-runtime-worker pallet_block_production_log::pallet: 👷 Block 66 producer is ProBono(<wasm:stripped>)
2026-01-21 17:25:24.001 DEBUG tokio-runtime-worker runtime::system: [66] 3 extrinsics, length: 59 (normal 0%, op: 0%, mandatory 0%) / normal weight:Weight(ref_time: 0, proof_size: 0) (ref_time: 0%, proof_size: 0%) op weight Weight(ref_time: 0, proof_size: 0) (ref_time 0%, proof_size 0%) / mandatory weight Weight(ref_time: 2348054174, proof_size: 13385) (ref_time: 0%, proof_size: 0%)
2026-01-21 17:25:24.001  INFO tokio-runtime-worker sc_basic_authorship::basic_authorship: 🎁 Prepared block for proposing at 66 (1 ms) hash: 0xbe00a439442d8d151dde238fab930c7c67ae442baf4878687794f2faea825d8d; parent_hash: 0x6187…3924; end: NoMoreTransactions; extrinsics_count: 3
2026-01-21 17:25:24.002  INFO tokio-runtime-worker aura: 🔖 Pre-sealed block for proposal at 66. Hash now 0x25066757e0f405174a4104f0a9ea43bfc10e9704f983c109fd75dee0516f4f62, previously 0xbe00a439442d8d151dde238fab930c7c67ae442baf4878687794f2faea825d8d.
2026-01-21 17:25:24.003  INFO tokio-runtime-worker txpool: maintain txs=(0, 0) a=1 i=3 views=[(66, 0, 0)] event=NewBestBlock { hash: 0x25066757e0f405174a4104f0a9ea43bfc10e9704f983c109fd75dee0516f4f62, tree_route: None } duration=82.824µs
2026-01-21 17:25:24.003  INFO tokio-runtime-worker substrate: 🏆 Imported #66 (0x6187…3924 → 0x2506…4f62)
2026-01-21 17:25:25.937  INFO tokio-runtime-worker txpool: maintain txs=(0, 0) a=1 i=2 views=[(66, 0, 0)] event=Finalized { hash: 0xa34781f20bbd4bfbfd1b55a43af522f243f05e542302a27f76bd7cdadba5b5d8, tree_route: [] } duration=49.987µs
2026-01-21 17:25:26.342  INFO tokio-runtime-worker substrate: 💤 Idle (0 peers), best: #66 (0x2506…4f62), finalized #64 (0xa347…b5d8), ⬇ 0 ⬆ 0
2026-01-21 17:25:30.000  INFO tokio-runtime-worker sc_basic_authorship::basic_authorship: 🙌 Starting consensus session on top of parent 0x25066757e0f405174a4104f0a9ea43bfc10e9704f983c109fd75dee0516f4f62 (#66)
2026-01-21 17:25:30.001 DEBUG tokio-runtime-worker runtime::executive: [67]: Block initialization weight consumption: Weight { ref_time: 1275050903, proof_size: 4190 }
2026-01-21 17:25:30.001  INFO tokio-runtime-worker pallet_block_production_log::pallet: 👷 Block 67 producer is ProBono(<wasm:stripped>)
2026-01-21 17:25:30.001 DEBUG tokio-runtime-worker runtime::system: [67] 3 extrinsics, length: 59 (normal 0%, op: 0%, mandatory 0%) / normal weight:Weight(ref_time: 0, proof_size: 0) (ref_time: 0%, proof_size: 0%) op weight Weight(ref_time: 0, proof_size: 0) (ref_time 0%, proof_size 0%) / mandatory weight Weight(ref_time: 2348054174, proof_size: 13385) (ref_time: 0%, proof_size: 0%)
2026-01-21 17:25:30.001  INFO tokio-runtime-worker sc_basic_authorship::basic_authorship: 🎁 Prepared block for proposing at 67 (0 ms) hash: 0x16ed187af508853cd208504ac9b45c68f2d718544f8d52e34d48308746255728; parent_hash: 0x2506…4f62; end: NoMoreTransactions; extrinsics_count: 3
2026-01-21 17:25:30.002  INFO tokio-runtime-worker aura: 🔖 Pre-sealed block for proposal at 67. Hash now 0x5c3bd565cc8671d068c8f479dddd7e0e26207948e1253474fa3408782eb09ae9, previously 0x16ed187af508853cd208504ac9b45c68f2d718544f8d52e34d48308746255728.
2026-01-21 17:25:30.002  INFO tokio-runtime-worker substrate: 🏆 Imported #67 (0x2506…4f62 → 0x5c3b…9ae9)
2026-01-21 17:25:30.003  INFO tokio-runtime-worker txpool: maintain txs=(0, 0) a=1 i=3 views=[(67, 0, 0)] event=NewBestBlock { hash: 0x5c3bd565cc8671d068c8f479dddd7e0e26207948e1253474fa3408782eb09ae9, tree_route: None } duration=120.67µs
2026-01-21 17:25:31.270  INFO tokio-runtime-worker txpool: maintain txs=(0, 0) a=1 i=2 views=[(67, 0, 0)] event=Finalized { hash: 0x61877c22eed64aadb3d28cd18cac04c1e98c1f08d92870b47c16efefa00a3924, tree_route: [] } duration=59.46µs
2026-01-21 17:25:31.342  INFO tokio-runtime-worker substrate: 💤 Idle (0 peers), best: #67 (0x5c3b…9ae9), finalized #65 (0x6187…3924), ⬇ 0 ⬆ 0
2026-01-21 17:25:36.001  INFO tokio-runtime-worker sc_basic_authorship::basic_authorship: 🙌 Starting consensus session on top of parent 0x5c3bd565cc8671d068c8f479dddd7e0e26207948e1253474fa3408782eb09ae9 (#67)
2026-01-21 17:25:36.001 DEBUG tokio-runtime-worker runtime::executive: [68]: Block initialization weight consumption: Weight { ref_time: 1275050903, proof_size: 4190 }
2026-01-21 17:25:36.001  INFO tokio-runtime-worker pallet_block_production_log::pallet: 👷 Block 68 producer is ProBono(<wasm:stripped>)
2026-01-21 17:25:36.001 DEBUG tokio-runtime-worker runtime::system: [68] 3 extrinsics, length: 59 (normal 0%, op: 0%, mandatory 0%) / normal weight:Weight(ref_time: 0, proof_size: 0) (ref_time: 0%, proof_size: 0%) op weight Weight(ref_time: 0, proof_size: 0) (ref_time 0%, proof_size 0%) / mandatory weight Weight(ref_time: 2348054174, proof_size: 13385) (ref_time: 0%, proof_size: 0%)
2026-01-21 17:25:36.002  INFO tokio-runtime-worker sc_basic_authorship::basic_authorship: 🎁 Prepared block for proposing at 68 (0 ms) hash: 0x632bb3fe7016521f76ffa588e992859ff3a9f38a76e152e59f81d515605ef444; parent_hash: 0x5c3b…9ae9; end: NoMoreTransactions; extrinsics_count: 3
2026-01-21 17:25:36.002  INFO tokio-runtime-worker aura: 🔖 Pre-sealed block for proposal at 68. Hash now 0x8afd53518a3906f78669d52bbb8271cc9e82bcc190f4307f68a160c55ec676d3, previously 0x632bb3fe7016521f76ffa588e992859ff3a9f38a76e152e59f81d515605ef444.
2026-01-21 17:25:36.003  INFO tokio-runtime-worker substrate: 🏆 Imported #68 (0x5c3b…9ae9 → 0x8afd…76d3)
2026-01-21 17:25:36.003  INFO tokio-runtime-worker txpool: maintain txs=(0, 0) a=1 i=3 views=[(68, 0, 0)] event=NewBestBlock { hash: 0x8afd53518a3906f78669d52bbb8271cc9e82bcc190f4307f68a160c55ec676d3, tree_route: None } duration=99.005µs
2026-01-21 17:25:36.342  INFO tokio-runtime-worker substrate: 💤 Idle (0 peers), best: #68 (0x8afd…76d3), finalized #65 (0x6187…3924), ⬇ 0 ⬆ 0
2026-01-21 17:25:37.936  INFO tokio-runtime-worker txpool: maintain txs=(0, 0) a=1 i=2 views=[(68, 0, 0)] event=Finalized { hash: 0x25066757e0f405174a4104f0a9ea43bfc10e9704f983c109fd75dee0516f4f62, tree_route: [] } duration=54.106µs
2026-01-21 17:25:41.343  INFO tokio-runtime-worker substrate: 💤 Idle (0 peers), best: #68 (0x8afd…76d3), finalized #66 (0x2506…4f62), ⬇ 0 ⬆ 0
2026-01-21 17:25:42.001  INFO tokio-runtime-worker sc_basic_authorship::basic_authorship: 🙌 Starting consensus session on top of parent 0x8afd53518a3906f78669d52bbb8271cc9e82bcc190f4307f68a160c55ec676d3 (#68)
2026-01-21 17:25:42.001 DEBUG tokio-runtime-worker runtime::executive: [69]: Block initialization weight consumption: Weight { ref_time: 1275050903, proof_size: 4190 }
2026-01-21 17:25:42.002  INFO tokio-runtime-worker pallet_block_production_log::pallet: 👷 Block 69 producer is ProBono(<wasm:stripped>)
2026-01-21 17:25:42.002 DEBUG tokio-runtime-worker runtime::system: [69] 3 extrinsics, length: 59 (normal 0%, op: 0%, mandatory 0%) / normal weight:Weight(ref_time: 0, proof_size: 0) (ref_time: 0%, proof_size: 0%) op weight Weight(ref_time: 0, proof_size: 0) (ref_time 0%, proof_size 0%) / mandatory weight Weight(ref_time: 2348054174, proof_size: 13385) (ref_time: 0%, proof_size: 0%)
2026-01-21 17:25:42.002  INFO tokio-runtime-worker sc_basic_authorship::basic_authorship: 🎁 Prepared block for proposing at 69 (1 ms) hash: 0x40451fc026246ba4bacbf7bde60287480918733d87858f0466c0c22d48404c0a; parent_hash: 0x8afd…76d3; end: NoMoreTransactions; extrinsics_count: 3
2026-01-21 17:25:42.003  INFO tokio-runtime-worker aura: 🔖 Pre-sealed block for proposal at 69. Hash now 0xc8b05badb4577d91924cd95a1c2e8ccaf6ba34cce07610d57c00a5e81ca1fed4, previously 0x40451fc026246ba4bacbf7bde60287480918733d87858f0466c0c22d48404c0a.
2026-01-21 17:25:42.003  INFO tokio-runtime-worker substrate: 🏆 Imported #69 (0x8afd…76d3 → 0xc8b0…fed4)
2026-01-21 17:25:42.003  INFO tokio-runtime-worker txpool: maintain txs=(0, 0) a=1 i=3 views=[(69, 0, 0)] event=NewBestBlock { hash: 0xc8b05badb4577d91924cd95a1c2e8ccaf6ba34cce07610d57c00a5e81ca1fed4, tree_route: None } duration=89.35µs
2026-01-21 17:25:43.268  INFO tokio-runtime-worker txpool: maintain txs=(0, 0) a=1 i=2 views=[(69, 0, 0)] event=Finalized { hash: 0x5c3bd565cc8671d068c8f479dddd7e0e26207948e1253474fa3408782eb09ae9, tree_route: [] } duration=47.02µs
2026-01-21 17:25:46.343  INFO tokio-runtime-worker substrate: 💤 Idle (0 peers), best: #69 (0xc8b0…fed4), finalized #67 (0x5c3b…9ae9), ⬇ 0 ⬆ 0
2026-01-21 17:25:48.001  INFO tokio-runtime-worker sc_basic_authorship::basic_authorship: 🙌 Starting consensus session on top of parent 0xc8b05badb4577d91924cd95a1c2e8ccaf6ba34cce07610d57c00a5e81ca1fed4 (#69)
2026-01-21 17:25:48.001 DEBUG tokio-runtime-worker runtime::executive: [70]: Block initialization weight consumption: Weight { ref_time: 1275050903, proof_size: 4190 }
2026-01-21 17:25:48.002  INFO tokio-runtime-worker pallet_block_production_log::pallet: 👷 Block 70 producer is ProBono(<wasm:stripped>)
2026-01-21 17:25:48.002 DEBUG tokio-runtime-worker runtime::system: [70] 3 extrinsics, length: 59 (normal 0%, op: 0%, mandatory 0%) / normal weight:Weight(ref_time: 0, proof_size: 0) (ref_time: 0%, proof_size: 0%) op weight Weight(ref_time: 0, proof_size: 0) (ref_time 0%, proof_size 0%) / mandatory weight Weight(ref_time: 2348054174, proof_size: 13385) (ref_time: 0%, proof_size: 0%)
2026-01-21 17:25:48.002  INFO tokio-runtime-worker sc_basic_authorship::basic_authorship: 🎁 Prepared block for proposing at 70 (0 ms) hash: 0xb24f64bfd53ddd3f12aa77b1d7e1fbc0b72d2a6717054f4efb951f929ed0d762; parent_hash: 0xc8b0…fed4; end: NoMoreTransactions; extrinsics_count: 3
2026-01-21 17:25:48.003  INFO tokio-runtime-worker aura: 🔖 Pre-sealed block for proposal at 70. Hash now 0x81a28ec22244b81ec23b97bfe68a1372f0f65c3485823d64693943d5e7fa3443, previously 0xb24f64bfd53ddd3f12aa77b1d7e1fbc0b72d2a6717054f4efb951f929ed0d762.
2026-01-21 17:25:48.003  INFO tokio-runtime-worker substrate: 🏆 Imported #70 (0xc8b0…fed4 → 0x81a2…3443)
2026-01-21 17:25:48.003  INFO tokio-runtime-worker txpool: maintain txs=(0, 0) a=1 i=3 views=[(70, 0, 0)] event=NewBestBlock { hash: 0x81a28ec22244b81ec23b97bfe68a1372f0f65c3485823d64693943d5e7fa3443, tree_route: None } duration=228.412µs
2026-01-21 17:25:49.934  INFO tokio-runtime-worker txpool: maintain txs=(0, 0) a=1 i=2 views=[(70, 0, 0)] event=Finalized { hash: 0x8afd53518a3906f78669d52bbb8271cc9e82bcc190f4307f68a160c55ec676d3, tree_route: [] } duration=51.598µs
2026-01-21 17:25:51.343  INFO tokio-runtime-worker substrate: 💤 Idle (0 peers), best: #70 (0x81a2…3443), finalized #68 (0x8afd…76d3), ⬇ 0 ⬆ 0
2026-01-21 17:25:54.001  INFO tokio-runtime-worker sc_basic_authorship::basic_authorship: 🙌 Starting consensus session on top of parent 0x81a28ec22244b81ec23b97bfe68a1372f0f65c3485823d64693943d5e7fa3443 (#70)
2026-01-21 17:25:54.002 DEBUG tokio-runtime-worker runtime::executive: [71]: Block initialization weight consumption: Weight { ref_time: 1275050903, proof_size: 4190 }
2026-01-21 17:25:54.002  INFO tokio-runtime-worker pallet_block_production_log::pallet: 👷 Block 71 producer is ProBono(<wasm:stripped>)
2026-01-21 17:25:54.002 DEBUG tokio-runtime-worker runtime::system: [71] 3 extrinsics, length: 59 (normal 0%, op: 0%, mandatory 0%) / normal weight:Weight(ref_time: 0, proof_size: 0) (ref_time: 0%, proof_size: 0%) op weight Weight(ref_time: 0, proof_size: 0) (ref_time 0%, proof_size 0%) / mandatory weight Weight(ref_time: 2348054174, proof_size: 13385) (ref_time: 0%, proof_size: 0%)
2026-01-21 17:25:54.002  INFO tokio-runtime-worker sc_basic_authorship::basic_authorship: 🎁 Prepared block for proposing at 71 (0 ms) hash: 0xc433ae39cd80c6cba945422a11a41630e6dbaa3c692d57f85e51527ad149c992; parent_hash: 0x81a2…3443; end: NoMoreTransactions; extrinsics_count: 3
2026-01-21 17:25:54.003  INFO tokio-runtime-worker aura: 🔖 Pre-sealed block for proposal at 71. Hash now 0x09ce060398f320b034b1ffa05608497bd560ee03e489161cea890623dbde48ab, previously 0xc433ae39cd80c6cba945422a11a41630e6dbaa3c692d57f85e51527ad149c992.
2026-01-21 17:25:54.003  INFO tokio-runtime-worker substrate: 🏆 Imported #71 (0x81a2…3443 → 0x09ce…48ab)
2026-01-21 17:25:54.003  INFO tokio-runtime-worker txpool: maintain txs=(0, 0) a=1 i=3 views=[(71, 0, 0)] event=NewBestBlock { hash: 0x09ce060398f320b034b1ffa05608497bd560ee03e489161cea890623dbde48ab, tree_route: None } duration=133.681µs
2026-01-21 17:25:55.266  INFO tokio-runtime-worker txpool: maintain txs=(0, 0) a=1 i=2 views=[(71, 0, 0)] event=Finalized { hash: 0xc8b05badb4577d91924cd95a1c2e8ccaf6ba34cce07610d57c00a5e81ca1fed4, tree_route: [] } duration=49.26µs
2026-01-21 17:25:56.344  INFO tokio-runtime-worker substrate: 💤 Idle (0 peers), best: #71 (0x09ce…48ab), finalized #69 (0xc8b0…fed4), ⬇ 0 ⬆ 0
2026-01-21 17:26:00.000  INFO tokio-runtime-worker sc_basic_authorship::basic_authorship: 🙌 Starting consensus session on top of parent 0x09ce060398f320b034b1ffa05608497bd560ee03e489161cea890623dbde48ab (#71)
2026-01-21 17:26:00.001 DEBUG tokio-runtime-worker runtime::executive: [72]: Block initialization weight consumption: Weight { ref_time: 1275050903, proof_size: 4190 }
2026-01-21 17:26:00.001  INFO tokio-runtime-worker pallet_block_production_log::pallet: 👷 Block 72 producer is ProBono(<wasm:stripped>)
2026-01-21 17:26:00.001 DEBUG tokio-runtime-worker runtime::system: [72] 3 extrinsics, length: 59 (normal 0%, op: 0%, mandatory 0%) / normal weight:Weight(ref_time: 0, proof_size: 0) (ref_time: 0%, proof_size: 0%) op weight Weight(ref_time: 0, proof_size: 0) (ref_time 0%, proof_size 0%) / mandatory weight Weight(ref_time: 2348054174, proof_size: 13385) (ref_time: 0%, proof_size: 0%)
2026-01-21 17:26:00.001  INFO tokio-runtime-worker sc_basic_authorship::basic_authorship: 🎁 Prepared block for proposing at 72 (1 ms) hash: 0x4ca966e01b82823e3ad9747545c40fcfdd423da04ec23e4e66a195139fd552be; parent_hash: 0x09ce…48ab; end: NoMoreTransactions; extrinsics_count: 3
2026-01-21 17:26:00.002  INFO tokio-runtime-worker aura: 🔖 Pre-sealed block for proposal at 72. Hash now 0xc9e2daee192122d5a371c99caf8567daa164b0802005cb894f44cfd8bd9e122c, previously 0x4ca966e01b82823e3ad9747545c40fcfdd423da04ec23e4e66a195139fd552be.
2026-01-21 17:26:00.003  INFO tokio-runtime-worker substrate: 🏆 Imported #72 (0x09ce…48ab → 0xc9e2…122c)
2026-01-21 17:26:00.003  INFO tokio-runtime-worker txpool: maintain txs=(0, 0) a=1 i=3 views=[(72, 0, 0)] event=NewBestBlock { hash: 0xc9e2daee192122d5a371c99caf8567daa164b0802005cb894f44cfd8bd9e122c, tree_route: None } duration=87.72µs
2026-01-21 17:26:01.344  INFO tokio-runtime-worker substrate: 💤 Idle (0 peers), best: #72 (0xc9e2…122c), finalized #69 (0xc8b0…fed4), ⬇ 0 ⬆ 0
2026-01-21 17:26:01.932  INFO tokio-runtime-worker txpool: maintain txs=(0, 0) a=1 i=2 views=[(72, 0, 0)] event=Finalized { hash: 0x81a28ec22244b81ec23b97bfe68a1372f0f65c3485823d64693943d5e7fa3443, tree_route: [] } duration=46.174µs
2026-01-21 17:26:06.000  INFO tokio-runtime-worker sc_basic_authorship::basic_authorship: 🙌 Starting consensus session on top of parent 0xc9e2daee192122d5a371c99caf8567daa164b0802005cb894f44cfd8bd9e122c (#72)
2026-01-21 17:26:06.001 DEBUG tokio-runtime-worker runtime::executive: [73]: Block initialization weight consumption: Weight { ref_time: 1275050903, proof_size: 4190 }
2026-01-21 17:26:06.001  INFO tokio-runtime-worker pallet_block_production_log::pallet: 👷 Block 73 producer is ProBono(<wasm:stripped>)
2026-01-21 17:26:06.001 DEBUG tokio-runtime-worker runtime::system: [73] 3 extrinsics, length: 59 (normal 0%, op: 0%, mandatory 0%) / normal weight:Weight(ref_time: 0, proof_size: 0) (ref_time: 0%, proof_size: 0%) op weight Weight(ref_time: 0, proof_size: 0) (ref_time 0%, proof_size 0%) / mandatory weight Weight(ref_time: 2348054174, proof_size: 13385) (ref_time: 0%, proof_size: 0%)
2026-01-21 17:26:06.002  INFO tokio-runtime-worker sc_basic_authorship::basic_authorship: 🎁 Prepared block for proposing at 73 (1 ms) hash: 0xd9ea5d1308e64a8dbd8a5be2d9aca2426896d9cb7b6b3611b1d389695a72e949; parent_hash: 0xc9e2…122c; end: NoMoreTransactions; extrinsics_count: 3
2026-01-21 17:26:06.003  INFO tokio-runtime-worker aura: 🔖 Pre-sealed block for proposal at 73. Hash now 0x2eebb1674a2c7f25c7d29257ef24c4758c1317c5d470e96f0cd89a1f1cac0d91, previously 0xd9ea5d1308e64a8dbd8a5be2d9aca2426896d9cb7b6b3611b1d389695a72e949.
2026-01-21 17:26:06.003  INFO tokio-runtime-worker substrate: 🏆 Imported #73 (0xc9e2…122c → 0x2eeb…0d91)
2026-01-21 17:26:06.003  INFO tokio-runtime-worker txpool: maintain txs=(0, 0) a=1 i=3 views=[(73, 0, 0)] event=NewBestBlock { hash: 0x2eebb1674a2c7f25c7d29257ef24c4758c1317c5d470e96f0cd89a1f1cac0d91, tree_route: None } duration=114.642µs
2026-01-21 17:26:06.344  INFO tokio-runtime-worker substrate: 💤 Idle (0 peers), best: #73 (0x2eeb…0d91), finalized #70 (0x81a2…3443), ⬇ 0 ⬆ 0
2026-01-21 17:26:07.265  INFO tokio-runtime-worker txpool: maintain txs=(0, 0) a=1 i=2 views=[(73, 0, 0)] event=Finalized { hash: 0x09ce060398f320b034b1ffa05608497bd560ee03e489161cea890623dbde48ab, tree_route: [] } duration=50.084µs
2026-01-21 17:26:11.345  INFO tokio-runtime-worker substrate: 💤 Idle (0 peers), best: #73 (0x2eeb…0d91), finalized #71 (0x09ce…48ab), ⬇ 0 ⬆ 0
2026-01-21 17:26:12.001  INFO tokio-runtime-worker sc_basic_authorship::basic_authorship: 🙌 Starting consensus session on top of parent 0x2eebb1674a2c7f25c7d29257ef24c4758c1317c5d470e96f0cd89a1f1cac0d91 (#73)
2026-01-21 17:26:12.001 DEBUG tokio-runtime-worker runtime::executive: [74]: Block initialization weight consumption: Weight { ref_time: 1275050903, proof_size: 4190 }
2026-01-21 17:26:12.001  INFO tokio-runtime-worker pallet_block_production_log::pallet: 👷 Block 74 producer is ProBono(<wasm:stripped>)
2026-01-21 17:26:12.001 DEBUG tokio-runtime-worker runtime::system: [74] 3 extrinsics, length: 59 (normal 0%, op: 0%, mandatory 0%) / normal weight:Weight(ref_time: 0, proof_size: 0) (ref_time: 0%, proof_size: 0%) op weight Weight(ref_time: 0, proof_size: 0) (ref_time 0%, proof_size 0%) / mandatory weight Weight(ref_time: 2348054174, proof_size: 13385) (ref_time: 0%, proof_size: 0%)
2026-01-21 17:26:12.002  INFO tokio-runtime-worker sc_basic_authorship::basic_authorship: 🎁 Prepared block for proposing at 74 (0 ms) hash: 0x1a4355c01cbb1a7bdde7bfe90c79e58b801ddb24369c960b67eecb770494404c; parent_hash: 0x2eeb…0d91; end: NoMoreTransactions; extrinsics_count: 3
2026-01-21 17:26:12.002  INFO tokio-runtime-worker aura: 🔖 Pre-sealed block for proposal at 74. Hash now 0x1a412274826359a5b6e318095b4fce963f88c6f8e35e31199fac7f7d10ef08d2, previously 0x1a4355c01cbb1a7bdde7bfe90c79e58b801ddb24369c960b67eecb770494404c.
2026-01-21 17:26:12.003  INFO tokio-runtime-worker txpool: maintain txs=(0, 0) a=1 i=3 views=[(74, 0, 0)] event=NewBestBlock { hash: 0x1a412274826359a5b6e318095b4fce963f88c6f8e35e31199fac7f7d10ef08d2, tree_route: None } duration=105.604µs
2026-01-21 17:26:12.003  INFO tokio-runtime-worker substrate: 🏆 Imported #74 (0x2eeb…0d91 → 0x1a41…08d2)
2026-01-21 17:26:13.930  INFO tokio-runtime-worker txpool: maintain txs=(0, 0) a=1 i=2 views=[(74, 0, 0)] event=Finalized { hash: 0xc9e2daee192122d5a371c99caf8567daa164b0802005cb894f44cfd8bd9e122c, tree_route: [] } duration=52.203µs
2026-01-21 17:26:16.345  INFO tokio-runtime-worker substrate: 💤 Idle (0 peers), best: #74 (0x1a41…08d2), finalized #72 (0xc9e2…122c), ⬇ 0 ⬆ 0
2026-01-21 17:26:18.001  INFO tokio-runtime-worker sc_basic_authorship::basic_authorship: 🙌 Starting consensus session on top of parent 0x1a412274826359a5b6e318095b4fce963f88c6f8e35e31199fac7f7d10ef08d2 (#74)
2026-01-21 17:26:18.001 DEBUG tokio-runtime-worker runtime::executive: [75]: Block initialization weight consumption: Weight { ref_time: 1275050903, proof_size: 4190 }
2026-01-21 17:26:18.001  INFO tokio-runtime-worker pallet_block_production_log::pallet: 👷 Block 75 producer is ProBono(<wasm:stripped>)
2026-01-21 17:26:18.001 DEBUG tokio-runtime-worker runtime::system: [75] 3 extrinsics, length: 59 (normal 0%, op: 0%, mandatory 0%) / normal weight:Weight(ref_time: 0, proof_size: 0) (ref_time: 0%, proof_size: 0%) op weight Weight(ref_time: 0, proof_size: 0) (ref_time 0%, proof_size 0%) / mandatory weight Weight(ref_time: 2348054174, proof_size: 13385) (ref_time: 0%, proof_size: 0%)
2026-01-21 17:26:18.002  INFO tokio-runtime-worker sc_basic_authorship::basic_authorship: 🎁 Prepared block for proposing at 75 (0 ms) hash: 0x69cce556e131c0a1f1886716caba1cf073ac122c6d5dd0856e3baf74554ce8e3; parent_hash: 0x1a41…08d2; end: NoMoreTransactions; extrinsics_count: 3
2026-01-21 17:26:18.003  INFO tokio-runtime-worker aura: 🔖 Pre-sealed block for proposal at 75. Hash now 0xb9cf96372250dd421d12c355721cfe6ffae6074d4de8e5111a8de3366f75aed1, previously 0x69cce556e131c0a1f1886716caba1cf073ac122c6d5dd0856e3baf74554ce8e3.
2026-01-21 17:26:18.003  INFO tokio-runtime-worker substrate: 🏆 Imported #75 (0x1a41…08d2 → 0xb9cf…aed1)
2026-01-21 17:26:18.003  INFO tokio-runtime-worker txpool: maintain txs=(0, 0) a=1 i=3 views=[(75, 0, 0)] event=NewBestBlock { hash: 0xb9cf96372250dd421d12c355721cfe6ffae6074d4de8e5111a8de3366f75aed1, tree_route: None } duration=90.442µs
2026-01-21 17:26:19.263  INFO tokio-runtime-worker txpool: maintain txs=(0, 0) a=1 i=2 views=[(75, 0, 0)] event=Finalized { hash: 0x2eebb1674a2c7f25c7d29257ef24c4758c1317c5d470e96f0cd89a1f1cac0d91, tree_route: [] } duration=77.128µs
2026-01-21 17:26:21.345  INFO tokio-runtime-worker substrate: 💤 Idle (0 peers), best: #75 (0xb9cf…aed1), finalized #73 (0x2eeb…0d91), ⬇ 0 ⬆ 0
2026-01-21 17:26:24.001  INFO tokio-runtime-worker sc_basic_authorship::basic_authorship: 🙌 Starting consensus session on top of parent 0xb9cf96372250dd421d12c355721cfe6ffae6074d4de8e5111a8de3366f75aed1 (#75)
2026-01-21 17:26:24.001 DEBUG tokio-runtime-worker runtime::executive: [76]: Block initialization weight consumption: Weight { ref_time: 1275050903, proof_size: 4190 }
2026-01-21 17:26:24.002  INFO tokio-runtime-worker pallet_block_production_log::pallet: 👷 Block 76 producer is ProBono(<wasm:stripped>)
2026-01-21 17:26:24.002 DEBUG tokio-runtime-worker runtime::system: [76] 3 extrinsics, length: 59 (normal 0%, op: 0%, mandatory 0%) / normal weight:Weight(ref_time: 0, proof_size: 0) (ref_time: 0%, proof_size: 0%) op weight Weight(ref_time: 0, proof_size: 0) (ref_time 0%, proof_size 0%) / mandatory weight Weight(ref_time: 2348054174, proof_size: 13385) (ref_time: 0%, proof_size: 0%)
2026-01-21 17:26:24.002  INFO tokio-runtime-worker sc_basic_authorship::basic_authorship: 🎁 Prepared block for proposing at 76 (0 ms) hash: 0x1b469e14a10e27c84bb4fdc6450d19a8cca4c42e823d4dc2096d8e2d7ef1708b; parent_hash: 0xb9cf…aed1; end: NoMoreTransactions; extrinsics_count: 3
2026-01-21 17:26:24.003  INFO tokio-runtime-worker aura: 🔖 Pre-sealed block for proposal at 76. Hash now 0xd7c95bd133fd30e30c94c4a2939e533f71def49f4494b2b56e791afcb24206c4, previously 0x1b469e14a10e27c84bb4fdc6450d19a8cca4c42e823d4dc2096d8e2d7ef1708b.
2026-01-21 17:26:24.003  INFO tokio-runtime-worker substrate: 🏆 Imported #76 (0xb9cf…aed1 → 0xd7c9…06c4)
2026-01-21 17:26:24.003  INFO tokio-runtime-worker txpool: maintain txs=(0, 0) a=1 i=3 views=[(76, 0, 0)] event=NewBestBlock { hash: 0xd7c95bd133fd30e30c94c4a2939e533f71def49f4494b2b56e791afcb24206c4, tree_route: None } duration=99.204µs
2026-01-21 17:26:25.929  INFO tokio-runtime-worker txpool: maintain txs=(0, 0) a=1 i=2 views=[(76, 0, 0)] event=Finalized { hash: 0x1a412274826359a5b6e318095b4fce963f88c6f8e35e31199fac7f7d10ef08d2, tree_route: [] } duration=45.68µs
2026-01-21 17:26:26.345  INFO tokio-runtime-worker substrate: 💤 Idle (0 peers), best: #76 (0xd7c9…06c4), finalized #74 (0x1a41…08d2), ⬇ 0 ⬆ 0
2026-01-21 17:26:30.001  INFO tokio-runtime-worker sc_basic_authorship::basic_authorship: 🙌 Starting consensus session on top of parent 0xd7c95bd133fd30e30c94c4a2939e533f71def49f4494b2b56e791afcb24206c4 (#76)
2026-01-21 17:26:30.001 DEBUG tokio-runtime-worker runtime::executive: [77]: Block initialization weight consumption: Weight { ref_time: 1275050903, proof_size: 4190 }
2026-01-21 17:26:30.002  INFO tokio-runtime-worker pallet_block_production_log::pallet: 👷 Block 77 producer is ProBono(<wasm:stripped>)
2026-01-21 17:26:30.002 DEBUG tokio-runtime-worker runtime::system: [77] 3 extrinsics, length: 59 (normal 0%, op: 0%, mandatory 0%) / normal weight:Weight(ref_time: 0, proof_size: 0) (ref_time: 0%, proof_size: 0%) op weight Weight(ref_time: 0, proof_size: 0) (ref_time 0%, proof_size 0%) / mandatory weight Weight(ref_time: 2348054174, proof_size: 13385) (ref_time: 0%, proof_size: 0%)
2026-01-21 17:26:30.002  INFO tokio-runtime-worker sc_basic_authorship::basic_authorship: 🎁 Prepared block for proposing at 77 (0 ms) hash: 0x57840a8d16e718ff275646dc76d3bf16580e5c2a4ad5bc81bc6b2139caebd900; parent_hash: 0xd7c9…06c4; end: NoMoreTransactions; extrinsics_count: 3
2026-01-21 17:26:30.003  INFO tokio-runtime-worker aura: 🔖 Pre-sealed block for proposal at 77. Hash now 0xb70cdeac01756dc6981450f899dfc9eecbd09c5001e81630fa9bda21d2a85560, previously 0x57840a8d16e718ff275646dc76d3bf16580e5c2a4ad5bc81bc6b2139caebd900.
2026-01-21 17:26:30.003  INFO tokio-runtime-worker substrate: 🏆 Imported #77 (0xd7c9…06c4 → 0xb70c…5560)
2026-01-21 17:26:30.003  INFO tokio-runtime-worker txpool: maintain txs=(0, 0) a=1 i=3 views=[(77, 0, 0)] event=NewBestBlock { hash: 0xb70cdeac01756dc6981450f899dfc9eecbd09c5001e81630fa9bda21d2a85560, tree_route: None } duration=94.826µs
2026-01-21 17:26:31.262  INFO tokio-runtime-worker txpool: maintain txs=(0, 0) a=1 i=2 views=[(77, 0, 0)] event=Finalized { hash: 0xb9cf96372250dd421d12c355721cfe6ffae6074d4de8e5111a8de3366f75aed1, tree_route: [] } duration=51.5µs
2026-01-21 17:26:31.346  INFO tokio-runtime-worker substrate: 💤 Idle (0 peers), best: #77 (0xb70c…5560), finalized #75 (0xb9cf…aed1), ⬇ 0 ⬆ 0
2026-01-21 17:26:36.001  INFO tokio-runtime-worker sc_basic_authorship::basic_authorship: 🙌 Starting consensus session on top of parent 0xb70cdeac01756dc6981450f899dfc9eecbd09c5001e81630fa9bda21d2a85560 (#77)
2026-01-21 17:26:36.001 DEBUG tokio-runtime-worker runtime::executive: [78]: Block initialization weight consumption: Weight { ref_time: 1275050903, proof_size: 4190 }
2026-01-21 17:26:36.002  INFO tokio-runtime-worker pallet_block_production_log::pallet: 👷 Block 78 producer is ProBono(<wasm:stripped>)
2026-01-21 17:26:36.002 DEBUG tokio-runtime-worker runtime::system: [78] 3 extrinsics, length: 59 (normal 0%, op: 0%, mandatory 0%) / normal weight:Weight(ref_time: 0, proof_size: 0) (ref_time: 0%, proof_size: 0%) op weight Weight(ref_time: 0, proof_size: 0) (ref_time 0%, proof_size 0%) / mandatory weight Weight(ref_time: 2348054174, proof_size: 13385) (ref_time: 0%, proof_size: 0%)
2026-01-21 17:26:36.002  INFO tokio-runtime-worker sc_basic_authorship::basic_authorship: 🎁 Prepared block for proposing at 78 (0 ms) hash: 0x23c64793831f8195337c201db15845888053ecbfd952eca544df628dbc5d6837; parent_hash: 0xb70c…5560; end: NoMoreTransactions; extrinsics_count: 3
2026-01-21 17:26:36.003  INFO tokio-runtime-worker aura: 🔖 Pre-sealed block for proposal at 78. Hash now 0xfca553e2b3679ec9b43fe8e79d8cb9381c70521993d8fb31b9ef286729cfbb6b, previously 0x23c64793831f8195337c201db15845888053ecbfd952eca544df628dbc5d6837.
2026-01-21 17:26:36.003  INFO tokio-runtime-worker substrate: 🏆 Imported #78 (0xb70c…5560 → 0xfca5…bb6b)
2026-01-21 17:26:36.003  INFO tokio-runtime-worker txpool: maintain txs=(0, 0) a=1 i=3 views=[(78, 0, 0)] event=NewBestBlock { hash: 0xfca553e2b3679ec9b43fe8e79d8cb9381c70521993d8fb31b9ef286729cfbb6b, tree_route: None } duration=102.918µs
2026-01-21 17:26:36.346  INFO tokio-runtime-worker substrate: 💤 Idle (0 peers), best: #78 (0xfca5…bb6b), finalized #75 (0xb9cf…aed1), ⬇ 0 ⬆ 0
2026-01-21 17:26:37.927  INFO tokio-runtime-worker txpool: maintain txs=(0, 0) a=1 i=2 views=[(78, 0, 0)] event=Finalized { hash: 0xd7c95bd133fd30e30c94c4a2939e533f71def49f4494b2b56e791afcb24206c4, tree_route: [] } duration=47.471µs
2026-01-21 17:26:41.346  INFO tokio-runtime-worker substrate: 💤 Idle (0 peers), best: #78 (0xfca5…bb6b), finalized #76 (0xd7c9…06c4), ⬇ 0 ⬆ 0
2026-01-21 17:26:42.001  INFO tokio-runtime-worker sc_basic_authorship::basic_authorship: 🙌 Starting consensus session on top of parent 0xfca553e2b3679ec9b43fe8e79d8cb9381c70521993d8fb31b9ef286729cfbb6b (#78)
2026-01-21 17:26:42.001 DEBUG tokio-runtime-worker runtime::executive: [79]: Block initialization weight consumption: Weight { ref_time: 1275050903, proof_size: 4190 }
2026-01-21 17:26:42.002  INFO tokio-runtime-worker pallet_block_production_log::pallet: 👷 Block 79 producer is ProBono(<wasm:stripped>)
2026-01-21 17:26:42.002 DEBUG tokio-runtime-worker runtime::system: [79] 3 extrinsics, length: 59 (normal 0%, op: 0%, mandatory 0%) / normal weight:Weight(ref_time: 0, proof_size: 0) (ref_time: 0%, proof_size: 0%) op weight Weight(ref_time: 0, proof_size: 0) (ref_time 0%, proof_size 0%) / mandatory weight Weight(ref_time: 2348054174, proof_size: 13385) (ref_time: 0%, proof_size: 0%)
2026-01-21 17:26:42.002  INFO tokio-runtime-worker sc_basic_authorship::basic_authorship: 🎁 Prepared block for proposing at 79 (0 ms) hash: 0x310ede3873c37cf0204d7060a53b127cf6e0032b12e76233cda4951003f6009b; parent_hash: 0xfca5…bb6b; end: NoMoreTransactions; extrinsics_count: 3
2026-01-21 17:26:42.003  INFO tokio-runtime-worker aura: 🔖 Pre-sealed block for proposal at 79. Hash now 0x6c967dd9fc3756424ed54473f08139cb35bc06ef048bf21668a6aa07da124f81, previously 0x310ede3873c37cf0204d7060a53b127cf6e0032b12e76233cda4951003f6009b.
2026-01-21 17:26:42.003  INFO tokio-runtime-worker substrate: 🏆 Imported #79 (0xfca5…bb6b → 0x6c96…4f81)
2026-01-21 17:26:42.003  INFO tokio-runtime-worker txpool: maintain txs=(0, 0) a=1 i=3 views=[(79, 0, 0)] event=NewBestBlock { hash: 0x6c967dd9fc3756424ed54473f08139cb35bc06ef048bf21668a6aa07da124f81, tree_route: None } duration=95.097µs
2026-01-21 17:26:43.261  INFO tokio-runtime-worker txpool: maintain txs=(0, 0) a=1 i=2 views=[(79, 0, 0)] event=Finalized { hash: 0xb70cdeac01756dc6981450f899dfc9eecbd09c5001e81630fa9bda21d2a85560, tree_route: [] } duration=44.089µs
2026-01-21 17:26:46.346  INFO tokio-runtime-worker substrate: 💤 Idle (0 peers), best: #79 (0x6c96…4f81), finalized #77 (0xb70c…5560), ⬇ 0 ⬆ 0
2026-01-21 17:26:48.000  INFO tokio-runtime-worker sc_basic_authorship::basic_authorship: 🙌 Starting consensus session on top of parent 0x6c967dd9fc3756424ed54473f08139cb35bc06ef048bf21668a6aa07da124f81 (#79)
2026-01-21 17:26:48.001 DEBUG tokio-runtime-worker runtime::executive: [80]: Block initialization weight consumption: Weight { ref_time: 1275050903, proof_size: 4190 }
2026-01-21 17:26:48.001  INFO tokio-runtime-worker pallet_block_production_log::pallet: 👷 Block 80 producer is ProBono(<wasm:stripped>)
2026-01-21 17:26:48.001 DEBUG tokio-runtime-worker runtime::system: [80] 3 extrinsics, length: 59 (normal 0%, op: 0%, mandatory 0%) / normal weight:Weight(ref_time: 0, proof_size: 0) (ref_time: 0%, proof_size: 0%) op weight Weight(ref_time: 0, proof_size: 0) (ref_time 0%, proof_size 0%) / mandatory weight Weight(ref_time: 2348054174, proof_size: 13385) (ref_time: 0%, proof_size: 0%)
2026-01-21 17:26:48.001  INFO tokio-runtime-worker sc_basic_authorship::basic_authorship: 🎁 Prepared block for proposing at 80 (0 ms) hash: 0x2afb0ba70af6f6b678b224e32d114d4453d67b016e069eae2e3283b4923a58ea; parent_hash: 0x6c96…4f81; end: NoMoreTransactions; extrinsics_count: 3
2026-01-21 17:26:48.002  INFO tokio-runtime-worker aura: 🔖 Pre-sealed block for proposal at 80. Hash now 0x3b15af1592bb1226217e219774ff5ebb5bea6bf9c539e9b7e0778313ac96c635, previously 0x2afb0ba70af6f6b678b224e32d114d4453d67b016e069eae2e3283b4923a58ea.
2026-01-21 17:26:48.003  INFO tokio-runtime-worker substrate: 🏆 Imported #80 (0x6c96…4f81 → 0x3b15…c635)
2026-01-21 17:26:48.003  INFO tokio-runtime-worker txpool: maintain txs=(0, 0) a=1 i=3 views=[(80, 0, 0)] event=NewBestBlock { hash: 0x3b15af1592bb1226217e219774ff5ebb5bea6bf9c539e9b7e0778313ac96c635, tree_route: None } duration=144.568µs
2026-01-21 17:26:49.926  INFO tokio-runtime-worker txpool: maintain txs=(0, 0) a=1 i=2 views=[(80, 0, 0)] event=Finalized { hash: 0xfca553e2b3679ec9b43fe8e79d8cb9381c70521993d8fb31b9ef286729cfbb6b, tree_route: [] } duration=44.348µs
2026-01-21 17:26:51.347  INFO tokio-runtime-worker substrate: 💤 Idle (0 peers), best: #80 (0x3b15…c635), finalized #78 (0xfca5…bb6b), ⬇ 0 ⬆ 0
2026-01-21 17:26:54.000  INFO tokio-runtime-worker sc_basic_authorship::basic_authorship: 🙌 Starting consensus session on top of parent 0x3b15af1592bb1226217e219774ff5ebb5bea6bf9c539e9b7e0778313ac96c635 (#80)
2026-01-21 17:26:54.001 DEBUG tokio-runtime-worker runtime::executive: [81]: Block initialization weight consumption: Weight { ref_time: 1275050903, proof_size: 4190 }
2026-01-21 17:26:54.001  INFO tokio-runtime-worker pallet_block_production_log::pallet: 👷 Block 81 producer is ProBono(<wasm:stripped>)
2026-01-21 17:26:54.001 DEBUG tokio-runtime-worker runtime::system: [81] 3 extrinsics, length: 59 (normal 0%, op: 0%, mandatory 0%) / normal weight:Weight(ref_time: 0, proof_size: 0) (ref_time: 0%, proof_size: 0%) op weight Weight(ref_time: 0, proof_size: 0) (ref_time 0%, proof_size 0%) / mandatory weight Weight(ref_time: 2348054174, proof_size: 13385) (ref_time: 0%, proof_size: 0%)
2026-01-21 17:26:54.001  INFO tokio-runtime-worker sc_basic_authorship::basic_authorship: 🎁 Prepared block for proposing at 81 (0 ms) hash: 0x86e593a3023490a870113e405a5432c019fef54275f13910330745111b988cea; parent_hash: 0x3b15…c635; end: NoMoreTransactions; extrinsics_count: 3
2026-01-21 17:26:54.002  INFO tokio-runtime-worker aura: 🔖 Pre-sealed block for proposal at 81. Hash now 0x62638d0d17f538d02085122b14d71cc3a603b0cd87f04a8be66096147437be25, previously 0x86e593a3023490a870113e405a5432c019fef54275f13910330745111b988cea.
2026-01-21 17:26:54.003  INFO tokio-runtime-worker substrate: 🏆 Imported #81 (0x3b15…c635 → 0x6263…be25)
2026-01-21 17:26:54.003  INFO tokio-runtime-worker txpool: maintain txs=(0, 0) a=1 i=3 views=[(81, 0, 0)] event=NewBestBlock { hash: 0x62638d0d17f538d02085122b14d71cc3a603b0cd87f04a8be66096147437be25, tree_route: None } duration=98.283µs
2026-01-21 17:26:55.258  INFO tokio-runtime-worker txpool: maintain txs=(0, 0) a=1 i=2 views=[(81, 0, 0)] event=Finalized { hash: 0x6c967dd9fc3756424ed54473f08139cb35bc06ef048bf21668a6aa07da124f81, tree_route: [] } duration=48.667µs
2026-01-21 17:26:56.347  INFO tokio-runtime-worker substrate: 💤 Idle (0 peers), best: #81 (0x6263…be25), finalized #79 (0x6c96…4f81), ⬇ 0 ⬆ 0
2026-01-21 17:27:00.001  INFO tokio-runtime-worker sc_basic_authorship::basic_authorship: 🙌 Starting consensus session on top of parent 0x62638d0d17f538d02085122b14d71cc3a603b0cd87f04a8be66096147437be25 (#81)
2026-01-21 17:27:00.001 DEBUG tokio-runtime-worker runtime::executive: [82]: Block initialization weight consumption: Weight { ref_time: 1275050903, proof_size: 4190 }
2026-01-21 17:27:00.001  INFO tokio-runtime-worker pallet_block_participation::pallet: 🧾 Processing block participation data up to slot 294832770.
2026-01-21 17:27:00.001  INFO tokio-runtime-worker partner_chains_demo_runtime::test_helper_pallet::pallet: 📊 Block participation inherent data released
2026-01-21 17:27:00.002  INFO tokio-runtime-worker pallet_block_production_log::pallet: 👷 Block 82 producer is ProBono(<wasm:stripped>)
2026-01-21 17:27:00.002 DEBUG tokio-runtime-worker runtime::system: [82] 5 extrinsics, length: 131 (normal 0%, op: 0%, mandatory 0%) / normal weight:Weight(ref_time: 0, proof_size: 0) (ref_time: 0%, proof_size: 0%) op weight Weight(ref_time: 0, proof_size: 0) (ref_time 0%, proof_size 0%) / mandatory weight Weight(ref_time: 2564368174, proof_size: 13457) (ref_time: 0%, proof_size: 0%)
2026-01-21 17:27:00.002  INFO tokio-runtime-worker sc_basic_authorship::basic_authorship: 🎁 Prepared block for proposing at 82 (1 ms) hash: 0x2896882bd6d53462acec122176dab3dfc506406019a31a73057625df45ac164e; parent_hash: 0x6263…be25; end: NoMoreTransactions; extrinsics_count: 5
2026-01-21 17:27:00.003  INFO tokio-runtime-worker aura: 🔖 Pre-sealed block for proposal at 82. Hash now 0x6159cf6d26c9aeb3b57d904e69b4bd7dd8c1b6a35416a68db793140e5a5a09a9, previously 0x2896882bd6d53462acec122176dab3dfc506406019a31a73057625df45ac164e.
2026-01-21 17:27:00.003  INFO tokio-runtime-worker substrate: 🏆 Imported #82 (0x6263…be25 → 0x6159…09a9)
2026-01-21 17:27:00.003  INFO tokio-runtime-worker txpool: maintain txs=(0, 0) a=1 i=3 views=[(82, 0, 0)] event=NewBestBlock { hash: 0x6159cf6d26c9aeb3b57d904e69b4bd7dd8c1b6a35416a68db793140e5a5a09a9, tree_route: None } duration=264.658µs
2026-01-21 17:27:01.347  INFO tokio-runtime-worker substrate: 💤 Idle (0 peers), best: #82 (0x6159…09a9), finalized #79 (0x6c96…4f81), ⬇ 0 ⬆ 0
2026-01-21 17:27:01.924  INFO tokio-runtime-worker txpool: maintain txs=(0, 0) a=1 i=2 views=[(82, 0, 0)] event=Finalized { hash: 0x3b15af1592bb1226217e219774ff5ebb5bea6bf9c539e9b7e0778313ac96c635, tree_route: [] } duration=45.491µs
2026-01-21 17:27:06.001  INFO tokio-runtime-worker sc_basic_authorship::basic_authorship: 🙌 Starting consensus session on top of parent 0x6159cf6d26c9aeb3b57d904e69b4bd7dd8c1b6a35416a68db793140e5a5a09a9 (#82)
2026-01-21 17:27:06.002 DEBUG tokio-runtime-worker runtime::executive: [83]: Block initialization weight consumption: Weight { ref_time: 1275050903, proof_size: 4190 }
2026-01-21 17:27:06.002  INFO tokio-runtime-worker pallet_block_production_log::pallet: 👷 Block 83 producer is ProBono(<wasm:stripped>)
2026-01-21 17:27:06.002 DEBUG tokio-runtime-worker runtime::system: [83] 3 extrinsics, length: 59 (normal 0%, op: 0%, mandatory 0%) / normal weight:Weight(ref_time: 0, proof_size: 0) (ref_time: 0%, proof_size: 0%) op weight Weight(ref_time: 0, proof_size: 0) (ref_time 0%, proof_size 0%) / mandatory weight Weight(ref_time: 2348054174, proof_size: 13385) (ref_time: 0%, proof_size: 0%)
2026-01-21 17:27:06.002  INFO tokio-runtime-worker sc_basic_authorship::basic_authorship: 🎁 Prepared block for proposing at 83 (0 ms) hash: 0x9517073cf7f2ebc8abed7388c93d50f5034b43f5c06364886a1eefb39d130961; parent_hash: 0x6159…09a9; end: NoMoreTransactions; extrinsics_count: 3
2026-01-21 17:27:06.003  INFO tokio-runtime-worker aura: 🔖 Pre-sealed block for proposal at 83. Hash now 0x5d95f98146c4a7555510c97025d67ad81beaba4e8b64c2bd1a1f569d41828de3, previously 0x9517073cf7f2ebc8abed7388c93d50f5034b43f5c06364886a1eefb39d130961.
2026-01-21 17:27:06.003  INFO tokio-runtime-worker txpool: maintain txs=(0, 0) a=1 i=3 views=[(83, 0, 0)] event=NewBestBlock { hash: 0x5d95f98146c4a7555510c97025d67ad81beaba4e8b64c2bd1a1f569d41828de3, tree_route: None } duration=82.164µs
2026-01-21 17:27:06.003  INFO tokio-runtime-worker substrate: 🏆 Imported #83 (0x6159…09a9 → 0x5d95…8de3)
2026-01-21 17:27:06.348  INFO tokio-runtime-worker substrate: 💤 Idle (0 peers), best: #83 (0x5d95…8de3), finalized #80 (0x3b15…c635), ⬇ 0 ⬆ 0
2026-01-21 17:27:07.257  INFO tokio-runtime-worker txpool: maintain txs=(0, 0) a=1 i=2 views=[(83, 0, 0)] event=Finalized { hash: 0x62638d0d17f538d02085122b14d71cc3a603b0cd87f04a8be66096147437be25, tree_route: [] } duration=44.905µs
2026-01-21 17:27:11.348  INFO tokio-runtime-worker substrate: 💤 Idle (0 peers), best: #83 (0x5d95…8de3), finalized #81 (0x6263…be25), ⬇ 0 ⬆ 0
2026-01-21 17:27:12.001  INFO tokio-runtime-worker sc_basic_authorship::basic_authorship: 🙌 Starting consensus session on top of parent 0x5d95f98146c4a7555510c97025d67ad81beaba4e8b64c2bd1a1f569d41828de3 (#83)
2026-01-21 17:27:12.001 DEBUG tokio-runtime-worker runtime::executive: [84]: Block initialization weight consumption: Weight { ref_time: 1275050903, proof_size: 4190 }
2026-01-21 17:27:12.002  INFO tokio-runtime-worker pallet_block_production_log::pallet: 👷 Block 84 producer is ProBono(<wasm:stripped>)
2026-01-21 17:27:12.002 DEBUG tokio-runtime-worker runtime::system: [84] 3 extrinsics, length: 59 (normal 0%, op: 0%, mandatory 0%) / normal weight:Weight(ref_time: 0, proof_size: 0) (ref_time: 0%, proof_size: 0%) op weight Weight(ref_time: 0, proof_size: 0) (ref_time 0%, proof_size 0%) / mandatory weight Weight(ref_time: 2348054174, proof_size: 13385) (ref_time: 0%, proof_size: 0%)
2026-01-21 17:27:12.002  INFO tokio-runtime-worker sc_basic_authorship::basic_authorship: 🎁 Prepared block for proposing at 84 (1 ms) hash: 0x27c752bd3b08f860c19219e52af32e898dade9fd794099ca4244c384bf996431; parent_hash: 0x5d95…8de3; end: NoMoreTransactions; extrinsics_count: 3
2026-01-21 17:27:12.003  INFO tokio-runtime-worker aura: 🔖 Pre-sealed block for proposal at 84. Hash now 0x150a2328b5f4a6f88f82f92ed94aed7e5a56b2393d4b000b2158ce9c6e6b96f2, previously 0x27c752bd3b08f860c19219e52af32e898dade9fd794099ca4244c384bf996431.
2026-01-21 17:27:12.003  INFO tokio-runtime-worker substrate: 🏆 Imported #84 (0x5d95…8de3 → 0x150a…96f2)
2026-01-21 17:27:12.003  INFO tokio-runtime-worker txpool: maintain txs=(0, 0) a=1 i=3 views=[(84, 0, 0)] event=NewBestBlock { hash: 0x150a2328b5f4a6f88f82f92ed94aed7e5a56b2393d4b000b2158ce9c6e6b96f2, tree_route: None } duration=87.529µs
2026-01-21 17:27:13.922  INFO tokio-runtime-worker txpool: maintain txs=(0, 0) a=1 i=2 views=[(84, 0, 0)] event=Finalized { hash: 0x6159cf6d26c9aeb3b57d904e69b4bd7dd8c1b6a35416a68db793140e5a5a09a9, tree_route: [] } duration=42.247µs
2026-01-21 17:27:16.348  INFO tokio-runtime-worker substrate: 💤 Idle (0 peers), best: #84 (0x150a…96f2), finalized #82 (0x6159…09a9), ⬇ 0 ⬆ 0
2026-01-21 17:27:18.001  INFO tokio-runtime-worker sc_basic_authorship::basic_authorship: 🙌 Starting consensus session on top of parent 0x150a2328b5f4a6f88f82f92ed94aed7e5a56b2393d4b000b2158ce9c6e6b96f2 (#84)
2026-01-21 17:27:18.001 DEBUG tokio-runtime-worker runtime::executive: [85]: Block initialization weight consumption: Weight { ref_time: 1275050903, proof_size: 4190 }
2026-01-21 17:27:18.002  INFO tokio-runtime-worker pallet_block_production_log::pallet: 👷 Block 85 producer is ProBono(<wasm:stripped>)
2026-01-21 17:27:18.002 DEBUG tokio-runtime-worker runtime::system: [85] 3 extrinsics, length: 59 (normal 0%, op: 0%, mandatory 0%) / normal weight:Weight(ref_time: 0, proof_size: 0) (ref_time: 0%, proof_size: 0%) op weight Weight(ref_time: 0, proof_size: 0) (ref_time 0%, proof_size 0%) / mandatory weight Weight(ref_time: 2348054174, proof_size: 13385) (ref_time: 0%, proof_size: 0%)
2026-01-21 17:27:18.002  INFO tokio-runtime-worker sc_basic_authorship::basic_authorship: 🎁 Prepared block for proposing at 85 (0 ms) hash: 0x8b8dccf702a4d4625fd4113e153cd82ccd68ed8c2410d7a0e40fef993d285884; parent_hash: 0x150a…96f2; end: NoMoreTransactions; extrinsics_count: 3
2026-01-21 17:27:18.003  INFO tokio-runtime-worker aura: 🔖 Pre-sealed block for proposal at 85. Hash now 0x4e9201ef83333a7a98b08faf1ba49dc41689c47c38628491c06cd8cd3d847a99, previously 0x8b8dccf702a4d4625fd4113e153cd82ccd68ed8c2410d7a0e40fef993d285884.
2026-01-21 17:27:18.003  INFO tokio-runtime-worker txpool: maintain txs=(0, 0) a=1 i=3 views=[(85, 0, 0)] event=NewBestBlock { hash: 0x4e9201ef83333a7a98b08faf1ba49dc41689c47c38628491c06cd8cd3d847a99, tree_route: None } duration=88.433µs
2026-01-21 17:27:18.003  INFO tokio-runtime-worker substrate: 🏆 Imported #85 (0x150a…96f2 → 0x4e92…7a99)
2026-01-21 17:27:19.255  INFO tokio-runtime-worker txpool: maintain txs=(0, 0) a=1 i=2 views=[(85, 0, 0)] event=Finalized { hash: 0x5d95f98146c4a7555510c97025d67ad81beaba4e8b64c2bd1a1f569d41828de3, tree_route: [] } duration=65.657µs
2026-01-21 17:27:21.348  INFO tokio-runtime-worker substrate: 💤 Idle (0 peers), best: #85 (0x4e92…7a99), finalized #83 (0x5d95…8de3), ⬇ 0 ⬆ 0
2026-01-21 17:27:24.001  INFO tokio-runtime-worker sc_basic_authorship::basic_authorship: 🙌 Starting consensus session on top of parent 0x4e9201ef83333a7a98b08faf1ba49dc41689c47c38628491c06cd8cd3d847a99 (#85)
2026-01-21 17:27:24.001 DEBUG tokio-runtime-worker runtime::executive: [86]: Block initialization weight consumption: Weight { ref_time: 1275050903, proof_size: 4190 }
2026-01-21 17:27:24.002  INFO tokio-runtime-worker pallet_block_production_log::pallet: 👷 Block 86 producer is ProBono(<wasm:stripped>)
2026-01-21 17:27:24.002 DEBUG tokio-runtime-worker runtime::system: [86] 3 extrinsics, length: 59 (normal 0%, op: 0%, mandatory 0%) / normal weight:Weight(ref_time: 0, proof_size: 0) (ref_time: 0%, proof_size: 0%) op weight Weight(ref_time: 0, proof_size: 0) (ref_time 0%, proof_size 0%) / mandatory weight Weight(ref_time: 2348054174, proof_size: 13385) (ref_time: 0%, proof_size: 0%)
2026-01-21 17:27:24.002  INFO tokio-runtime-worker sc_basic_authorship::basic_authorship: 🎁 Prepared block for proposing at 86 (0 ms) hash: 0x3e02051afa5e95684a4e9cef58e5024e259c63d5d016d9f16e8af155f3e5ecb0; parent_hash: 0x4e92…7a99; end: NoMoreTransactions; extrinsics_count: 3
2026-01-21 17:27:24.003  INFO tokio-runtime-worker aura: 🔖 Pre-sealed block for proposal at 86. Hash now 0x77f0fbf7ccd4e9328575e0997380ab50e81cc4ef41dbbe73c1b387dec475e8c9, previously 0x3e02051afa5e95684a4e9cef58e5024e259c63d5d016d9f16e8af155f3e5ecb0.
2026-01-21 17:27:24.003  INFO tokio-runtime-worker txpool: maintain txs=(0, 0) a=1 i=3 views=[(86, 0, 0)] event=NewBestBlock { hash: 0x77f0fbf7ccd4e9328575e0997380ab50e81cc4ef41dbbe73c1b387dec475e8c9, tree_route: None } duration=84.202µs
2026-01-21 17:27:24.003  INFO tokio-runtime-worker substrate: 🏆 Imported #86 (0x4e92…7a99 → 0x77f0…e8c9)
2026-01-21 17:27:25.921  INFO tokio-runtime-worker txpool: maintain txs=(0, 0) a=1 i=2 views=[(86, 0, 0)] event=Finalized { hash: 0x150a2328b5f4a6f88f82f92ed94aed7e5a56b2393d4b000b2158ce9c6e6b96f2, tree_route: [] } duration=43.158µs
2026-01-21 17:27:26.349  INFO tokio-runtime-worker substrate: 💤 Idle (0 peers), best: #86 (0x77f0…e8c9), finalized #84 (0x150a…96f2), ⬇ 0 ⬆ 0
2026-01-21 17:27:30.001  INFO tokio-runtime-worker sc_basic_authorship::basic_authorship: 🙌 Starting consensus session on top of parent 0x77f0fbf7ccd4e9328575e0997380ab50e81cc4ef41dbbe73c1b387dec475e8c9 (#86)
2026-01-21 17:27:30.002 DEBUG tokio-runtime-worker runtime::executive: [87]: Block initialization weight consumption: Weight { ref_time: 1275050903, proof_size: 4190 }
2026-01-21 17:27:30.002  INFO tokio-runtime-worker pallet_block_production_log::pallet: 👷 Block 87 producer is ProBono(<wasm:stripped>)
2026-01-21 17:27:30.002 DEBUG tokio-runtime-worker runtime::system: [87] 3 extrinsics, length: 59 (normal 0%, op: 0%, mandatory 0%) / normal weight:Weight(ref_time: 0, proof_size: 0) (ref_time: 0%, proof_size: 0%) op weight Weight(ref_time: 0, proof_size: 0) (ref_time 0%, proof_size 0%) / mandatory weight Weight(ref_time: 2348054174, proof_size: 13385) (ref_time: 0%, proof_size: 0%)
2026-01-21 17:27:30.002  INFO tokio-runtime-worker sc_basic_authorship::basic_authorship: 🎁 Prepared block for proposing at 87 (0 ms) hash: 0x04c5377ebf864a4fcb22c68230543531cbaa5e07b8ea2a6934e36519b47f47e2; parent_hash: 0x77f0…e8c9; end: NoMoreTransactions; extrinsics_count: 3
2026-01-21 17:27:30.003  INFO tokio-runtime-worker aura: 🔖 Pre-sealed block for proposal at 87. Hash now 0x30e7abbbb6515f30c7ef7660daa4eead192c0837b02478203d892c94dd5d0668, previously 0x04c5377ebf864a4fcb22c68230543531cbaa5e07b8ea2a6934e36519b47f47e2.
2026-01-21 17:27:30.004  INFO tokio-runtime-worker txpool: maintain txs=(0, 0) a=1 i=3 views=[(87, 0, 0)] event=NewBestBlock { hash: 0x30e7abbbb6515f30c7ef7660daa4eead192c0837b02478203d892c94dd5d0668, tree_route: None } duration=125.64µs
2026-01-21 17:27:30.004  INFO tokio-runtime-worker substrate: 🏆 Imported #87 (0x77f0…e8c9 → 0x30e7…0668)
2026-01-21 17:27:31.254  INFO tokio-runtime-worker txpool: maintain txs=(0, 0) a=1 i=2 views=[(87, 0, 0)] event=Finalized { hash: 0x4e9201ef83333a7a98b08faf1ba49dc41689c47c38628491c06cd8cd3d847a99, tree_route: [] } duration=45.288µs
2026-01-21 17:27:31.349  INFO tokio-runtime-worker substrate: 💤 Idle (0 peers), best: #87 (0x30e7…0668), finalized #85 (0x4e92…7a99), ⬇ 0 ⬆ 0
2026-01-21 17:27:36.000  INFO tokio-runtime-worker sc_basic_authorship::basic_authorship: 🙌 Starting consensus session on top of parent 0x30e7abbbb6515f30c7ef7660daa4eead192c0837b02478203d892c94dd5d0668 (#87)
2026-01-21 17:27:36.001 DEBUG tokio-runtime-worker runtime::executive: [88]: Block initialization weight consumption: Weight { ref_time: 1275050903, proof_size: 4190 }
2026-01-21 17:27:36.001  INFO tokio-runtime-worker pallet_block_production_log::pallet: 👷 Block 88 producer is ProBono(<wasm:stripped>)
2026-01-21 17:27:36.001 DEBUG tokio-runtime-worker runtime::system: [88] 3 extrinsics, length: 59 (normal 0%, op: 0%, mandatory 0%) / normal weight:Weight(ref_time: 0, proof_size: 0) (ref_time: 0%, proof_size: 0%) op weight Weight(ref_time: 0, proof_size: 0) (ref_time 0%, proof_size 0%) / mandatory weight Weight(ref_time: 2348054174, proof_size: 13385) (ref_time: 0%, proof_size: 0%)
2026-01-21 17:27:36.001  INFO tokio-runtime-worker sc_basic_authorship::basic_authorship: 🎁 Prepared block for proposing at 88 (0 ms) hash: 0x7314b880aabe94c2e5e6daa5baa5f4f55b4440066a1ff416e8ffc8e47c0686c4; parent_hash: 0x30e7…0668; end: NoMoreTransactions; extrinsics_count: 3
2026-01-21 17:27:36.002  INFO tokio-runtime-worker aura: 🔖 Pre-sealed block for proposal at 88. Hash now 0x423a811b782f526634818a3a7a1b3b73ce0e643bc32636928b00a23edc4a51b7, previously 0x7314b880aabe94c2e5e6daa5baa5f4f55b4440066a1ff416e8ffc8e47c0686c4.
2026-01-21 17:27:36.002  INFO tokio-runtime-worker substrate: 🏆 Imported #88 (0x30e7…0668 → 0x423a…51b7)
2026-01-21 17:27:36.003  INFO tokio-runtime-worker txpool: maintain txs=(0, 0) a=1 i=3 views=[(88, 0, 0)] event=NewBestBlock { hash: 0x423a811b782f526634818a3a7a1b3b73ce0e643bc32636928b00a23edc4a51b7, tree_route: None } duration=88.873µs
2026-01-21 17:27:36.349  INFO tokio-runtime-worker substrate: 💤 Idle (0 peers), best: #88 (0x423a…51b7), finalized #85 (0x4e92…7a99), ⬇ 0 ⬆ 0
2026-01-21 17:27:37.919  INFO tokio-runtime-worker txpool: maintain txs=(0, 0) a=1 i=2 views=[(88, 0, 0)] event=Finalized { hash: 0x77f0fbf7ccd4e9328575e0997380ab50e81cc4ef41dbbe73c1b387dec475e8c9, tree_route: [] } duration=44.309µs
2026-01-21 17:27:41.349  INFO tokio-runtime-worker substrate: 💤 Idle (0 peers), best: #88 (0x423a…51b7), finalized #86 (0x77f0…e8c9), ⬇ 0 ⬆ 0
2026-01-21 17:27:42.000  INFO tokio-runtime-worker sc_basic_authorship::basic_authorship: 🙌 Starting consensus session on top of parent 0x423a811b782f526634818a3a7a1b3b73ce0e643bc32636928b00a23edc4a51b7 (#88)
2026-01-21 17:27:42.001 DEBUG tokio-runtime-worker runtime::executive: [89]: Block initialization weight consumption: Weight { ref_time: 1275050903, proof_size: 4190 }
2026-01-21 17:27:42.001  INFO tokio-runtime-worker pallet_block_production_log::pallet: 👷 Block 89 producer is ProBono(<wasm:stripped>)
2026-01-21 17:27:42.001 DEBUG tokio-runtime-worker runtime::system: [89] 3 extrinsics, length: 59 (normal 0%, op: 0%, mandatory 0%) / normal weight:Weight(ref_time: 0, proof_size: 0) (ref_time: 0%, proof_size: 0%) op weight Weight(ref_time: 0, proof_size: 0) (ref_time 0%, proof_size 0%) / mandatory weight Weight(ref_time: 2348054174, proof_size: 13385) (ref_time: 0%, proof_size: 0%)
2026-01-21 17:27:42.001  INFO tokio-runtime-worker sc_basic_authorship::basic_authorship: 🎁 Prepared block for proposing at 89 (0 ms) hash: 0x697f779745ea50ae1ec60b9c5a8624581aad33f41adfafb6c60ce196247fbe31; parent_hash: 0x423a…51b7; end: NoMoreTransactions; extrinsics_count: 3
2026-01-21 17:27:42.002  INFO tokio-runtime-worker aura: 🔖 Pre-sealed block for proposal at 89. Hash now 0x82d2d61e74d4b45cd2dcfb3f23626aef7b47e93cdc499727a6dc53177bb3f61b, previously 0x697f779745ea50ae1ec60b9c5a8624581aad33f41adfafb6c60ce196247fbe31.
2026-01-21 17:27:42.003  INFO tokio-runtime-worker txpool: maintain txs=(0, 0) a=1 i=3 views=[(89, 0, 0)] event=NewBestBlock { hash: 0x82d2d61e74d4b45cd2dcfb3f23626aef7b47e93cdc499727a6dc53177bb3f61b, tree_route: None } duration=98µs
2026-01-21 17:27:42.003  INFO tokio-runtime-worker substrate: 🏆 Imported #89 (0x423a…51b7 → 0x82d2…f61b)
2026-01-21 17:27:43.251  INFO tokio-runtime-worker txpool: maintain txs=(0, 0) a=1 i=2 views=[(89, 0, 0)] event=Finalized { hash: 0x30e7abbbb6515f30c7ef7660daa4eead192c0837b02478203d892c94dd5d0668, tree_route: [] } duration=48.61µs
2026-01-21 17:27:46.350  INFO tokio-runtime-worker substrate: 💤 Idle (0 peers), best: #89 (0x82d2…f61b), finalized #87 (0x30e7…0668), ⬇ 0 ⬆ 0
2026-01-21 17:27:48.001  INFO tokio-runtime-worker sc_basic_authorship::basic_authorship: 🙌 Starting consensus session on top of parent 0x82d2d61e74d4b45cd2dcfb3f23626aef7b47e93cdc499727a6dc53177bb3f61b (#89)
2026-01-21 17:27:48.001 DEBUG tokio-runtime-worker runtime::executive: [90]: Block initialization weight consumption: Weight { ref_time: 1275050903, proof_size: 4190 }
2026-01-21 17:27:48.001  INFO tokio-runtime-worker pallet_block_production_log::pallet: 👷 Block 90 producer is ProBono(<wasm:stripped>)
2026-01-21 17:27:48.001 DEBUG tokio-runtime-worker runtime::system: [90] 3 extrinsics, length: 59 (normal 0%, op: 0%, mandatory 0%) / normal weight:Weight(ref_time: 0, proof_size: 0) (ref_time: 0%, proof_size: 0%) op weight Weight(ref_time: 0, proof_size: 0) (ref_time 0%, proof_size 0%) / mandatory weight Weight(ref_time: 2348054174, proof_size: 13385) (ref_time: 0%, proof_size: 0%)
2026-01-21 17:27:48.002  INFO tokio-runtime-worker sc_basic_authorship::basic_authorship: 🎁 Prepared block for proposing at 90 (0 ms) hash: 0x7b18a1ab61c77507bea0a28c9e7683e43cdad862fba33e0ff495a916fce3f379; parent_hash: 0x82d2…f61b; end: NoMoreTransactions; extrinsics_count: 3
2026-01-21 17:27:48.002  INFO tokio-runtime-worker aura: 🔖 Pre-sealed block for proposal at 90. Hash now 0x6c9cb3ead5da2210646434ffadb618b3d8b30eea4cf4773ee30c926c41278473, previously 0x7b18a1ab61c77507bea0a28c9e7683e43cdad862fba33e0ff495a916fce3f379.
2026-01-21 17:27:48.003  INFO tokio-runtime-worker substrate: 🏆 Imported #90 (0x82d2…f61b → 0x6c9c…8473)
2026-01-21 17:27:48.003  INFO tokio-runtime-worker txpool: maintain txs=(0, 0) a=1 i=3 views=[(90, 0, 0)] event=NewBestBlock { hash: 0x6c9cb3ead5da2210646434ffadb618b3d8b30eea4cf4773ee30c926c41278473, tree_route: None } duration=89.777µs
2026-01-21 17:27:49.917  INFO tokio-runtime-worker txpool: maintain txs=(0, 0) a=1 i=2 views=[(90, 0, 0)] event=Finalized { hash: 0x423a811b782f526634818a3a7a1b3b73ce0e643bc32636928b00a23edc4a51b7, tree_route: [] } duration=73.099µs
2026-01-21 17:27:51.351  INFO tokio-runtime-worker substrate: 💤 Idle (0 peers), best: #90 (0x6c9c…8473), finalized #88 (0x423a…51b7), ⬇ 0 ⬆ 0
2026-01-21 17:27:54.001  INFO tokio-runtime-worker sc_basic_authorship::basic_authorship: 🙌 Starting consensus session on top of parent 0x6c9cb3ead5da2210646434ffadb618b3d8b30eea4cf4773ee30c926c41278473 (#90)
2026-01-21 17:27:54.001 DEBUG tokio-runtime-worker runtime::executive: [91]: Block initialization weight consumption: Weight { ref_time: 1275050903, proof_size: 4190 }
2026-01-21 17:27:54.002  INFO tokio-runtime-worker pallet_block_production_log::pallet: 👷 Block 91 producer is ProBono(<wasm:stripped>)
2026-01-21 17:27:54.002 DEBUG tokio-runtime-worker runtime::system: [91] 3 extrinsics, length: 59 (normal 0%, op: 0%, mandatory 0%) / normal weight:Weight(ref_time: 0, proof_size: 0) (ref_time: 0%, proof_size: 0%) op weight Weight(ref_time: 0, proof_size: 0) (ref_time 0%, proof_size 0%) / mandatory weight Weight(ref_time: 2348054174, proof_size: 13385) (ref_time: 0%, proof_size: 0%)
2026-01-21 17:27:54.002  INFO tokio-runtime-worker sc_basic_authorship::basic_authorship: 🎁 Prepared block for proposing at 91 (1 ms) hash: 0x24a0006dc0bd0f2eaaba852f52f26a86a61a66a802ffd43d221614097e0d46b7; parent_hash: 0x6c9c…8473; end: NoMoreTransactions; extrinsics_count: 3
2026-01-21 17:27:54.003  INFO tokio-runtime-worker aura: 🔖 Pre-sealed block for proposal at 91. Hash now 0xca2fd9aaa5ffd63f514bf98852ac684914ba358321ebd87abd56115e4b307d5c, previously 0x24a0006dc0bd0f2eaaba852f52f26a86a61a66a802ffd43d221614097e0d46b7.
2026-01-21 17:27:54.003  INFO tokio-runtime-worker txpool: maintain txs=(0, 0) a=1 i=3 views=[(91, 0, 0)] event=NewBestBlock { hash: 0xca2fd9aaa5ffd63f514bf98852ac684914ba358321ebd87abd56115e4b307d5c, tree_route: None } duration=80.36µs
2026-01-21 17:27:54.003  INFO tokio-runtime-worker substrate: 🏆 Imported #91 (0x6c9c…8473 → 0xca2f…7d5c)
2026-01-21 17:27:55.250  INFO tokio-runtime-worker txpool: maintain txs=(0, 0) a=1 i=2 views=[(91, 0, 0)] event=Finalized { hash: 0x82d2d61e74d4b45cd2dcfb3f23626aef7b47e93cdc499727a6dc53177bb3f61b, tree_route: [] } duration=43.022µs
2026-01-21 17:27:56.351  INFO tokio-runtime-worker substrate: 💤 Idle (0 peers), best: #91 (0xca2f…7d5c), finalized #89 (0x82d2…f61b), ⬇ 0 ⬆ 0
2026-01-21 17:28:00.001  INFO tokio-runtime-worker sc_basic_authorship::basic_authorship: 🙌 Starting consensus session on top of parent 0xca2fd9aaa5ffd63f514bf98852ac684914ba358321ebd87abd56115e4b307d5c (#91)
2026-01-21 17:28:00.001 DEBUG tokio-runtime-worker runtime::executive: [92]: Block initialization weight consumption: Weight { ref_time: 1275050903, proof_size: 4190 }
2026-01-21 17:28:00.002  INFO tokio-runtime-worker pallet_block_production_log::pallet: 👷 Block 92 producer is ProBono(<wasm:stripped>)
2026-01-21 17:28:00.002 DEBUG tokio-runtime-worker runtime::system: [92] 3 extrinsics, length: 59 (normal 0%, op: 0%, mandatory 0%) / normal weight:Weight(ref_time: 0, proof_size: 0) (ref_time: 0%, proof_size: 0%) op weight Weight(ref_time: 0, proof_size: 0) (ref_time 0%, proof_size 0%) / mandatory weight Weight(ref_time: 2348054174, proof_size: 13385) (ref_time: 0%, proof_size: 0%)
2026-01-21 17:28:00.002  INFO tokio-runtime-worker sc_basic_authorship::basic_authorship: 🎁 Prepared block for proposing at 92 (0 ms) hash: 0x01d8da162aab7c22344447fe3e79bf52f5f5f6ba22c808384e15cde14d43fdba; parent_hash: 0xca2f…7d5c; end: NoMoreTransactions; extrinsics_count: 3
2026-01-21 17:28:00.003  INFO tokio-runtime-worker aura: 🔖 Pre-sealed block for proposal at 92. Hash now 0xb060373ac1e82b44810c4a54342c1516d8427c4e6d79e34691cf3fe1f8eccfcc, previously 0x01d8da162aab7c22344447fe3e79bf52f5f5f6ba22c808384e15cde14d43fdba.
2026-01-21 17:28:00.003  INFO tokio-runtime-worker substrate: 🏆 Imported #92 (0xca2f…7d5c → 0xb060…cfcc)
2026-01-21 17:28:00.003  INFO tokio-runtime-worker txpool: maintain txs=(0, 0) a=1 i=3 views=[(92, 0, 0)] event=NewBestBlock { hash: 0xb060373ac1e82b44810c4a54342c1516d8427c4e6d79e34691cf3fe1f8eccfcc, tree_route: None } duration=139.775µs
2026-01-21 17:28:01.352  INFO tokio-runtime-worker substrate: 💤 Idle (0 peers), best: #92 (0xb060…cfcc), finalized #89 (0x82d2…f61b), ⬇ 0 ⬆ 0
2026-01-21 17:28:01.916  INFO tokio-runtime-worker txpool: maintain txs=(0, 0) a=1 i=2 views=[(92, 0, 0)] event=Finalized { hash: 0x6c9cb3ead5da2210646434ffadb618b3d8b30eea4cf4773ee30c926c41278473, tree_route: [] } duration=72.82µs
2026-01-21 17:28:06.001  INFO tokio-runtime-worker sc_basic_authorship::basic_authorship: 🙌 Starting consensus session on top of parent 0xb060373ac1e82b44810c4a54342c1516d8427c4e6d79e34691cf3fe1f8eccfcc (#92)
2026-01-21 17:28:06.001 DEBUG tokio-runtime-worker runtime::executive: [93]: Block initialization weight consumption: Weight { ref_time: 1275050903, proof_size: 4190 }
2026-01-21 17:28:06.002  INFO tokio-runtime-worker pallet_block_production_log::pallet: 👷 Block 93 producer is ProBono(<wasm:stripped>)
2026-01-21 17:28:06.002 DEBUG tokio-runtime-worker runtime::system: [93] 3 extrinsics, length: 59 (normal 0%, op: 0%, mandatory 0%) / normal weight:Weight(ref_time: 0, proof_size: 0) (ref_time: 0%, proof_size: 0%) op weight Weight(ref_time: 0, proof_size: 0) (ref_time 0%, proof_size 0%) / mandatory weight Weight(ref_time: 2348054174, proof_size: 13385) (ref_time: 0%, proof_size: 0%)
2026-01-21 17:28:06.002  INFO tokio-runtime-worker sc_basic_authorship::basic_authorship: 🎁 Prepared block for proposing at 93 (0 ms) hash: 0xe09a1716bcb24d765f4ff7b4d5fb8841712a4f9509830cdbfefc1ffd38009d1b; parent_hash: 0xb060…cfcc; end: NoMoreTransactions; extrinsics_count: 3
2026-01-21 17:28:06.003  INFO tokio-runtime-worker aura: 🔖 Pre-sealed block for proposal at 93. Hash now 0x9283a2f11d2bda30c4bd23e39cc78993b778fcc6f39e3444e8013f693d8251f8, previously 0xe09a1716bcb24d765f4ff7b4d5fb8841712a4f9509830cdbfefc1ffd38009d1b.
2026-01-21 17:28:06.003  INFO tokio-runtime-worker txpool: maintain txs=(0, 0) a=1 i=3 views=[(93, 0, 0)] event=NewBestBlock { hash: 0x9283a2f11d2bda30c4bd23e39cc78993b778fcc6f39e3444e8013f693d8251f8, tree_route: None } duration=85.076µs
2026-01-21 17:28:06.003  INFO tokio-runtime-worker substrate: 🏆 Imported #93 (0xb060…cfcc → 0x9283…51f8)
2026-01-21 17:28:06.353  INFO tokio-runtime-worker substrate: 💤 Idle (0 peers), best: #93 (0x9283…51f8), finalized #90 (0x6c9c…8473), ⬇ 0 ⬆ 0
2026-01-21 17:28:07.248  INFO tokio-runtime-worker txpool: maintain txs=(0, 0) a=1 i=2 views=[(93, 0, 0)] event=Finalized { hash: 0xca2fd9aaa5ffd63f514bf98852ac684914ba358321ebd87abd56115e4b307d5c, tree_route: [] } duration=44.415µs
2026-01-21 17:28:11.353  INFO tokio-runtime-worker substrate: 💤 Idle (0 peers), best: #93 (0x9283…51f8), finalized #91 (0xca2f…7d5c), ⬇ 0 ⬆ 0
2026-01-21 17:28:12.001  INFO tokio-runtime-worker sc_basic_authorship::basic_authorship: 🙌 Starting consensus session on top of parent 0x9283a2f11d2bda30c4bd23e39cc78993b778fcc6f39e3444e8013f693d8251f8 (#93)
2026-01-21 17:28:12.001 DEBUG tokio-runtime-worker runtime::executive: [94]: Block initialization weight consumption: Weight { ref_time: 1275050903, proof_size: 4190 }
2026-01-21 17:28:12.002  INFO tokio-runtime-worker pallet_block_production_log::pallet: 👷 Block 94 producer is ProBono(<wasm:stripped>)
2026-01-21 17:28:12.002 DEBUG tokio-runtime-worker runtime::system: [94] 3 extrinsics, length: 59 (normal 0%, op: 0%, mandatory 0%) / normal weight:Weight(ref_time: 0, proof_size: 0) (ref_time: 0%, proof_size: 0%) op weight Weight(ref_time: 0, proof_size: 0) (ref_time 0%, proof_size 0%) / mandatory weight Weight(ref_time: 2348054174, proof_size: 13385) (ref_time: 0%, proof_size: 0%)
2026-01-21 17:28:12.002  INFO tokio-runtime-worker sc_basic_authorship::basic_authorship: 🎁 Prepared block for proposing at 94 (0 ms) hash: 0x655a05ee8084338629dc5891ab2d1dc7337060499afbaf292234c2b8d4ed9549; parent_hash: 0x9283…51f8; end: NoMoreTransactions; extrinsics_count: 3
2026-01-21 17:28:12.003  INFO tokio-runtime-worker aura: 🔖 Pre-sealed block for proposal at 94. Hash now 0xebcb34319d5ad0327a54d9caa0d24682d8214db4897d5aafafb35b4c52beafcf, previously 0x655a05ee8084338629dc5891ab2d1dc7337060499afbaf292234c2b8d4ed9549.
2026-01-21 17:28:12.003  INFO tokio-runtime-worker substrate: 🏆 Imported #94 (0x9283…51f8 → 0xebcb…afcf)
2026-01-21 17:28:12.003  INFO tokio-runtime-worker txpool: maintain txs=(0, 0) a=1 i=3 views=[(94, 0, 0)] event=NewBestBlock { hash: 0xebcb34319d5ad0327a54d9caa0d24682d8214db4897d5aafafb35b4c52beafcf, tree_route: None } duration=90.806µs
2026-01-21 17:28:13.914  INFO tokio-runtime-worker txpool: maintain txs=(0, 0) a=1 i=2 views=[(94, 0, 0)] event=Finalized { hash: 0xb060373ac1e82b44810c4a54342c1516d8427c4e6d79e34691cf3fe1f8eccfcc, tree_route: [] } duration=49.546µs
2026-01-21 17:28:16.354  INFO tokio-runtime-worker substrate: 💤 Idle (0 peers), best: #94 (0xebcb…afcf), finalized #92 (0xb060…cfcc), ⬇ 0 ⬆ 0
2026-01-21 17:28:18.001  INFO tokio-runtime-worker sc_basic_authorship::basic_authorship: 🙌 Starting consensus session on top of parent 0xebcb34319d5ad0327a54d9caa0d24682d8214db4897d5aafafb35b4c52beafcf (#94)
2026-01-21 17:28:18.001 DEBUG tokio-runtime-worker runtime::executive: [95]: Block initialization weight consumption: Weight { ref_time: 1275050903, proof_size: 4190 }
2026-01-21 17:28:18.002  INFO tokio-runtime-worker pallet_block_production_log::pallet: 👷 Block 95 producer is ProBono(<wasm:stripped>)
2026-01-21 17:28:18.002 DEBUG tokio-runtime-worker runtime::system: [95] 3 extrinsics, length: 59 (normal 0%, op: 0%, mandatory 0%) / normal weight:Weight(ref_time: 0, proof_size: 0) (ref_time: 0%, proof_size: 0%) op weight Weight(ref_time: 0, proof_size: 0) (ref_time 0%, proof_size 0%) / mandatory weight Weight(ref_time: 2348054174, proof_size: 13385) (ref_time: 0%, proof_size: 0%)
2026-01-21 17:28:18.002  INFO tokio-runtime-worker sc_basic_authorship::basic_authorship: 🎁 Prepared block for proposing at 95 (0 ms) hash: 0x19a51b93b237a65a3955f628d8a327294b5c9b1fa1dfe5cb16cba9a3c6afa953; parent_hash: 0xebcb…afcf; end: NoMoreTransactions; extrinsics_count: 3
2026-01-21 17:28:18.003  INFO tokio-runtime-worker aura: 🔖 Pre-sealed block for proposal at 95. Hash now 0x2268cb3d51019ba40b1e5f0af9fee383d2edbaabdd18e1dc0b1093d3ae267580, previously 0x19a51b93b237a65a3955f628d8a327294b5c9b1fa1dfe5cb16cba9a3c6afa953.
2026-01-21 17:28:18.003  INFO tokio-runtime-worker substrate: 🏆 Imported #95 (0xebcb…afcf → 0x2268…7580)
2026-01-21 17:28:18.003  INFO tokio-runtime-worker txpool: maintain txs=(0, 0) a=1 i=3 views=[(95, 0, 0)] event=NewBestBlock { hash: 0x2268cb3d51019ba40b1e5f0af9fee383d2edbaabdd18e1dc0b1093d3ae267580, tree_route: None } duration=89.691µs
2026-01-21 17:28:19.247  INFO tokio-runtime-worker txpool: maintain txs=(0, 0) a=1 i=2 views=[(95, 0, 0)] event=Finalized { hash: 0x9283a2f11d2bda30c4bd23e39cc78993b778fcc6f39e3444e8013f693d8251f8, tree_route: [] } duration=47.365µs
2026-01-21 17:28:21.354  INFO tokio-runtime-worker substrate: 💤 Idle (0 peers), best: #95 (0x2268…7580), finalized #93 (0x9283…51f8), ⬇ 0 ⬆ 0
2026-01-21 17:28:24.000  INFO tokio-runtime-worker sc_basic_authorship::basic_authorship: 🙌 Starting consensus session on top of parent 0x2268cb3d51019ba40b1e5f0af9fee383d2edbaabdd18e1dc0b1093d3ae267580 (#95)
2026-01-21 17:28:24.001 DEBUG tokio-runtime-worker runtime::executive: [96]: Block initialization weight consumption: Weight { ref_time: 1275050903, proof_size: 4190 }
2026-01-21 17:28:24.001  INFO tokio-runtime-worker pallet_block_production_log::pallet: 👷 Block 96 producer is ProBono(<wasm:stripped>)
2026-01-21 17:28:24.001 DEBUG tokio-runtime-worker runtime::system: [96] 3 extrinsics, length: 59 (normal 0%, op: 0%, mandatory 0%) / normal weight:Weight(ref_time: 0, proof_size: 0) (ref_time: 0%, proof_size: 0%) op weight Weight(ref_time: 0, proof_size: 0) (ref_time 0%, proof_size 0%) / mandatory weight Weight(ref_time: 2348054174, proof_size: 13385) (ref_time: 0%, proof_size: 0%)
2026-01-21 17:28:24.001  INFO tokio-runtime-worker sc_basic_authorship::basic_authorship: 🎁 Prepared block for proposing at 96 (0 ms) hash: 0x4989df875481e9f87bd430844666e2842a2f6b67251eb927e0ddb3800bb09218; parent_hash: 0x2268…7580; end: NoMoreTransactions; extrinsics_count: 3
2026-01-21 17:28:24.003  INFO tokio-runtime-worker aura: 🔖 Pre-sealed block for proposal at 96. Hash now 0x8dc4ca08da8e5a4008c33de49abcca27862b9a7247c4037f18faa32e909659d1, previously 0x4989df875481e9f87bd430844666e2842a2f6b67251eb927e0ddb3800bb09218.
2026-01-21 17:28:24.004  INFO tokio-runtime-worker substrate: 🏆 Imported #96 (0x2268…7580 → 0x8dc4…59d1)
2026-01-21 17:28:24.004  INFO tokio-runtime-worker txpool: maintain txs=(0, 0) a=1 i=3 views=[(96, 0, 0)] event=NewBestBlock { hash: 0x8dc4ca08da8e5a4008c33de49abcca27862b9a7247c4037f18faa32e909659d1, tree_route: None } duration=270.853µs
2026-01-21 17:28:25.914  INFO tokio-runtime-worker txpool: maintain txs=(0, 0) a=1 i=2 views=[(96, 0, 0)] event=Finalized { hash: 0xebcb34319d5ad0327a54d9caa0d24682d8214db4897d5aafafb35b4c52beafcf, tree_route: [] } duration=47.652µs
2026-01-21 17:28:26.354  INFO tokio-runtime-worker substrate: 💤 Idle (0 peers), best: #96 (0x8dc4…59d1), finalized #94 (0xebcb…afcf), ⬇ 0 ⬆ 0
2026-01-21 17:28:30.001  INFO tokio-runtime-worker sc_basic_authorship::basic_authorship: 🙌 Starting consensus session on top of parent 0x8dc4ca08da8e5a4008c33de49abcca27862b9a7247c4037f18faa32e909659d1 (#96)
2026-01-21 17:28:30.001 DEBUG tokio-runtime-worker runtime::executive: [97]: Block initialization weight consumption: Weight { ref_time: 1275050903, proof_size: 4190 }
2026-01-21 17:28:30.001  INFO tokio-runtime-worker pallet_block_production_log::pallet: 👷 Block 97 producer is ProBono(<wasm:stripped>)
2026-01-21 17:28:30.001 DEBUG tokio-runtime-worker runtime::system: [97] 3 extrinsics, length: 59 (normal 0%, op: 0%, mandatory 0%) / normal weight:Weight(ref_time: 0, proof_size: 0) (ref_time: 0%, proof_size: 0%) op weight Weight(ref_time: 0, proof_size: 0) (ref_time 0%, proof_size 0%) / mandatory weight Weight(ref_time: 2348054174, proof_size: 13385) (ref_time: 0%, proof_size: 0%)
2026-01-21 17:28:30.002  INFO tokio-runtime-worker sc_basic_authorship::basic_authorship: 🎁 Prepared block for proposing at 97 (0 ms) hash: 0xe73b3cbd3a38cacc8ddc1bec4804d809e74c4cf0bd2ca2f6df19a93a39b3827e; parent_hash: 0x8dc4…59d1; end: NoMoreTransactions; extrinsics_count: 3
2026-01-21 17:28:30.002  INFO tokio-runtime-worker aura: 🔖 Pre-sealed block for proposal at 97. Hash now 0x47400c7fd894ec60a2c944a2f32606b09055d6449ede9c608ce804d20bb247d2, previously 0xe73b3cbd3a38cacc8ddc1bec4804d809e74c4cf0bd2ca2f6df19a93a39b3827e.
2026-01-21 17:28:30.003  INFO tokio-runtime-worker substrate: 🏆 Imported #97 (0x8dc4…59d1 → 0x4740…47d2)
2026-01-21 17:28:30.003  INFO tokio-runtime-worker txpool: maintain txs=(0, 0) a=1 i=3 views=[(97, 0, 0)] event=NewBestBlock { hash: 0x47400c7fd894ec60a2c944a2f32606b09055d6449ede9c608ce804d20bb247d2, tree_route: None } duration=100.316µs
2026-01-21 17:28:31.246  INFO tokio-runtime-worker txpool: maintain txs=(0, 0) a=1 i=2 views=[(97, 0, 0)] event=Finalized { hash: 0x2268cb3d51019ba40b1e5f0af9fee383d2edbaabdd18e1dc0b1093d3ae267580, tree_route: [] } duration=44.737µs
2026-01-21 17:28:31.355  INFO tokio-runtime-worker substrate: 💤 Idle (0 peers), best: #97 (0x4740…47d2), finalized #95 (0x2268…7580), ⬇ 0 ⬆ 0
2026-01-21 17:28:36.001  INFO tokio-runtime-worker sc_basic_authorship::basic_authorship: 🙌 Starting consensus session on top of parent 0x47400c7fd894ec60a2c944a2f32606b09055d6449ede9c608ce804d20bb247d2 (#97)
2026-01-21 17:28:36.001 DEBUG tokio-runtime-worker runtime::executive: [98]: Block initialization weight consumption: Weight { ref_time: 1275050903, proof_size: 4190 }
2026-01-21 17:28:36.001  INFO tokio-runtime-worker pallet_block_production_log::pallet: 👷 Block 98 producer is ProBono(<wasm:stripped>)
2026-01-21 17:28:36.001 DEBUG tokio-runtime-worker runtime::system: [98] 3 extrinsics, length: 59 (normal 0%, op: 0%, mandatory 0%) / normal weight:Weight(ref_time: 0, proof_size: 0) (ref_time: 0%, proof_size: 0%) op weight Weight(ref_time: 0, proof_size: 0) (ref_time 0%, proof_size 0%) / mandatory weight Weight(ref_time: 2348054174, proof_size: 13385) (ref_time: 0%, proof_size: 0%)
2026-01-21 17:28:36.002  INFO tokio-runtime-worker sc_basic_authorship::basic_authorship: 🎁 Prepared block for proposing at 98 (0 ms) hash: 0xb83de3b960550c095b57751e2c0905deb8e6cc45e05e8119c8cf0dcaf959f71f; parent_hash: 0x4740…47d2; end: NoMoreTransactions; extrinsics_count: 3
2026-01-21 17:28:36.002  INFO tokio-runtime-worker aura: 🔖 Pre-sealed block for proposal at 98. Hash now 0xe0c7497f110e14f13460f8bae818360f3a27c500aa135d2e6d063dac34df615a, previously 0xb83de3b960550c095b57751e2c0905deb8e6cc45e05e8119c8cf0dcaf959f71f.
2026-01-21 17:28:36.003  INFO tokio-runtime-worker substrate: 🏆 Imported #98 (0x4740…47d2 → 0xe0c7…615a)
2026-01-21 17:28:36.003  INFO tokio-runtime-worker txpool: maintain txs=(0, 0) a=1 i=3 views=[(98, 0, 0)] event=NewBestBlock { hash: 0xe0c7497f110e14f13460f8bae818360f3a27c500aa135d2e6d063dac34df615a, tree_route: None } duration=132.254µs
2026-01-21 17:28:36.355  INFO tokio-runtime-worker substrate: 💤 Idle (0 peers), best: #98 (0xe0c7…615a), finalized #95 (0x2268…7580), ⬇ 0 ⬆ 0
2026-01-21 17:28:37.913  INFO tokio-runtime-worker txpool: maintain txs=(0, 0) a=1 i=2 views=[(98, 0, 0)] event=Finalized { hash: 0x8dc4ca08da8e5a4008c33de49abcca27862b9a7247c4037f18faa32e909659d1, tree_route: [] } duration=46.138µs
2026-01-21 17:28:41.355  INFO tokio-runtime-worker substrate: 💤 Idle (0 peers), best: #98 (0xe0c7…615a), finalized #96 (0x8dc4…59d1), ⬇ 0 ⬆ 0
2026-01-21 17:28:42.001  INFO tokio-runtime-worker sc_basic_authorship::basic_authorship: 🙌 Starting consensus session on top of parent 0xe0c7497f110e14f13460f8bae818360f3a27c500aa135d2e6d063dac34df615a (#98)
2026-01-21 17:28:42.001 DEBUG tokio-runtime-worker runtime::executive: [99]: Block initialization weight consumption: Weight { ref_time: 1275050903, proof_size: 4190 }
2026-01-21 17:28:42.002  INFO tokio-runtime-worker pallet_block_production_log::pallet: 👷 Block 99 producer is ProBono(<wasm:stripped>)
2026-01-21 17:28:42.002 DEBUG tokio-runtime-worker runtime::system: [99] 3 extrinsics, length: 59 (normal 0%, op: 0%, mandatory 0%) / normal weight:Weight(ref_time: 0, proof_size: 0) (ref_time: 0%, proof_size: 0%) op weight Weight(ref_time: 0, proof_size: 0) (ref_time 0%, proof_size 0%) / mandatory weight Weight(ref_time: 2348054174, proof_size: 13385) (ref_time: 0%, proof_size: 0%)
2026-01-21 17:28:42.002  INFO tokio-runtime-worker sc_basic_authorship::basic_authorship: 🎁 Prepared block for proposing at 99 (0 ms) hash: 0x6eeeb2d96026a73d9c83f121ea08235d980dc11b35faa563f4230cdc5832202a; parent_hash: 0xe0c7…615a; end: NoMoreTransactions; extrinsics_count: 3
2026-01-21 17:28:42.003  INFO tokio-runtime-worker aura: 🔖 Pre-sealed block for proposal at 99. Hash now 0xba768cc0b0d2f422f454f9cab8b019811d75631c7743ff7f722d6f948fe827b9, previously 0x6eeeb2d96026a73d9c83f121ea08235d980dc11b35faa563f4230cdc5832202a.
2026-01-21 17:28:42.003  INFO tokio-runtime-worker substrate: 🏆 Imported #99 (0xe0c7…615a → 0xba76…27b9)
2026-01-21 17:28:42.003  INFO tokio-runtime-worker txpool: maintain txs=(0, 0) a=1 i=3 views=[(99, 0, 0)] event=NewBestBlock { hash: 0xba768cc0b0d2f422f454f9cab8b019811d75631c7743ff7f722d6f948fe827b9, tree_route: None } duration=97.249µs
2026-01-21 17:28:43.245  INFO tokio-runtime-worker txpool: maintain txs=(0, 0) a=1 i=2 views=[(99, 0, 0)] event=Finalized { hash: 0x47400c7fd894ec60a2c944a2f32606b09055d6449ede9c608ce804d20bb247d2, tree_route: [] } duration=49.088µs
2026-01-21 17:28:46.356  INFO tokio-runtime-worker substrate: 💤 Idle (0 peers), best: #99 (0xba76…27b9), finalized #97 (0x4740…47d2), ⬇ 0 ⬆ 0
2026-01-21 17:28:48.001  INFO tokio-runtime-worker sc_basic_authorship::basic_authorship: 🙌 Starting consensus session on top of parent 0xba768cc0b0d2f422f454f9cab8b019811d75631c7743ff7f722d6f948fe827b9 (#99)
2026-01-21 17:28:48.001 DEBUG tokio-runtime-worker runtime::executive: [100]: Block initialization weight consumption: Weight { ref_time: 1275050903, proof_size: 4190 }
2026-01-21 17:28:48.002  INFO tokio-runtime-worker pallet_block_production_log::pallet: 👷 Block 100 producer is ProBono(<wasm:stripped>)
2026-01-21 17:28:48.002 DEBUG tokio-runtime-worker runtime::system: [100] 3 extrinsics, length: 59 (normal 0%, op: 0%, mandatory 0%) / normal weight:Weight(ref_time: 0, proof_size: 0) (ref_time: 0%, proof_size: 0%) op weight Weight(ref_time: 0, proof_size: 0) (ref_time 0%, proof_size 0%) / mandatory weight Weight(ref_time: 2348054174, proof_size: 13385) (ref_time: 0%, proof_size: 0%)
2026-01-21 17:28:48.002  INFO tokio-runtime-worker sc_basic_authorship::basic_authorship: 🎁 Prepared block for proposing at 100 (0 ms) hash: 0x8afc2c736430fb96fd7f071462737f126280198924e50c11e7b7c638dc4ff43d; parent_hash: 0xba76…27b9; end: NoMoreTransactions; extrinsics_count: 3
2026-01-21 17:28:48.003  INFO tokio-runtime-worker aura: 🔖 Pre-sealed block for proposal at 100. Hash now 0x7c805ce3c793476a824cb55bd081c653793f8863cffbd5849fbbd8413524d4bd, previously 0x8afc2c736430fb96fd7f071462737f126280198924e50c11e7b7c638dc4ff43d.
2026-01-21 17:28:48.003  INFO tokio-runtime-worker txpool: maintain txs=(0, 0) a=1 i=3 views=[(100, 0, 0)] event=NewBestBlock { hash: 0x7c805ce3c793476a824cb55bd081c653793f8863cffbd5849fbbd8413524d4bd, tree_route: None } duration=89.232µs
2026-01-21 17:28:48.003  INFO tokio-runtime-worker substrate: 🏆 Imported #100 (0xba76…27b9 → 0x7c80…d4bd)
2026-01-21 17:28:49.912  INFO tokio-runtime-worker txpool: maintain txs=(0, 0) a=1 i=2 views=[(100, 0, 0)] event=Finalized { hash: 0xe0c7497f110e14f13460f8bae818360f3a27c500aa135d2e6d063dac34df615a, tree_route: [] } duration=76.407µs
2026-01-21 17:28:51.356  INFO tokio-runtime-worker substrate: 💤 Idle (0 peers), best: #100 (0x7c80…d4bd), finalized #98 (0xe0c7…615a), ⬇ 0 ⬆ 0
2026-01-21 17:28:54.002  INFO tokio-runtime-worker sc_basic_authorship::basic_authorship: 🙌 Starting consensus session on top of parent 0x7c805ce3c793476a824cb55bd081c653793f8863cffbd5849fbbd8413524d4bd (#100)
2026-01-21 17:28:54.003 DEBUG tokio-runtime-worker runtime::executive: [101]: Block initialization weight consumption: Weight { ref_time: 1275050903, proof_size: 4190 }
2026-01-21 17:28:54.003  INFO tokio-runtime-worker pallet_block_production_log::pallet: 👷 Block 101 producer is ProBono(<wasm:stripped>)
2026-01-21 17:28:54.003 DEBUG tokio-runtime-worker runtime::system: [101] 3 extrinsics, length: 59 (normal 0%, op: 0%, mandatory 0%) / normal weight:Weight(ref_time: 0, proof_size: 0) (ref_time: 0%, proof_size: 0%) op weight Weight(ref_time: 0, proof_size: 0) (ref_time 0%, proof_size 0%) / mandatory weight Weight(ref_time: 2348054174, proof_size: 13385) (ref_time: 0%, proof_size: 0%)
2026-01-21 17:28:54.003  INFO tokio-runtime-worker sc_basic_authorship::basic_authorship: 🎁 Prepared block for proposing at 101 (0 ms) hash: 0x69de42c81b58d6a7cd4353b8c83a87f8a7653fde2c5ca836ce187770a8c9f86b; parent_hash: 0x7c80…d4bd; end: NoMoreTransactions; extrinsics_count: 3
2026-01-21 17:28:54.004  INFO tokio-runtime-worker aura: 🔖 Pre-sealed block for proposal at 101. Hash now 0x21b466cd02c9606660f5a2f44d583889dac90607ed89987f2929bc3485bb0b39, previously 0x69de42c81b58d6a7cd4353b8c83a87f8a7653fde2c5ca836ce187770a8c9f86b.
2026-01-21 17:28:54.005  INFO tokio-runtime-worker substrate: 🏆 Imported #101 (0x7c80…d4bd → 0x21b4…0b39)
2026-01-21 17:28:54.005  INFO tokio-runtime-worker txpool: maintain txs=(0, 0) a=1 i=3 views=[(101, 0, 0)] event=NewBestBlock { hash: 0x21b466cd02c9606660f5a2f44d583889dac90607ed89987f2929bc3485bb0b39, tree_route: None } duration=94.984µs
2026-01-21 17:28:55.244  INFO tokio-runtime-worker txpool: maintain txs=(0, 0) a=1 i=2 views=[(101, 0, 0)] event=Finalized { hash: 0xba768cc0b0d2f422f454f9cab8b019811d75631c7743ff7f722d6f948fe827b9, tree_route: [] } duration=48.153µs
2026-01-21 17:28:56.356  INFO tokio-runtime-worker substrate: 💤 Idle (0 peers), best: #101 (0x21b4…0b39), finalized #99 (0xba76…27b9), ⬇ 0 ⬆ 0
2026-01-21 17:29:00.001  INFO tokio-runtime-worker sc_basic_authorship::basic_authorship: 🙌 Starting consensus session on top of parent 0x21b466cd02c9606660f5a2f44d583889dac90607ed89987f2929bc3485bb0b39 (#101)
2026-01-21 17:29:00.001 DEBUG tokio-runtime-worker runtime::executive: [102]: Block initialization weight consumption: Weight { ref_time: 1275050903, proof_size: 4190 }
2026-01-21 17:29:00.002  INFO tokio-runtime-worker pallet_block_production_log::pallet: 👷 Block 102 producer is ProBono(<wasm:stripped>)
2026-01-21 17:29:00.002 DEBUG tokio-runtime-worker runtime::system: [102] 3 extrinsics, length: 59 (normal 0%, op: 0%, mandatory 0%) / normal weight:Weight(ref_time: 0, proof_size: 0) (ref_time: 0%, proof_size: 0%) op weight Weight(ref_time: 0, proof_size: 0) (ref_time 0%, proof_size 0%) / mandatory weight Weight(ref_time: 2348054174, proof_size: 13385) (ref_time: 0%, proof_size: 0%)
2026-01-21 17:29:00.002  INFO tokio-runtime-worker sc_basic_authorship::basic_authorship: 🎁 Prepared block for proposing at 102 (0 ms) hash: 0xf866b1869ce46f1ea6a4dbaf653a6812feda85828dc0b58c9e54655e356e8551; parent_hash: 0x21b4…0b39; end: NoMoreTransactions; extrinsics_count: 3
2026-01-21 17:29:00.003  INFO tokio-runtime-worker aura: 🔖 Pre-sealed block for proposal at 102. Hash now 0xb7176b2783cb00d2ac172a67289db8b8560153c7e23d3adc4d15583ce94dc8ed, previously 0xf866b1869ce46f1ea6a4dbaf653a6812feda85828dc0b58c9e54655e356e8551.
2026-01-21 17:29:00.003  INFO tokio-runtime-worker substrate: 🏆 Imported #102 (0x21b4…0b39 → 0xb717…c8ed)
2026-01-21 17:29:00.003  INFO tokio-runtime-worker txpool: maintain txs=(0, 0) a=1 i=3 views=[(102, 0, 0)] event=NewBestBlock { hash: 0xb7176b2783cb00d2ac172a67289db8b8560153c7e23d3adc4d15583ce94dc8ed, tree_route: None } duration=97.369µs
2026-01-21 17:29:01.357  INFO tokio-runtime-worker substrate: 💤 Idle (0 peers), best: #102 (0xb717…c8ed), finalized #99 (0xba76…27b9), ⬇ 0 ⬆ 0
2026-01-21 17:29:01.910  INFO tokio-runtime-worker txpool: maintain txs=(0, 0) a=1 i=2 views=[(102, 0, 0)] event=Finalized { hash: 0x7c805ce3c793476a824cb55bd081c653793f8863cffbd5849fbbd8413524d4bd, tree_route: [] } duration=94.727µs
2026-01-21 17:29:06.001  INFO tokio-runtime-worker sc_basic_authorship::basic_authorship: 🙌 Starting consensus session on top of parent 0xb7176b2783cb00d2ac172a67289db8b8560153c7e23d3adc4d15583ce94dc8ed (#102)
2026-01-21 17:29:06.001 DEBUG tokio-runtime-worker runtime::executive: [103]: Block initialization weight consumption: Weight { ref_time: 1275050903, proof_size: 4190 }
2026-01-21 17:29:06.002  INFO tokio-runtime-worker pallet_block_production_log::pallet: 👷 Block 103 producer is ProBono(<wasm:stripped>)
2026-01-21 17:29:06.002 DEBUG tokio-runtime-worker runtime::system: [103] 3 extrinsics, length: 59 (normal 0%, op: 0%, mandatory 0%) / normal weight:Weight(ref_time: 0, proof_size: 0) (ref_time: 0%, proof_size: 0%) op weight Weight(ref_time: 0, proof_size: 0) (ref_time 0%, proof_size 0%) / mandatory weight Weight(ref_time: 2348054174, proof_size: 13385) (ref_time: 0%, proof_size: 0%)
2026-01-21 17:29:06.002  INFO tokio-runtime-worker sc_basic_authorship::basic_authorship: 🎁 Prepared block for proposing at 103 (1 ms) hash: 0x0758dc01faa6d99028b532cd4001c940d0412f28feba1b7d3391e24e93d6fbeb; parent_hash: 0xb717…c8ed; end: NoMoreTransactions; extrinsics_count: 3
2026-01-21 17:29:06.003  INFO tokio-runtime-worker aura: 🔖 Pre-sealed block for proposal at 103. Hash now 0xc90502144fbe10df98662e855d4e5c08d9a3b627551bf750707bbd65533a5b9b, previously 0x0758dc01faa6d99028b532cd4001c940d0412f28feba1b7d3391e24e93d6fbeb.
2026-01-21 17:29:06.003  INFO tokio-runtime-worker substrate: 🏆 Imported #103 (0xb717…c8ed → 0xc905…5b9b)
2026-01-21 17:29:06.004  INFO tokio-runtime-worker txpool: maintain txs=(0, 0) a=1 i=3 views=[(103, 0, 0)] event=NewBestBlock { hash: 0xc90502144fbe10df98662e855d4e5c08d9a3b627551bf750707bbd65533a5b9b, tree_route: None } duration=182.879µs
2026-01-21 17:29:06.357  INFO tokio-runtime-worker substrate: 💤 Idle (0 peers), best: #103 (0xc905…5b9b), finalized #100 (0x7c80…d4bd), ⬇ 0 ⬆ 0
2026-01-21 17:29:07.242  INFO tokio-runtime-worker txpool: maintain txs=(0, 0) a=1 i=2 views=[(103, 0, 0)] event=Finalized { hash: 0x21b466cd02c9606660f5a2f44d583889dac90607ed89987f2929bc3485bb0b39, tree_route: [] } duration=43.591µs
2026-01-21 17:29:11.358  INFO tokio-runtime-worker substrate: 💤 Idle (0 peers), best: #103 (0xc905…5b9b), finalized #101 (0x21b4…0b39), ⬇ 0 ⬆ 0
2026-01-21 17:29:12.001  INFO tokio-runtime-worker sc_basic_authorship::basic_authorship: 🙌 Starting consensus session on top of parent 0xc90502144fbe10df98662e855d4e5c08d9a3b627551bf750707bbd65533a5b9b (#103)
2026-01-21 17:29:12.001 DEBUG tokio-runtime-worker runtime::executive: [104]: Block initialization weight consumption: Weight { ref_time: 1275050903, proof_size: 4190 }
2026-01-21 17:29:12.001  INFO tokio-runtime-worker pallet_block_production_log::pallet: 👷 Block 104 producer is ProBono(<wasm:stripped>)
2026-01-21 17:29:12.001 DEBUG tokio-runtime-worker runtime::system: [104] 3 extrinsics, length: 59 (normal 0%, op: 0%, mandatory 0%) / normal weight:Weight(ref_time: 0, proof_size: 0) (ref_time: 0%, proof_size: 0%) op weight Weight(ref_time: 0, proof_size: 0) (ref_time 0%, proof_size 0%) / mandatory weight Weight(ref_time: 2348054174, proof_size: 13385) (ref_time: 0%, proof_size: 0%)
2026-01-21 17:29:12.002  INFO tokio-runtime-worker sc_basic_authorship::basic_authorship: 🎁 Prepared block for proposing at 104 (0 ms) hash: 0xab1047e22b0d286c0f4028a538d399eed12b92a6f115fd55d66f207f94708804; parent_hash: 0xc905…5b9b; end: NoMoreTransactions; extrinsics_count: 3
2026-01-21 17:29:12.003  INFO tokio-runtime-worker aura: 🔖 Pre-sealed block for proposal at 104. Hash now 0xe3f71bcfa63afddfa1c61f130e9b70457123b9a1f1f01461be7ec2f270bbf2e7, previously 0xab1047e22b0d286c0f4028a538d399eed12b92a6f115fd55d66f207f94708804.
2026-01-21 17:29:12.003  INFO tokio-runtime-worker substrate: 🏆 Imported #104 (0xc905…5b9b → 0xe3f7…f2e7)
2026-01-21 17:29:12.003  INFO tokio-runtime-worker txpool: maintain txs=(0, 0) a=1 i=3 views=[(104, 0, 0)] event=NewBestBlock { hash: 0xe3f71bcfa63afddfa1c61f130e9b70457123b9a1f1f01461be7ec2f270bbf2e7, tree_route: None } duration=162.679µs
2026-01-21 17:29:13.907  INFO tokio-runtime-worker txpool: maintain txs=(0, 0) a=1 i=2 views=[(104, 0, 0)] event=Finalized { hash: 0xb7176b2783cb00d2ac172a67289db8b8560153c7e23d3adc4d15583ce94dc8ed, tree_route: [] } duration=43.223µs
2026-01-21 17:29:16.358  INFO tokio-runtime-worker substrate: 💤 Idle (0 peers), best: #104 (0xe3f7…f2e7), finalized #102 (0xb717…c8ed), ⬇ 0 ⬆ 0
2026-01-21 17:29:18.001  INFO tokio-runtime-worker sc_basic_authorship::basic_authorship: 🙌 Starting consensus session on top of parent 0xe3f71bcfa63afddfa1c61f130e9b70457123b9a1f1f01461be7ec2f270bbf2e7 (#104)
2026-01-21 17:29:18.001 DEBUG tokio-runtime-worker runtime::executive: [105]: Block initialization weight consumption: Weight { ref_time: 1275050903, proof_size: 4190 }
2026-01-21 17:29:18.002  INFO tokio-runtime-worker pallet_block_production_log::pallet: 👷 Block 105 producer is ProBono(<wasm:stripped>)
2026-01-21 17:29:18.002 DEBUG tokio-runtime-worker runtime::system: [105] 3 extrinsics, length: 59 (normal 0%, op: 0%, mandatory 0%) / normal weight:Weight(ref_time: 0, proof_size: 0) (ref_time: 0%, proof_size: 0%) op weight Weight(ref_time: 0, proof_size: 0) (ref_time 0%, proof_size 0%) / mandatory weight Weight(ref_time: 2348054174, proof_size: 13385) (ref_time: 0%, proof_size: 0%)
2026-01-21 17:29:18.002  INFO tokio-runtime-worker sc_basic_authorship::basic_authorship: 🎁 Prepared block for proposing at 105 (1 ms) hash: 0xfc7a029314c30e0cc6ede19a1e337f0906e3403d3fb719868c05c5284f102d2b; parent_hash: 0xe3f7…f2e7; end: NoMoreTransactions; extrinsics_count: 3
2026-01-21 17:29:18.003  INFO tokio-runtime-worker aura: 🔖 Pre-sealed block for proposal at 105. Hash now 0x7c514a6cab4e151043e680ca97786f8441cfe6493626fb837930ff81c518a5a6, previously 0xfc7a029314c30e0cc6ede19a1e337f0906e3403d3fb719868c05c5284f102d2b.
2026-01-21 17:29:18.003  INFO tokio-runtime-worker txpool: maintain txs=(0, 0) a=1 i=3 views=[(105, 0, 0)] event=NewBestBlock { hash: 0x7c514a6cab4e151043e680ca97786f8441cfe6493626fb837930ff81c518a5a6, tree_route: None } duration=183.094µs
2026-01-21 17:29:18.003  INFO tokio-runtime-worker substrate: 🏆 Imported #105 (0xe3f7…f2e7 → 0x7c51…a5a6)
2026-01-21 17:29:19.241  INFO tokio-runtime-worker txpool: maintain txs=(0, 0) a=1 i=2 views=[(105, 0, 0)] event=Finalized { hash: 0xc90502144fbe10df98662e855d4e5c08d9a3b627551bf750707bbd65533a5b9b, tree_route: [] } duration=124.193µs
2026-01-21 17:29:21.358  INFO tokio-runtime-worker substrate: 💤 Idle (0 peers), best: #105 (0x7c51…a5a6), finalized #103 (0xc905…5b9b), ⬇ 0 ⬆ 0
2026-01-21 17:29:24.001  INFO tokio-runtime-worker sc_basic_authorship::basic_authorship: 🙌 Starting consensus session on top of parent 0x7c514a6cab4e151043e680ca97786f8441cfe6493626fb837930ff81c518a5a6 (#105)
2026-01-21 17:29:24.001 DEBUG tokio-runtime-worker runtime::executive: [106]: Block initialization weight consumption: Weight { ref_time: 1275050903, proof_size: 4190 }
2026-01-21 17:29:24.002  INFO tokio-runtime-worker pallet_block_production_log::pallet: 👷 Block 106 producer is ProBono(<wasm:stripped>)
2026-01-21 17:29:24.002 DEBUG tokio-runtime-worker runtime::system: [106] 3 extrinsics, length: 59 (normal 0%, op: 0%, mandatory 0%) / normal weight:Weight(ref_time: 0, proof_size: 0) (ref_time: 0%, proof_size: 0%) op weight Weight(ref_time: 0, proof_size: 0) (ref_time 0%, proof_size 0%) / mandatory weight Weight(ref_time: 2348054174, proof_size: 13385) (ref_time: 0%, proof_size: 0%)
2026-01-21 17:29:24.002  INFO tokio-runtime-worker sc_basic_authorship::basic_authorship: 🎁 Prepared block for proposing at 106 (1 ms) hash: 0xab65e24d5f411177746137f0e84fa29bbc0dd9d785e364d0f0a67cfe80d92351; parent_hash: 0x7c51…a5a6; end: NoMoreTransactions; extrinsics_count: 3
2026-01-21 17:29:24.003  INFO tokio-runtime-worker aura: 🔖 Pre-sealed block for proposal at 106. Hash now 0x59a06ed84f4b3fa35302cff4606cd3e06b677616f7b00f4b712bbb5bb25d80cd, previously 0xab65e24d5f411177746137f0e84fa29bbc0dd9d785e364d0f0a67cfe80d92351.
2026-01-21 17:29:24.003  INFO tokio-runtime-worker txpool: maintain txs=(0, 0) a=1 i=3 views=[(106, 0, 0)] event=NewBestBlock { hash: 0x59a06ed84f4b3fa35302cff4606cd3e06b677616f7b00f4b712bbb5bb25d80cd, tree_route: None } duration=85.501µs
2026-01-21 17:29:24.003  INFO tokio-runtime-worker substrate: 🏆 Imported #106 (0x7c51…a5a6 → 0x59a0…80cd)
2026-01-21 17:29:25.906  INFO tokio-runtime-worker txpool: maintain txs=(0, 0) a=1 i=2 views=[(106, 0, 0)] event=Finalized { hash: 0xe3f71bcfa63afddfa1c61f130e9b70457123b9a1f1f01461be7ec2f270bbf2e7, tree_route: [] } duration=41.2µs
2026-01-21 17:29:26.359  INFO tokio-runtime-worker substrate: 💤 Idle (0 peers), best: #106 (0x59a0…80cd), finalized #104 (0xe3f7…f2e7), ⬇ 0 ⬆ 0
2026-01-21 17:29:30.001  INFO tokio-runtime-worker sc_basic_authorship::basic_authorship: 🙌 Starting consensus session on top of parent 0x59a06ed84f4b3fa35302cff4606cd3e06b677616f7b00f4b712bbb5bb25d80cd (#106)
2026-01-21 17:29:30.001 DEBUG tokio-runtime-worker runtime::executive: [107]: Block initialization weight consumption: Weight { ref_time: 1275050903, proof_size: 4190 }
2026-01-21 17:29:30.002  INFO tokio-runtime-worker pallet_block_production_log::pallet: 👷 Block 107 producer is ProBono(<wasm:stripped>)
2026-01-21 17:29:30.002 DEBUG tokio-runtime-worker runtime::system: [107] 3 extrinsics, length: 59 (normal 0%, op: 0%, mandatory 0%) / normal weight:Weight(ref_time: 0, proof_size: 0) (ref_time: 0%, proof_size: 0%) op weight Weight(ref_time: 0, proof_size: 0) (ref_time 0%, proof_size 0%) / mandatory weight Weight(ref_time: 2348054174, proof_size: 13385) (ref_time: 0%, proof_size: 0%)
2026-01-21 17:29:30.002  INFO tokio-runtime-worker sc_basic_authorship::basic_authorship: 🎁 Prepared block for proposing at 107 (0 ms) hash: 0xbb5cdd1a1c06d21505ef592b472f5990c79d7ce209a2351d82c26c63399a26cd; parent_hash: 0x59a0…80cd; end: NoMoreTransactions; extrinsics_count: 3
2026-01-21 17:29:30.003  INFO tokio-runtime-worker aura: 🔖 Pre-sealed block for proposal at 107. Hash now 0xd5357b863ec720dbcb3f0e092e13996ae9df170e48024e4c9f0dead687b8b565, previously 0xbb5cdd1a1c06d21505ef592b472f5990c79d7ce209a2351d82c26c63399a26cd.
2026-01-21 17:29:30.003  INFO tokio-runtime-worker substrate: 🏆 Imported #107 (0x59a0…80cd → 0xd535…b565)
2026-01-21 17:29:30.003  INFO tokio-runtime-worker txpool: maintain txs=(0, 0) a=1 i=3 views=[(107, 0, 0)] event=NewBestBlock { hash: 0xd5357b863ec720dbcb3f0e092e13996ae9df170e48024e4c9f0dead687b8b565, tree_route: None } duration=95.753µs
2026-01-21 17:29:31.239  INFO tokio-runtime-worker txpool: maintain txs=(0, 0) a=1 i=2 views=[(107, 0, 0)] event=Finalized { hash: 0x7c514a6cab4e151043e680ca97786f8441cfe6493626fb837930ff81c518a5a6, tree_route: [] } duration=42.04µs
2026-01-21 17:29:31.359  INFO tokio-runtime-worker substrate: 💤 Idle (0 peers), best: #107 (0xd535…b565), finalized #105 (0x7c51…a5a6), ⬇ 0 ⬆ 0
2026-01-21 17:29:36.001  INFO tokio-runtime-worker sc_basic_authorship::basic_authorship: 🙌 Starting consensus session on top of parent 0xd5357b863ec720dbcb3f0e092e13996ae9df170e48024e4c9f0dead687b8b565 (#107)
2026-01-21 17:29:36.002 DEBUG tokio-runtime-worker runtime::executive: [108]: Block initialization weight consumption: Weight { ref_time: 1275050903, proof_size: 4190 }
2026-01-21 17:29:36.002  INFO tokio-runtime-worker pallet_block_production_log::pallet: 👷 Block 108 producer is ProBono(<wasm:stripped>)
2026-01-21 17:29:36.002 DEBUG tokio-runtime-worker runtime::system: [108] 3 extrinsics, length: 59 (normal 0%, op: 0%, mandatory 0%) / normal weight:Weight(ref_time: 0, proof_size: 0) (ref_time: 0%, proof_size: 0%) op weight Weight(ref_time: 0, proof_size: 0) (ref_time 0%, proof_size 0%) / mandatory weight Weight(ref_time: 2348054174, proof_size: 13385) (ref_time: 0%, proof_size: 0%)
2026-01-21 17:29:36.002  INFO tokio-runtime-worker sc_basic_authorship::basic_authorship: 🎁 Prepared block for proposing at 108 (0 ms) hash: 0xe55cc6e50111cfd7087c731f179bda8fd67c698a7fb2c6d853dceffe412e89cc; parent_hash: 0xd535…b565; end: NoMoreTransactions; extrinsics_count: 3
2026-01-21 17:29:36.003  INFO tokio-runtime-worker aura: 🔖 Pre-sealed block for proposal at 108. Hash now 0xa5055b5e52742daf1ce9bdc1a1e4ef94796eb6298a28a9c8a836bd19c782dc92, previously 0xe55cc6e50111cfd7087c731f179bda8fd67c698a7fb2c6d853dceffe412e89cc.
2026-01-21 17:29:36.003  INFO tokio-runtime-worker substrate: 🏆 Imported #108 (0xd535…b565 → 0xa505…dc92)
2026-01-21 17:29:36.003  INFO tokio-runtime-worker txpool: maintain txs=(0, 0) a=1 i=3 views=[(108, 0, 0)] event=NewBestBlock { hash: 0xa5055b5e52742daf1ce9bdc1a1e4ef94796eb6298a28a9c8a836bd19c782dc92, tree_route: None } duration=93.747µs
2026-01-21 17:29:36.359  INFO tokio-runtime-worker substrate: 💤 Idle (0 peers), best: #108 (0xa505…dc92), finalized #105 (0x7c51…a5a6), ⬇ 0 ⬆ 0
2026-01-21 17:29:37.905  INFO tokio-runtime-worker txpool: maintain txs=(0, 0) a=1 i=2 views=[(108, 0, 0)] event=Finalized { hash: 0x59a06ed84f4b3fa35302cff4606cd3e06b677616f7b00f4b712bbb5bb25d80cd, tree_route: [] } duration=47.473µs
2026-01-21 17:29:41.360  INFO tokio-runtime-worker substrate: 💤 Idle (0 peers), best: #108 (0xa505…dc92), finalized #106 (0x59a0…80cd), ⬇ 0 ⬆ 0
2026-01-21 17:29:42.000  INFO tokio-runtime-worker sc_basic_authorship::basic_authorship: 🙌 Starting consensus session on top of parent 0xa5055b5e52742daf1ce9bdc1a1e4ef94796eb6298a28a9c8a836bd19c782dc92 (#108)
2026-01-21 17:29:42.001 DEBUG tokio-runtime-worker runtime::executive: [109]: Block initialization weight consumption: Weight { ref_time: 1275050903, proof_size: 4190 }
2026-01-21 17:29:42.001  INFO tokio-runtime-worker pallet_block_production_log::pallet: 👷 Block 109 producer is ProBono(<wasm:stripped>)
2026-01-21 17:29:42.001 DEBUG tokio-runtime-worker runtime::system: [109] 3 extrinsics, length: 59 (normal 0%, op: 0%, mandatory 0%) / normal weight:Weight(ref_time: 0, proof_size: 0) (ref_time: 0%, proof_size: 0%) op weight Weight(ref_time: 0, proof_size: 0) (ref_time 0%, proof_size 0%) / mandatory weight Weight(ref_time: 2348054174, proof_size: 13385) (ref_time: 0%, proof_size: 0%)
2026-01-21 17:29:42.001  INFO tokio-runtime-worker sc_basic_authorship::basic_authorship: 🎁 Prepared block for proposing at 109 (0 ms) hash: 0xa0b56184d47e4c255a30cdd0117625260559925744e98af2cff4bfea61deda20; parent_hash: 0xa505…dc92; end: NoMoreTransactions; extrinsics_count: 3
2026-01-21 17:29:42.002  INFO tokio-runtime-worker aura: 🔖 Pre-sealed block for proposal at 109. Hash now 0x7566a668d1e9777cca6b9151008e7b7f9f97c85840aa2821a4909ef57224352e, previously 0xa0b56184d47e4c255a30cdd0117625260559925744e98af2cff4bfea61deda20.
2026-01-21 17:29:42.003  INFO tokio-runtime-worker txpool: maintain txs=(0, 0) a=1 i=3 views=[(109, 0, 0)] event=NewBestBlock { hash: 0x7566a668d1e9777cca6b9151008e7b7f9f97c85840aa2821a4909ef57224352e, tree_route: None } duration=87.382µs
2026-01-21 17:29:42.003  INFO tokio-runtime-worker substrate: 🏆 Imported #109 (0xa505…dc92 → 0x7566…352e)
2026-01-21 17:29:43.237  INFO tokio-runtime-worker txpool: maintain txs=(0, 0) a=1 i=2 views=[(109, 0, 0)] event=Finalized { hash: 0xd5357b863ec720dbcb3f0e092e13996ae9df170e48024e4c9f0dead687b8b565, tree_route: [] } duration=48.384µs
2026-01-21 17:29:46.360  INFO tokio-runtime-worker substrate: 💤 Idle (0 peers), best: #109 (0x7566…352e), finalized #107 (0xd535…b565), ⬇ 0 ⬆ 0
2026-01-21 17:29:48.000  INFO tokio-runtime-worker sc_basic_authorship::basic_authorship: 🙌 Starting consensus session on top of parent 0x7566a668d1e9777cca6b9151008e7b7f9f97c85840aa2821a4909ef57224352e (#109)
2026-01-21 17:29:48.001 DEBUG tokio-runtime-worker runtime::executive: [110]: Block initialization weight consumption: Weight { ref_time: 1275050903, proof_size: 4190 }
2026-01-21 17:29:48.001  INFO tokio-runtime-worker pallet_block_production_log::pallet: 👷 Block 110 producer is ProBono(<wasm:stripped>)
2026-01-21 17:29:48.001 DEBUG tokio-runtime-worker runtime::system: [110] 3 extrinsics, length: 59 (normal 0%, op: 0%, mandatory 0%) / normal weight:Weight(ref_time: 0, proof_size: 0) (ref_time: 0%, proof_size: 0%) op weight Weight(ref_time: 0, proof_size: 0) (ref_time 0%, proof_size 0%) / mandatory weight Weight(ref_time: 2348054174, proof_size: 13385) (ref_time: 0%, proof_size: 0%)
2026-01-21 17:29:48.001  INFO tokio-runtime-worker sc_basic_authorship::basic_authorship: 🎁 Prepared block for proposing at 110 (0 ms) hash: 0x80862cf5e41cd82ad6580140f516c20259413da3afb1c81212b00f72fef9b23a; parent_hash: 0x7566…352e; end: NoMoreTransactions; extrinsics_count: 3
2026-01-21 17:29:48.002  INFO tokio-runtime-worker aura: 🔖 Pre-sealed block for proposal at 110. Hash now 0xc93a97564e41f33b811ea10f130b132b041f87ebeaffd0c5d7bc4210bb3a69cc, previously 0x80862cf5e41cd82ad6580140f516c20259413da3afb1c81212b00f72fef9b23a.
2026-01-21 17:29:48.003  INFO tokio-runtime-worker substrate: 🏆 Imported #110 (0x7566…352e → 0xc93a…69cc)
2026-01-21 17:29:48.003  INFO tokio-runtime-worker txpool: maintain txs=(0, 0) a=1 i=3 views=[(110, 0, 0)] event=NewBestBlock { hash: 0xc93a97564e41f33b811ea10f130b132b041f87ebeaffd0c5d7bc4210bb3a69cc, tree_route: None } duration=92.384µs
2026-01-21 17:29:49.903  INFO tokio-runtime-worker txpool: maintain txs=(0, 0) a=1 i=2 views=[(110, 0, 0)] event=Finalized { hash: 0xa5055b5e52742daf1ce9bdc1a1e4ef94796eb6298a28a9c8a836bd19c782dc92, tree_route: [] } duration=46.018µs
2026-01-21 17:29:51.360  INFO tokio-runtime-worker substrate: 💤 Idle (0 peers), best: #110 (0xc93a…69cc), finalized #108 (0xa505…dc92), ⬇ 0 ⬆ 0
2026-01-21 17:29:54.001  INFO tokio-runtime-worker sc_basic_authorship::basic_authorship: 🙌 Starting consensus session on top of parent 0xc93a97564e41f33b811ea10f130b132b041f87ebeaffd0c5d7bc4210bb3a69cc (#110)
2026-01-21 17:29:54.001 DEBUG tokio-runtime-worker runtime::executive: [111]: Block initialization weight consumption: Weight { ref_time: 1275050903, proof_size: 4190 }
2026-01-21 17:29:54.002  INFO tokio-runtime-worker pallet_block_production_log::pallet: 👷 Block 111 producer is ProBono(<wasm:stripped>)
2026-01-21 17:29:54.002 DEBUG tokio-runtime-worker runtime::system: [111] 3 extrinsics, length: 59 (normal 0%, op: 0%, mandatory 0%) / normal weight:Weight(ref_time: 0, proof_size: 0) (ref_time: 0%, proof_size: 0%) op weight Weight(ref_time: 0, proof_size: 0) (ref_time 0%, proof_size 0%) / mandatory weight Weight(ref_time: 2348054174, proof_size: 13385) (ref_time: 0%, proof_size: 0%)
2026-01-21 17:29:54.002  INFO tokio-runtime-worker sc_basic_authorship::basic_authorship: 🎁 Prepared block for proposing at 111 (1 ms) hash: 0x11c409929a846ac8adf1df622e10b5b05f2258420d96d1b8bac33afad179d2a5; parent_hash: 0xc93a…69cc; end: NoMoreTransactions; extrinsics_count: 3
2026-01-21 17:29:54.003  INFO tokio-runtime-worker aura: 🔖 Pre-sealed block for proposal at 111. Hash now 0xb093e1e1bbf62bd32b7f00055be53b4c2a3c8d9ffd1df82e5acb6b598e7169d7, previously 0x11c409929a846ac8adf1df622e10b5b05f2258420d96d1b8bac33afad179d2a5.
2026-01-21 17:29:54.003  INFO tokio-runtime-worker substrate: 🏆 Imported #111 (0xc93a…69cc → 0xb093…69d7)
2026-01-21 17:29:54.003  INFO tokio-runtime-worker txpool: maintain txs=(0, 0) a=1 i=3 views=[(111, 0, 0)] event=NewBestBlock { hash: 0xb093e1e1bbf62bd32b7f00055be53b4c2a3c8d9ffd1df82e5acb6b598e7169d7, tree_route: None } duration=190.663µs
2026-01-21 17:29:55.236  INFO tokio-runtime-worker txpool: maintain txs=(0, 0) a=1 i=2 views=[(111, 0, 0)] event=Finalized { hash: 0x7566a668d1e9777cca6b9151008e7b7f9f97c85840aa2821a4909ef57224352e, tree_route: [] } duration=81.384µs
2026-01-21 17:29:56.361  INFO tokio-runtime-worker substrate: 💤 Idle (0 peers), best: #111 (0xb093…69d7), finalized #109 (0x7566…352e), ⬇ 0 ⬆ 0
2026-01-21 17:30:00.001  INFO tokio-runtime-worker sc_basic_authorship::basic_authorship: 🙌 Starting consensus session on top of parent 0xb093e1e1bbf62bd32b7f00055be53b4c2a3c8d9ffd1df82e5acb6b598e7169d7 (#111)
2026-01-21 17:30:00.002  INFO tokio-runtime-worker pallet_sidechain::pallet: ⏳ New epoch 4913880 starting at block 112
2026-01-21 17:30:00.002  INFO tokio-runtime-worker pallet_session_validator_management::session_manager: End session 1
2026-01-21 17:30:00.002  INFO tokio-runtime-worker pallet_session_validator_management::session_manager: New session 2
2026-01-21 17:30:00.002  INFO tokio-runtime-worker pallet_session_validator_management::pallet: Committee rotated: Returning 32 validators, stored in epoch 4913880
2026-01-21 17:30:00.002  INFO tokio-runtime-worker pallet_session_validator_management::session_manager: Start session 2, epoch 4913880
2026-01-21 17:30:00.002 DEBUG tokio-runtime-worker runtime::executive: [112]: Block initialization weight consumption: Weight { ref_time: 2001375050903, proof_size: 18446744073709551615 }
2026-01-21 17:30:00.002  INFO tokio-runtime-worker authority_selection_inherents::select_authorities: 💼 Selected committee of 32 seats for epoch 4913881 from 1 permissioned and 0 registered candidates
2026-01-21 17:30:00.003  INFO tokio-runtime-worker pallet_session_validator_management::pallet: 💼 Storing committee of size 32 for epoch 4913881, input data hash: 0xf7173f6ae106bc42ae05f93f6fc039fce4bd42ad86638afa6dc4826b37848bb0
2026-01-21 17:30:00.003  INFO tokio-runtime-worker pallet_block_participation::pallet: 🧾 Processing block participation data up to slot 294832800.
2026-01-21 17:30:00.003  INFO tokio-runtime-worker partner_chains_demo_runtime::test_helper_pallet::pallet: 📊 Block participation inherent data released
2026-01-21 17:30:00.003  INFO tokio-runtime-worker pallet_block_production_log::pallet: 👷 Block 112 producer is ProBono(<wasm:stripped>)
2026-01-21 17:30:00.003 DEBUG tokio-runtime-worker runtime::system: [112] 6 extrinsics, length: 3313 (normal 0%, op: 0%, mandatory 0%) / normal weight:Weight(ref_time: 0, proof_size: 0) (ref_time: 0%, proof_size: 0%) op weight Weight(ref_time: 0, proof_size: 0) (ref_time 0%, proof_size 0%) / mandatory weight Weight(ref_time: 2002937421453, proof_size: 18446744073709551615) (ref_time: 0%, proof_size: 100%)
2026-01-21 17:30:00.004  INFO tokio-runtime-worker sc_basic_authorship::basic_authorship: 🎁 Prepared block for proposing at 112 (2 ms) hash: 0xf68ad2d8b63300af4bd889c90d6a8f9940be15c6179193497ac86973e4fb31af; parent_hash: 0xb093…69d7; end: NoMoreTransactions; extrinsics_count: 6
2026-01-21 17:30:00.004  INFO tokio-runtime-worker aura: 🔖 Pre-sealed block for proposal at 112. Hash now 0xe2e5e015206b666d1f288544f027a6f1134950b1d0f4fce63e626ce770fd102d, previously 0xf68ad2d8b63300af4bd889c90d6a8f9940be15c6179193497ac86973e4fb31af.
2026-01-21 17:30:00.005  INFO tokio-runtime-worker substrate: 🏆 Imported #112 (0xb093…69d7 → 0xe2e5…102d)
2026-01-21 17:30:00.005  INFO tokio-runtime-worker txpool: maintain txs=(0, 0) a=1 i=3 views=[(112, 0, 0)] event=NewBestBlock { hash: 0xe2e5e015206b666d1f288544f027a6f1134950b1d0f4fce63e626ce770fd102d, tree_route: None } duration=242.171µs
2026-01-21 17:30:01.361  INFO tokio-runtime-worker substrate: 💤 Idle (0 peers), best: #112 (0xe2e5…102d), finalized #109 (0x7566…352e), ⬇ 0 ⬆ 0
2026-01-21 17:30:01.902  INFO tokio-runtime-worker txpool: maintain txs=(0, 0) a=1 i=2 views=[(112, 0, 0)] event=Finalized { hash: 0xc93a97564e41f33b811ea10f130b132b041f87ebeaffd0c5d7bc4210bb3a69cc, tree_route: [] } duration=71.543µs
2026-01-21 17:30:06.001  INFO tokio-runtime-worker sc_basic_authorship::basic_authorship: 🙌 Starting consensus session on top of parent 0xe2e5e015206b666d1f288544f027a6f1134950b1d0f4fce63e626ce770fd102d (#112)
2026-01-21 17:30:06.001 DEBUG tokio-runtime-worker runtime::executive: [113]: Block initialization weight consumption: Weight { ref_time: 1275050903, proof_size: 4190 }
2026-01-21 17:30:06.002  INFO tokio-runtime-worker pallet_block_production_log::pallet: 👷 Block 113 producer is ProBono(<wasm:stripped>)
2026-01-21 17:30:06.002 DEBUG tokio-runtime-worker runtime::system: [113] 3 extrinsics, length: 59 (normal 0%, op: 0%, mandatory 0%) / normal weight:Weight(ref_time: 0, proof_size: 0) (ref_time: 0%, proof_size: 0%) op weight Weight(ref_time: 0, proof_size: 0) (ref_time 0%, proof_size 0%) / mandatory weight Weight(ref_time: 2348054174, proof_size: 13385) (ref_time: 0%, proof_size: 0%)
2026-01-21 17:30:06.002  INFO tokio-runtime-worker sc_basic_authorship::basic_authorship: 🎁 Prepared block for proposing at 113 (0 ms) hash: 0xdfce34a2c807b82a1c59c4a91a7b18a3f7d6e56b0c7d136c57fbe1a1d58fdefd; parent_hash: 0xe2e5…102d; end: NoMoreTransactions; extrinsics_count: 3
2026-01-21 17:30:06.003  INFO tokio-runtime-worker aura: 🔖 Pre-sealed block for proposal at 113. Hash now 0x3a6de05a91d6480d6d8fa84e1b49a6d007f2ebb25157de8944b46ae67a775177, previously 0xdfce34a2c807b82a1c59c4a91a7b18a3f7d6e56b0c7d136c57fbe1a1d58fdefd.
2026-01-21 17:30:06.003  INFO tokio-runtime-worker substrate: 🏆 Imported #113 (0xe2e5…102d → 0x3a6d…5177)
2026-01-21 17:30:06.004  INFO tokio-runtime-worker txpool: maintain txs=(0, 0) a=1 i=3 views=[(113, 0, 0)] event=NewBestBlock { hash: 0x3a6de05a91d6480d6d8fa84e1b49a6d007f2ebb25157de8944b46ae67a775177, tree_route: None } duration=156.865µs
2026-01-21 17:30:06.362  INFO tokio-runtime-worker substrate: 💤 Idle (0 peers), best: #113 (0x3a6d…5177), finalized #110 (0xc93a…69cc), ⬇ 0 ⬆ 0
2026-01-21 17:30:07.236  INFO tokio-runtime-worker txpool: maintain txs=(0, 0) a=1 i=2 views=[(113, 0, 0)] event=Finalized { hash: 0xb093e1e1bbf62bd32b7f00055be53b4c2a3c8d9ffd1df82e5acb6b598e7169d7, tree_route: [] } duration=159.68µs
2026-01-21 17:30:11.362  INFO tokio-runtime-worker substrate: 💤 Idle (0 peers), best: #113 (0x3a6d…5177), finalized #111 (0xb093…69d7), ⬇ 0 ⬆ 0
2026-01-21 17:30:12.001  INFO tokio-runtime-worker sc_basic_authorship::basic_authorship: 🙌 Starting consensus session on top of parent 0x3a6de05a91d6480d6d8fa84e1b49a6d007f2ebb25157de8944b46ae67a775177 (#113)
2026-01-21 17:30:12.002 DEBUG tokio-runtime-worker runtime::executive: [114]: Block initialization weight consumption: Weight { ref_time: 1275050903, proof_size: 4190 }
2026-01-21 17:30:12.002  INFO tokio-runtime-worker pallet_block_production_log::pallet: 👷 Block 114 producer is ProBono(<wasm:stripped>)
2026-01-21 17:30:12.002 DEBUG tokio-runtime-worker runtime::system: [114] 3 extrinsics, length: 59 (normal 0%, op: 0%, mandatory 0%) / normal weight:Weight(ref_time: 0, proof_size: 0) (ref_time: 0%, proof_size: 0%) op weight Weight(ref_time: 0, proof_size: 0) (ref_time 0%, proof_size 0%) / mandatory weight Weight(ref_time: 2348054174, proof_size: 13385) (ref_time: 0%, proof_size: 0%)
2026-01-21 17:30:12.003  INFO tokio-runtime-worker sc_basic_authorship::basic_authorship: 🎁 Prepared block for proposing at 114 (1 ms) hash: 0x7baeefa898c94041e849d043c80897e288aa1a37ef4fe84af5e12f1fa46db319; parent_hash: 0x3a6d…5177; end: NoMoreTransactions; extrinsics_count: 3
2026-01-21 17:30:12.004  INFO tokio-runtime-worker aura: 🔖 Pre-sealed block for proposal at 114. Hash now 0x4c3e80f7866cfabbe1d12f249338bfcae24cd6c03fc8b6a9813c6d54ed811fa9, previously 0x7baeefa898c94041e849d043c80897e288aa1a37ef4fe84af5e12f1fa46db319.
2026-01-21 17:30:12.004  INFO tokio-runtime-worker substrate: 🏆 Imported #114 (0x3a6d…5177 → 0x4c3e…1fa9)
2026-01-21 17:30:12.004  INFO tokio-runtime-worker txpool: maintain txs=(0, 0) a=1 i=3 views=[(114, 0, 0)] event=NewBestBlock { hash: 0x4c3e80f7866cfabbe1d12f249338bfcae24cd6c03fc8b6a9813c6d54ed811fa9, tree_route: None } duration=120.687µs
2026-01-21 17:30:13.902  INFO tokio-runtime-worker grandpa: 👴 Applying authority set change scheduled at block #112
2026-01-21 17:30:13.902  INFO tokio-runtime-worker grandpa: 👴 Applying GRANDPA set change to new set with 32 authorities
2026-01-21 17:30:13.903  INFO tokio-runtime-worker txpool: maintain txs=(0, 0) a=1 i=2 views=[(114, 0, 0)] event=Finalized { hash: 0xe2e5e015206b666d1f288544f027a6f1134950b1d0f4fce63e626ce770fd102d, tree_route: [] } duration=119.728µs
2026-01-21 17:30:16.363  INFO tokio-runtime-worker substrate: 💤 Idle (0 peers), best: #114 (0x4c3e…1fa9), finalized #112 (0xe2e5…102d), ⬇ 0 ⬆ 0
2026-01-21 17:30:18.001  INFO tokio-runtime-worker sc_basic_authorship::basic_authorship: 🙌 Starting consensus session on top of parent 0x4c3e80f7866cfabbe1d12f249338bfcae24cd6c03fc8b6a9813c6d54ed811fa9 (#114)
2026-01-21 17:30:18.001 DEBUG tokio-runtime-worker runtime::executive: [115]: Block initialization weight consumption: Weight { ref_time: 1275050903, proof_size: 4190 }
2026-01-21 17:30:18.002  INFO tokio-runtime-worker pallet_block_production_log::pallet: 👷 Block 115 producer is ProBono(<wasm:stripped>)
2026-01-21 17:30:18.002 DEBUG tokio-runtime-worker runtime::system: [115] 3 extrinsics, length: 59 (normal 0%, op: 0%, mandatory 0%) / normal weight:Weight(ref_time: 0, proof_size: 0) (ref_time: 0%, proof_size: 0%) op weight Weight(ref_time: 0, proof_size: 0) (ref_time 0%, proof_size 0%) / mandatory weight Weight(ref_time: 2348054174, proof_size: 13385) (ref_time: 0%, proof_size: 0%)
2026-01-21 17:30:18.002  INFO tokio-runtime-worker sc_basic_authorship::basic_authorship: 🎁 Prepared block for proposing at 115 (1 ms) hash: 0x1d6e26e4f975d0d8a14319e9f00e8ee69badbb78f11ebeae774b97d97dd12f7b; parent_hash: 0x4c3e…1fa9; end: NoMoreTransactions; extrinsics_count: 3
2026-01-21 17:30:18.003  INFO tokio-runtime-worker aura: 🔖 Pre-sealed block for proposal at 115. Hash now 0x42d4dee547bde53d9b082abaf64884752489246d91a037b1f082e59add230090, previously 0x1d6e26e4f975d0d8a14319e9f00e8ee69badbb78f11ebeae774b97d97dd12f7b.
2026-01-21 17:30:18.003  INFO tokio-runtime-worker substrate: 🏆 Imported #115 (0x4c3e…1fa9 → 0x42d4…0090)
2026-01-21 17:30:18.003  INFO tokio-runtime-worker txpool: maintain txs=(0, 0) a=1 i=3 views=[(115, 0, 0)] event=NewBestBlock { hash: 0x42d4dee547bde53d9b082abaf64884752489246d91a037b1f082e59add230090, tree_route: None } duration=148.945µs
2026-01-21 17:30:20.021  INFO tokio-runtime-worker txpool: maintain txs=(0, 0) a=1 i=2 views=[(115, 0, 0)] event=Finalized { hash: 0x3a6de05a91d6480d6d8fa84e1b49a6d007f2ebb25157de8944b46ae67a775177, tree_route: [] } duration=82.852µs
2026-01-21 17:30:21.363  INFO tokio-runtime-worker substrate: 💤 Idle (0 peers), best: #115 (0x42d4…0090), finalized #113 (0x3a6d…5177), ⬇ 0 ⬆ 0
2026-01-21 17:30:24.001  INFO tokio-runtime-worker sc_basic_authorship::basic_authorship: 🙌 Starting consensus session on top of parent 0x42d4dee547bde53d9b082abaf64884752489246d91a037b1f082e59add230090 (#115)
2026-01-21 17:30:24.001 DEBUG tokio-runtime-worker runtime::executive: [116]: Block initialization weight consumption: Weight { ref_time: 1275050903, proof_size: 4190 }
2026-01-21 17:30:24.002  INFO tokio-runtime-worker pallet_block_production_log::pallet: 👷 Block 116 producer is ProBono(<wasm:stripped>)
2026-01-21 17:30:24.002 DEBUG tokio-runtime-worker runtime::system: [116] 3 extrinsics, length: 59 (normal 0%, op: 0%, mandatory 0%) / normal weight:Weight(ref_time: 0, proof_size: 0) (ref_time: 0%, proof_size: 0%) op weight Weight(ref_time: 0, proof_size: 0) (ref_time 0%, proof_size 0%) / mandatory weight Weight(ref_time: 2348054174, proof_size: 13385) (ref_time: 0%, proof_size: 0%)
2026-01-21 17:30:24.002  INFO tokio-runtime-worker sc_basic_authorship::basic_authorship: 🎁 Prepared block for proposing at 116 (1 ms) hash: 0xaac1cc504da3a028cccd46ed1bc9ce84f196ee312715ef08cd5db7b511a3b843; parent_hash: 0x42d4…0090; end: NoMoreTransactions; extrinsics_count: 3
2026-01-21 17:30:24.003  INFO tokio-runtime-worker aura: 🔖 Pre-sealed block for proposal at 116. Hash now 0xcca0731766fdb68c508c5f1a5a1054afa36bee0731ef50b3034534c9a361314c, previously 0xaac1cc504da3a028cccd46ed1bc9ce84f196ee312715ef08cd5db7b511a3b843.
2026-01-21 17:30:24.004  INFO tokio-runtime-worker substrate: 🏆 Imported #116 (0x42d4…0090 → 0xcca0…314c)
2026-01-21 17:30:24.004  INFO tokio-runtime-worker txpool: maintain txs=(0, 0) a=1 i=3 views=[(116, 0, 0)] event=NewBestBlock { hash: 0xcca0731766fdb68c508c5f1a5a1054afa36bee0731ef50b3034534c9a361314c, tree_route: None } duration=281.288µs
2026-01-21 17:30:25.354  INFO tokio-runtime-worker txpool: maintain txs=(0, 0) a=1 i=2 views=[(116, 0, 0)] event=Finalized { hash: 0x4c3e80f7866cfabbe1d12f249338bfcae24cd6c03fc8b6a9813c6d54ed811fa9, tree_route: [] } duration=101.493µs
2026-01-21 17:30:26.363  INFO tokio-runtime-worker substrate: 💤 Idle (0 peers), best: #116 (0xcca0…314c), finalized #114 (0x4c3e…1fa9), ⬇ 0 ⬆ 0
2026-01-21 17:30:30.001  INFO tokio-runtime-worker sc_basic_authorship::basic_authorship: 🙌 Starting consensus session on top of parent 0xcca0731766fdb68c508c5f1a5a1054afa36bee0731ef50b3034534c9a361314c (#116)
2026-01-21 17:30:30.001 DEBUG tokio-runtime-worker runtime::executive: [117]: Block initialization weight consumption: Weight { ref_time: 1275050903, proof_size: 4190 }
2026-01-21 17:30:30.002  INFO tokio-runtime-worker pallet_block_production_log::pallet: 👷 Block 117 producer is ProBono(<wasm:stripped>)
2026-01-21 17:30:30.002 DEBUG tokio-runtime-worker runtime::system: [117] 3 extrinsics, length: 59 (normal 0%, op: 0%, mandatory 0%) / normal weight:Weight(ref_time: 0, proof_size: 0) (ref_time: 0%, proof_size: 0%) op weight Weight(ref_time: 0, proof_size: 0) (ref_time 0%, proof_size 0%) / mandatory weight Weight(ref_time: 2348054174, proof_size: 13385) (ref_time: 0%, proof_size: 0%)
2026-01-21 17:30:30.002  INFO tokio-runtime-worker sc_basic_authorship::basic_authorship: 🎁 Prepared block for proposing at 117 (1 ms) hash: 0xf9dff143fdeb45d5c17328c9d3d5dbd171e8611332570f1eb5956cf414d8774c; parent_hash: 0xcca0…314c; end: NoMoreTransactions; extrinsics_count: 3
2026-01-21 17:30:30.003  INFO tokio-runtime-worker aura: 🔖 Pre-sealed block for proposal at 117. Hash now 0xfdeb2b7f42474d7e3601a5abd1afa6d1db40123875bcd8ea392ae31bb0156899, previously 0xf9dff143fdeb45d5c17328c9d3d5dbd171e8611332570f1eb5956cf414d8774c.
2026-01-21 17:30:30.003  INFO tokio-runtime-worker substrate: 🏆 Imported #117 (0xcca0…314c → 0xfdeb…6899)
2026-01-21 17:30:30.003  INFO tokio-runtime-worker txpool: maintain txs=(0, 0) a=1 i=3 views=[(117, 0, 0)] event=NewBestBlock { hash: 0xfdeb2b7f42474d7e3601a5abd1afa6d1db40123875bcd8ea392ae31bb0156899, tree_route: None } duration=139.944µs
2026-01-21 17:30:30.687  INFO tokio-runtime-worker txpool: maintain txs=(0, 0) a=1 i=2 views=[(117, 0, 0)] event=Finalized { hash: 0x42d4dee547bde53d9b082abaf64884752489246d91a037b1f082e59add230090, tree_route: [] } duration=53.446µs
2026-01-21 17:30:31.364  INFO tokio-runtime-worker substrate: 💤 Idle (0 peers), best: #117 (0xfdeb…6899), finalized #115 (0x42d4…0090), ⬇ 0 ⬆ 0
2026-01-21 17:30:36.001  INFO tokio-runtime-worker sc_basic_authorship::basic_authorship: 🙌 Starting consensus session on top of parent 0xfdeb2b7f42474d7e3601a5abd1afa6d1db40123875bcd8ea392ae31bb0156899 (#117)
2026-01-21 17:30:36.002 DEBUG tokio-runtime-worker runtime::executive: [118]: Block initialization weight consumption: Weight { ref_time: 1275050903, proof_size: 4190 }
2026-01-21 17:30:36.002  INFO tokio-runtime-worker pallet_block_production_log::pallet: 👷 Block 118 producer is ProBono(<wasm:stripped>)
2026-01-21 17:30:36.002 DEBUG tokio-runtime-worker runtime::system: [118] 3 extrinsics, length: 59 (normal 0%, op: 0%, mandatory 0%) / normal weight:Weight(ref_time: 0, proof_size: 0) (ref_time: 0%, proof_size: 0%) op weight Weight(ref_time: 0, proof_size: 0) (ref_time 0%, proof_size 0%) / mandatory weight Weight(ref_time: 2348054174, proof_size: 13385) (ref_time: 0%, proof_size: 0%)
2026-01-21 17:30:36.002  INFO tokio-runtime-worker sc_basic_authorship::basic_authorship: 🎁 Prepared block for proposing at 118 (0 ms) hash: 0x24d0da5fc9913aa46a04661fa5fdf8a64927e311bb9d1b87dcc93e64a9eff9db; parent_hash: 0xfdeb…6899; end: NoMoreTransactions; extrinsics_count: 3
2026-01-21 17:30:36.003  INFO tokio-runtime-worker aura: 🔖 Pre-sealed block for proposal at 118. Hash now 0x67fff564f831b399c062b5a98f8d5042b6b9740d17db90b8986b531065e30738, previously 0x24d0da5fc9913aa46a04661fa5fdf8a64927e311bb9d1b87dcc93e64a9eff9db.
2026-01-21 17:30:36.004  INFO tokio-runtime-worker substrate: 🏆 Imported #118 (0xfdeb…6899 → 0x67ff…0738)
2026-01-21 17:30:36.004  INFO tokio-runtime-worker txpool: maintain txs=(0, 0) a=1 i=3 views=[(118, 0, 0)] event=NewBestBlock { hash: 0x67fff564f831b399c062b5a98f8d5042b6b9740d17db90b8986b531065e30738, tree_route: None } duration=108.692µs
2026-01-21 17:30:36.364  INFO tokio-runtime-worker substrate: 💤 Idle (0 peers), best: #118 (0x67ff…0738), finalized #115 (0x42d4…0090), ⬇ 0 ⬆ 0
2026-01-21 17:30:37.353  INFO tokio-runtime-worker txpool: maintain txs=(0, 0) a=1 i=2 views=[(118, 0, 0)] event=Finalized { hash: 0xcca0731766fdb68c508c5f1a5a1054afa36bee0731ef50b3034534c9a361314c, tree_route: [] } duration=47.911µs
2026-01-21 17:30:41.364  INFO tokio-runtime-worker substrate: 💤 Idle (0 peers), best: #118 (0x67ff…0738), finalized #116 (0xcca0…314c), ⬇ 0 ⬆ 0
2026-01-21 17:30:42.002  INFO tokio-runtime-worker sc_basic_authorship::basic_authorship: 🙌 Starting consensus session on top of parent 0x67fff564f831b399c062b5a98f8d5042b6b9740d17db90b8986b531065e30738 (#118)
2026-01-21 17:30:42.002 DEBUG tokio-runtime-worker runtime::executive: [119]: Block initialization weight consumption: Weight { ref_time: 1275050903, proof_size: 4190 }
2026-01-21 17:30:42.003  INFO tokio-runtime-worker pallet_block_production_log::pallet: 👷 Block 119 producer is ProBono(<wasm:stripped>)
2026-01-21 17:30:42.003 DEBUG tokio-runtime-worker runtime::system: [119] 3 extrinsics, length: 59 (normal 0%, op: 0%, mandatory 0%) / normal weight:Weight(ref_time: 0, proof_size: 0) (ref_time: 0%, proof_size: 0%) op weight Weight(ref_time: 0, proof_size: 0) (ref_time 0%, proof_size 0%) / mandatory weight Weight(ref_time: 2348054174, proof_size: 13385) (ref_time: 0%, proof_size: 0%)
2026-01-21 17:30:42.003  INFO tokio-runtime-worker sc_basic_authorship::basic_authorship: 🎁 Prepared block for proposing at 119 (1 ms) hash: 0xccd202f04e5297d6458dced481b3156fca00c99c7315b0cded5b08fbc497b99b; parent_hash: 0x67ff…0738; end: NoMoreTransactions; extrinsics_count: 3
2026-01-21 17:30:42.004  INFO tokio-runtime-worker aura: 🔖 Pre-sealed block for proposal at 119. Hash now 0x96b9eb59508268b4fe93b920159df798f0bb49688dbd38ddd3e8b30b63e9f543, previously 0xccd202f04e5297d6458dced481b3156fca00c99c7315b0cded5b08fbc497b99b.
2026-01-21 17:30:42.004  INFO tokio-runtime-worker substrate: 🏆 Imported #119 (0x67ff…0738 → 0x96b9…f543)
2026-01-21 17:30:42.004  INFO tokio-runtime-worker txpool: maintain txs=(0, 0) a=1 i=3 views=[(119, 0, 0)] event=NewBestBlock { hash: 0x96b9eb59508268b4fe93b920159df798f0bb49688dbd38ddd3e8b30b63e9f543, tree_route: None } duration=244.084µs
2026-01-21 17:30:42.685  INFO tokio-runtime-worker txpool: maintain txs=(0, 0) a=1 i=2 views=[(119, 0, 0)] event=Finalized { hash: 0xfdeb2b7f42474d7e3601a5abd1afa6d1db40123875bcd8ea392ae31bb0156899, tree_route: [] } duration=87.229µs
2026-01-21 17:30:46.364  INFO tokio-runtime-worker substrate: 💤 Idle (0 peers), best: #119 (0x96b9…f543), finalized #117 (0xfdeb…6899), ⬇ 0 ⬆ 0
2026-01-21 17:30:48.001  INFO tokio-runtime-worker sc_basic_authorship::basic_authorship: 🙌 Starting consensus session on top of parent 0x96b9eb59508268b4fe93b920159df798f0bb49688dbd38ddd3e8b30b63e9f543 (#119)
2026-01-21 17:30:48.001 DEBUG tokio-runtime-worker runtime::executive: [120]: Block initialization weight consumption: Weight { ref_time: 1275050903, proof_size: 4190 }
2026-01-21 17:30:48.001  INFO tokio-runtime-worker pallet_block_production_log::pallet: 👷 Block 120 producer is ProBono(<wasm:stripped>)
2026-01-21 17:30:48.001 DEBUG tokio-runtime-worker runtime::system: [120] 3 extrinsics, length: 59 (normal 0%, op: 0%, mandatory 0%) / normal weight:Weight(ref_time: 0, proof_size: 0) (ref_time: 0%, proof_size: 0%) op weight Weight(ref_time: 0, proof_size: 0) (ref_time 0%, proof_size 0%) / mandatory weight Weight(ref_time: 2348054174, proof_size: 13385) (ref_time: 0%, proof_size: 0%)
2026-01-21 17:30:48.002  INFO tokio-runtime-worker sc_basic_authorship::basic_authorship: 🎁 Prepared block for proposing at 120 (1 ms) hash: 0x17e3097f6495faae70a4ce546b4e6d772ff9f403df12c0d25f8795207e2b9420; parent_hash: 0x96b9…f543; end: NoMoreTransactions; extrinsics_count: 3
2026-01-21 17:30:48.002  INFO tokio-runtime-worker aura: 🔖 Pre-sealed block for proposal at 120. Hash now 0xd512aef27eaa70a39cb753cf9879fbcd91a530a85a8999f36ffc913add847b93, previously 0x17e3097f6495faae70a4ce546b4e6d772ff9f403df12c0d25f8795207e2b9420.
2026-01-21 17:30:48.003  INFO tokio-runtime-worker substrate: 🏆 Imported #120 (0x96b9…f543 → 0xd512…7b93)
2026-01-21 17:30:48.003  INFO tokio-runtime-worker txpool: maintain txs=(0, 0) a=1 i=3 views=[(120, 0, 0)] event=NewBestBlock { hash: 0xd512aef27eaa70a39cb753cf9879fbcd91a530a85a8999f36ffc913add847b93, tree_route: None } duration=253.735µs
2026-01-21 17:30:49.351  INFO tokio-runtime-worker txpool: maintain txs=(0, 0) a=1 i=2 views=[(120, 0, 0)] event=Finalized { hash: 0x67fff564f831b399c062b5a98f8d5042b6b9740d17db90b8986b531065e30738, tree_route: [] } duration=44.842µs
2026-01-21 17:30:51.365  INFO tokio-runtime-worker substrate: 💤 Idle (0 peers), best: #120 (0xd512…7b93), finalized #118 (0x67ff…0738), ⬇ 0 ⬆ 0
2026-01-21 17:30:54.001  INFO tokio-runtime-worker sc_basic_authorship::basic_authorship: 🙌 Starting consensus session on top of parent 0xd512aef27eaa70a39cb753cf9879fbcd91a530a85a8999f36ffc913add847b93 (#120)
2026-01-21 17:30:54.001 DEBUG tokio-runtime-worker runtime::executive: [121]: Block initialization weight consumption: Weight { ref_time: 1275050903, proof_size: 4190 }
2026-01-21 17:30:54.002  INFO tokio-runtime-worker pallet_block_production_log::pallet: 👷 Block 121 producer is ProBono(<wasm:stripped>)
2026-01-21 17:30:54.002 DEBUG tokio-runtime-worker runtime::system: [121] 3 extrinsics, length: 59 (normal 0%, op: 0%, mandatory 0%) / normal weight:Weight(ref_time: 0, proof_size: 0) (ref_time: 0%, proof_size: 0%) op weight Weight(ref_time: 0, proof_size: 0) (ref_time 0%, proof_size 0%) / mandatory weight Weight(ref_time: 2348054174, proof_size: 13385) (ref_time: 0%, proof_size: 0%)
2026-01-21 17:30:54.002  INFO tokio-runtime-worker sc_basic_authorship::basic_authorship: 🎁 Prepared block for proposing at 121 (1 ms) hash: 0xe40a5e7f86a81940e1bc59ee116d3225970ef955d783e03ac19d4ca92674550a; parent_hash: 0xd512…7b93; end: NoMoreTransactions; extrinsics_count: 3
2026-01-21 17:30:54.003  INFO tokio-runtime-worker aura: 🔖 Pre-sealed block for proposal at 121. Hash now 0x93f15bfda0be81fda822b1a5553f9f3f93487139d622114c485fdbefc817a36f, previously 0xe40a5e7f86a81940e1bc59ee116d3225970ef955d783e03ac19d4ca92674550a.
2026-01-21 17:30:54.003  INFO tokio-runtime-worker substrate: 🏆 Imported #121 (0xd512…7b93 → 0x93f1…a36f)
2026-01-21 17:30:54.004  INFO tokio-runtime-worker txpool: maintain txs=(0, 0) a=1 i=3 views=[(121, 0, 0)] event=NewBestBlock { hash: 0x93f15bfda0be81fda822b1a5553f9f3f93487139d622114c485fdbefc817a36f, tree_route: None } duration=159.963µs
2026-01-21 17:30:54.684  INFO tokio-runtime-worker txpool: maintain txs=(0, 0) a=1 i=2 views=[(121, 0, 0)] event=Finalized { hash: 0x96b9eb59508268b4fe93b920159df798f0bb49688dbd38ddd3e8b30b63e9f543, tree_route: [] } duration=49.987µs
2026-01-21 17:30:56.365  INFO tokio-runtime-worker substrate: 💤 Idle (0 peers), best: #121 (0x93f1…a36f), finalized #119 (0x96b9…f543), ⬇ 0 ⬆ 0
2026-01-21 17:31:00.001  INFO tokio-runtime-worker sc_basic_authorship::basic_authorship: 🙌 Starting consensus session on top of parent 0x93f15bfda0be81fda822b1a5553f9f3f93487139d622114c485fdbefc817a36f (#121)
2026-01-21 17:31:00.001 DEBUG tokio-runtime-worker runtime::executive: [122]: Block initialization weight consumption: Weight { ref_time: 1275050903, proof_size: 4190 }
2026-01-21 17:31:00.002  INFO tokio-runtime-worker pallet_block_production_log::pallet: 👷 Block 122 producer is ProBono(<wasm:stripped>)
2026-01-21 17:31:00.002 DEBUG tokio-runtime-worker runtime::system: [122] 3 extrinsics, length: 59 (normal 0%, op: 0%, mandatory 0%) / normal weight:Weight(ref_time: 0, proof_size: 0) (ref_time: 0%, proof_size: 0%) op weight Weight(ref_time: 0, proof_size: 0) (ref_time 0%, proof_size 0%) / mandatory weight Weight(ref_time: 2348054174, proof_size: 13385) (ref_time: 0%, proof_size: 0%)
2026-01-21 17:31:00.002  INFO tokio-runtime-worker sc_basic_authorship::basic_authorship: 🎁 Prepared block for proposing at 122 (1 ms) hash: 0x9b030643307dc84683873a3e47c927aa8734596695f1ed685331015613fdfdf5; parent_hash: 0x93f1…a36f; end: NoMoreTransactions; extrinsics_count: 3
2026-01-21 17:31:00.003  INFO tokio-runtime-worker aura: 🔖 Pre-sealed block for proposal at 122. Hash now 0x331e16f59e2f21ae9d01a39a9cced83e298a30e627396407f91dbdcf5c12ae51, previously 0x9b030643307dc84683873a3e47c927aa8734596695f1ed685331015613fdfdf5.
2026-01-21 17:31:00.003  INFO tokio-runtime-worker substrate: 🏆 Imported #122 (0x93f1…a36f → 0x331e…ae51)
2026-01-21 17:31:00.004  INFO tokio-runtime-worker txpool: maintain txs=(0, 0) a=1 i=3 views=[(122, 0, 0)] event=NewBestBlock { hash: 0x331e16f59e2f21ae9d01a39a9cced83e298a30e627396407f91dbdcf5c12ae51, tree_route: None } duration=185.245µs
2026-01-21 17:31:01.353  INFO tokio-runtime-worker txpool: maintain txs=(0, 0) a=1 i=2 views=[(122, 0, 0)] event=Finalized { hash: 0xd512aef27eaa70a39cb753cf9879fbcd91a530a85a8999f36ffc913add847b93, tree_route: [] } duration=148.251µs
2026-01-21 17:31:01.365  INFO tokio-runtime-worker substrate: 💤 Idle (0 peers), best: #122 (0x331e…ae51), finalized #120 (0xd512…7b93), ⬇ 0 ⬆ 0
2026-01-21 17:31:06.001  INFO tokio-runtime-worker sc_basic_authorship::basic_authorship: 🙌 Starting consensus session on top of parent 0x331e16f59e2f21ae9d01a39a9cced83e298a30e627396407f91dbdcf5c12ae51 (#122)
2026-01-21 17:31:06.001 DEBUG tokio-runtime-worker runtime::executive: [123]: Block initialization weight consumption: Weight { ref_time: 1275050903, proof_size: 4190 }
2026-01-21 17:31:06.002  INFO tokio-runtime-worker pallet_block_production_log::pallet: 👷 Block 123 producer is ProBono(<wasm:stripped>)
2026-01-21 17:31:06.002 DEBUG tokio-runtime-worker runtime::system: [123] 3 extrinsics, length: 59 (normal 0%, op: 0%, mandatory 0%) / normal weight:Weight(ref_time: 0, proof_size: 0) (ref_time: 0%, proof_size: 0%) op weight Weight(ref_time: 0, proof_size: 0) (ref_time 0%, proof_size 0%) / mandatory weight Weight(ref_time: 2348054174, proof_size: 13385) (ref_time: 0%, proof_size: 0%)
2026-01-21 17:31:06.003  INFO tokio-runtime-worker sc_basic_authorship::basic_authorship: 🎁 Prepared block for proposing at 123 (1 ms) hash: 0xebea286882aec478a5e87bed0f07f703b247d53ef36525ffcce94fa0fafbdc32; parent_hash: 0x331e…ae51; end: NoMoreTransactions; extrinsics_count: 3
2026-01-21 17:31:06.004  INFO tokio-runtime-worker aura: 🔖 Pre-sealed block for proposal at 123. Hash now 0x45ffeb6a748f17b84d4f2b985a83581bd240d46f3ac92cae89170abfb5841ddd, previously 0xebea286882aec478a5e87bed0f07f703b247d53ef36525ffcce94fa0fafbdc32.
2026-01-21 17:31:06.004  INFO tokio-runtime-worker substrate: 🏆 Imported #123 (0x331e…ae51 → 0x45ff…1ddd)
2026-01-21 17:31:06.004  INFO tokio-runtime-worker txpool: maintain txs=(0, 0) a=1 i=3 views=[(123, 0, 0)] event=NewBestBlock { hash: 0x45ffeb6a748f17b84d4f2b985a83581bd240d46f3ac92cae89170abfb5841ddd, tree_route: None } duration=199.235µs
2026-01-21 17:31:06.366  INFO tokio-runtime-worker substrate: 💤 Idle (0 peers), best: #123 (0x45ff…1ddd), finalized #120 (0xd512…7b93), ⬇ 0 ⬆ 0
2026-01-21 17:31:06.686  INFO tokio-runtime-worker txpool: maintain txs=(0, 0) a=1 i=2 views=[(123, 0, 0)] event=Finalized { hash: 0x93f15bfda0be81fda822b1a5553f9f3f93487139d622114c485fdbefc817a36f, tree_route: [] } duration=99.07µs
2026-01-21 17:31:11.366  INFO tokio-runtime-worker substrate: 💤 Idle (0 peers), best: #123 (0x45ff…1ddd), finalized #121 (0x93f1…a36f), ⬇ 0 ⬆ 0
2026-01-21 17:31:12.001  INFO tokio-runtime-worker sc_basic_authorship::basic_authorship: 🙌 Starting consensus session on top of parent 0x45ffeb6a748f17b84d4f2b985a83581bd240d46f3ac92cae89170abfb5841ddd (#123)
2026-01-21 17:31:12.001 DEBUG tokio-runtime-worker runtime::executive: [124]: Block initialization weight consumption: Weight { ref_time: 1275050903, proof_size: 4190 }
2026-01-21 17:31:12.002  INFO tokio-runtime-worker pallet_block_production_log::pallet: 👷 Block 124 producer is ProBono(<wasm:stripped>)
2026-01-21 17:31:12.002 DEBUG tokio-runtime-worker runtime::system: [124] 3 extrinsics, length: 59 (normal 0%, op: 0%, mandatory 0%) / normal weight:Weight(ref_time: 0, proof_size: 0) (ref_time: 0%, proof_size: 0%) op weight Weight(ref_time: 0, proof_size: 0) (ref_time 0%, proof_size 0%) / mandatory weight Weight(ref_time: 2348054174, proof_size: 13385) (ref_time: 0%, proof_size: 0%)
2026-01-21 17:31:12.002  INFO tokio-runtime-worker sc_basic_authorship::basic_authorship: 🎁 Prepared block for proposing at 124 (0 ms) hash: 0x9af613229791f897d22b262bf1fe92614f8eea435cfade3bcf881e5d8707ee92; parent_hash: 0x45ff…1ddd; end: NoMoreTransactions; extrinsics_count: 3
2026-01-21 17:31:12.003  INFO tokio-runtime-worker aura: 🔖 Pre-sealed block for proposal at 124. Hash now 0xbbffe8b34edb8a6b2eba3251351c01053817523d2f19a1da98b585cac965d780, previously 0x9af613229791f897d22b262bf1fe92614f8eea435cfade3bcf881e5d8707ee92.
2026-01-21 17:31:12.003  INFO tokio-runtime-worker substrate: 🏆 Imported #124 (0x45ff…1ddd → 0xbbff…d780)
2026-01-21 17:31:12.003  INFO tokio-runtime-worker txpool: maintain txs=(0, 0) a=1 i=3 views=[(124, 0, 0)] event=NewBestBlock { hash: 0xbbffe8b34edb8a6b2eba3251351c01053817523d2f19a1da98b585cac965d780, tree_route: None } duration=134.999µs
2026-01-21 17:31:13.351  INFO tokio-runtime-worker txpool: maintain txs=(0, 0) a=1 i=2 views=[(124, 0, 0)] event=Finalized { hash: 0x331e16f59e2f21ae9d01a39a9cced83e298a30e627396407f91dbdcf5c12ae51, tree_route: [] } duration=70.474µs
2026-01-21 17:31:16.366  INFO tokio-runtime-worker substrate: 💤 Idle (0 peers), best: #124 (0xbbff…d780), finalized #122 (0x331e…ae51), ⬇ 0 ⬆ 0
2026-01-21 17:31:18.001  INFO tokio-runtime-worker sc_basic_authorship::basic_authorship: 🙌 Starting consensus session on top of parent 0xbbffe8b34edb8a6b2eba3251351c01053817523d2f19a1da98b585cac965d780 (#124)
2026-01-21 17:31:18.002 DEBUG tokio-runtime-worker runtime::executive: [125]: Block initialization weight consumption: Weight { ref_time: 1275050903, proof_size: 4190 }
2026-01-21 17:31:18.002  INFO tokio-runtime-worker pallet_block_production_log::pallet: 👷 Block 125 producer is ProBono(<wasm:stripped>)
2026-01-21 17:31:18.002 DEBUG tokio-runtime-worker runtime::system: [125] 3 extrinsics, length: 59 (normal 0%, op: 0%, mandatory 0%) / normal weight:Weight(ref_time: 0, proof_size: 0) (ref_time: 0%, proof_size: 0%) op weight Weight(ref_time: 0, proof_size: 0) (ref_time 0%, proof_size 0%) / mandatory weight Weight(ref_time: 2348054174, proof_size: 13385) (ref_time: 0%, proof_size: 0%)
2026-01-21 17:31:18.002  INFO tokio-runtime-worker sc_basic_authorship::basic_authorship: 🎁 Prepared block for proposing at 125 (1 ms) hash: 0x3fae38ab392a5423ab1fc67efa6d7b47c28b05b14db5b70c799e2e419885eea3; parent_hash: 0xbbff…d780; end: NoMoreTransactions; extrinsics_count: 3
2026-01-21 17:31:18.003  INFO tokio-runtime-worker aura: 🔖 Pre-sealed block for proposal at 125. Hash now 0x2542bac74d897410595157cc75f721ae0d848a877813376c75e2bddd2f508b94, previously 0x3fae38ab392a5423ab1fc67efa6d7b47c28b05b14db5b70c799e2e419885eea3.
2026-01-21 17:31:18.004  INFO tokio-runtime-worker substrate: 🏆 Imported #125 (0xbbff…d780 → 0x2542…8b94)
2026-01-21 17:31:18.004  INFO tokio-runtime-worker txpool: maintain txs=(0, 0) a=1 i=3 views=[(125, 0, 0)] event=NewBestBlock { hash: 0x2542bac74d897410595157cc75f721ae0d848a877813376c75e2bddd2f508b94, tree_route: None } duration=199.038µs
2026-01-21 17:31:18.684  INFO tokio-runtime-worker txpool: maintain txs=(0, 0) a=1 i=2 views=[(125, 0, 0)] event=Finalized { hash: 0x45ffeb6a748f17b84d4f2b985a83581bd240d46f3ac92cae89170abfb5841ddd, tree_route: [] } duration=68.081µs
2026-01-21 17:31:21.367  INFO tokio-runtime-worker substrate: 💤 Idle (0 peers), best: #125 (0x2542…8b94), finalized #123 (0x45ff…1ddd), ⬇ 0 ⬆ 0
2026-01-21 17:31:24.001  INFO tokio-runtime-worker sc_basic_authorship::basic_authorship: 🙌 Starting consensus session on top of parent 0x2542bac74d897410595157cc75f721ae0d848a877813376c75e2bddd2f508b94 (#125)
2026-01-21 17:31:24.002 DEBUG tokio-runtime-worker runtime::executive: [126]: Block initialization weight consumption: Weight { ref_time: 1275050903, proof_size: 4190 }
2026-01-21 17:31:24.002  INFO tokio-runtime-worker pallet_block_production_log::pallet: 👷 Block 126 producer is ProBono(<wasm:stripped>)
2026-01-21 17:31:24.002 DEBUG tokio-runtime-worker runtime::system: [126] 3 extrinsics, length: 59 (normal 0%, op: 0%, mandatory 0%) / normal weight:Weight(ref_time: 0, proof_size: 0) (ref_time: 0%, proof_size: 0%) op weight Weight(ref_time: 0, proof_size: 0) (ref_time 0%, proof_size 0%) / mandatory weight Weight(ref_time: 2348054174, proof_size: 13385) (ref_time: 0%, proof_size: 0%)
2026-01-21 17:31:24.002  INFO tokio-runtime-worker sc_basic_authorship::basic_authorship: 🎁 Prepared block for proposing at 126 (0 ms) hash: 0xb2deb963d50663d7ed8d0d71f02351e7f3b29346a16f91e0187e782134549d89; parent_hash: 0x2542…8b94; end: NoMoreTransactions; extrinsics_count: 3
2026-01-21 17:31:24.003  INFO tokio-runtime-worker aura: 🔖 Pre-sealed block for proposal at 126. Hash now 0xd281b29176a3972357705e7e44e8f8174c1757ae5fd95eb6ba1dcebb4c533513, previously 0xb2deb963d50663d7ed8d0d71f02351e7f3b29346a16f91e0187e782134549d89.
2026-01-21 17:31:24.004  INFO tokio-runtime-worker substrate: 🏆 Imported #126 (0x2542…8b94 → 0xd281…3513)
2026-01-21 17:31:24.004  INFO tokio-runtime-worker txpool: maintain txs=(0, 0) a=1 i=3 views=[(126, 0, 0)] event=NewBestBlock { hash: 0xd281b29176a3972357705e7e44e8f8174c1757ae5fd95eb6ba1dcebb4c533513, tree_route: None } duration=123.409µs
2026-01-21 17:31:25.351  INFO tokio-runtime-worker txpool: maintain txs=(0, 0) a=1 i=2 views=[(126, 0, 0)] event=Finalized { hash: 0xbbffe8b34edb8a6b2eba3251351c01053817523d2f19a1da98b585cac965d780, tree_route: [] } duration=144.59µs
2026-01-21 17:31:26.367  INFO tokio-runtime-worker substrate: 💤 Idle (0 peers), best: #126 (0xd281…3513), finalized #124 (0xbbff…d780), ⬇ 0 ⬆ 0
2026-01-21 17:31:30.000  INFO tokio-runtime-worker sc_basic_authorship::basic_authorship: 🙌 Starting consensus session on top of parent 0xd281b29176a3972357705e7e44e8f8174c1757ae5fd95eb6ba1dcebb4c533513 (#126)
2026-01-21 17:31:30.001 DEBUG tokio-runtime-worker runtime::executive: [127]: Block initialization weight consumption: Weight { ref_time: 1275050903, proof_size: 4190 }
2026-01-21 17:31:30.001  INFO tokio-runtime-worker pallet_block_production_log::pallet: 👷 Block 127 producer is ProBono(<wasm:stripped>)
2026-01-21 17:31:30.001 DEBUG tokio-runtime-worker runtime::system: [127] 3 extrinsics, length: 59 (normal 0%, op: 0%, mandatory 0%) / normal weight:Weight(ref_time: 0, proof_size: 0) (ref_time: 0%, proof_size: 0%) op weight Weight(ref_time: 0, proof_size: 0) (ref_time 0%, proof_size 0%) / mandatory weight Weight(ref_time: 2348054174, proof_size: 13385) (ref_time: 0%, proof_size: 0%)
2026-01-21 17:31:30.001  INFO tokio-runtime-worker sc_basic_authorship::basic_authorship: 🎁 Prepared block for proposing at 127 (1 ms) hash: 0x508011d269c684cd69ed4872b80cd58bbb8e40d7590b621c3562a4b770e1ece4; parent_hash: 0xd281…3513; end: NoMoreTransactions; extrinsics_count: 3
2026-01-21 17:31:30.002  INFO tokio-runtime-worker aura: 🔖 Pre-sealed block for proposal at 127. Hash now 0x7d8256cbc45ab152a25a53385856d278736203ec26f04b6c786f8582ed070769, previously 0x508011d269c684cd69ed4872b80cd58bbb8e40d7590b621c3562a4b770e1ece4.
2026-01-21 17:31:30.003  INFO tokio-runtime-worker substrate: 🏆 Imported #127 (0xd281…3513 → 0x7d82…0769)
2026-01-21 17:31:30.003  INFO tokio-runtime-worker txpool: maintain txs=(0, 0) a=1 i=3 views=[(127, 0, 0)] event=NewBestBlock { hash: 0x7d8256cbc45ab152a25a53385856d278736203ec26f04b6c786f8582ed070769, tree_route: None } duration=112.875µs
2026-01-21 17:31:30.683  INFO tokio-runtime-worker txpool: maintain txs=(0, 0) a=1 i=2 views=[(127, 0, 0)] event=Finalized { hash: 0x2542bac74d897410595157cc75f721ae0d848a877813376c75e2bddd2f508b94, tree_route: [] } duration=51.36µs
2026-01-21 17:31:31.367  INFO tokio-runtime-worker substrate: 💤 Idle (0 peers), best: #127 (0x7d82…0769), finalized #125 (0x2542…8b94), ⬇ 0 ⬆ 0
2026-01-21 17:31:36.001  INFO tokio-runtime-worker sc_basic_authorship::basic_authorship: 🙌 Starting consensus session on top of parent 0x7d8256cbc45ab152a25a53385856d278736203ec26f04b6c786f8582ed070769 (#127)
2026-01-21 17:31:36.001 DEBUG tokio-runtime-worker runtime::executive: [128]: Block initialization weight consumption: Weight { ref_time: 1275050903, proof_size: 4190 }
2026-01-21 17:31:36.002  INFO tokio-runtime-worker pallet_block_production_log::pallet: 👷 Block 128 producer is ProBono(<wasm:stripped>)
2026-01-21 17:31:36.002 DEBUG tokio-runtime-worker runtime::system: [128] 3 extrinsics, length: 59 (normal 0%, op: 0%, mandatory 0%) / normal weight:Weight(ref_time: 0, proof_size: 0) (ref_time: 0%, proof_size: 0%) op weight Weight(ref_time: 0, proof_size: 0) (ref_time 0%, proof_size 0%) / mandatory weight Weight(ref_time: 2348054174, proof_size: 13385) (ref_time: 0%, proof_size: 0%)
2026-01-21 17:31:36.002  INFO tokio-runtime-worker sc_basic_authorship::basic_authorship: 🎁 Prepared block for proposing at 128 (0 ms) hash: 0x64f0456aa985b450732aec87ef6df54ce93e0ff722e956801b618e78123fdc36; parent_hash: 0x7d82…0769; end: NoMoreTransactions; extrinsics_count: 3
2026-01-21 17:31:36.003  INFO tokio-runtime-worker aura: 🔖 Pre-sealed block for proposal at 128. Hash now 0x7a2fd37009b46e7e046107387e24d35cf74c367b1ed6cbf4b50f4b89f31d59c7, previously 0x64f0456aa985b450732aec87ef6df54ce93e0ff722e956801b618e78123fdc36.
2026-01-21 17:31:36.003  INFO tokio-runtime-worker substrate: 🏆 Imported #128 (0x7d82…0769 → 0x7a2f…59c7)
2026-01-21 17:31:36.003  INFO tokio-runtime-worker txpool: maintain txs=(0, 0) a=1 i=3 views=[(128, 0, 0)] event=NewBestBlock { hash: 0x7a2fd37009b46e7e046107387e24d35cf74c367b1ed6cbf4b50f4b89f31d59c7, tree_route: None } duration=118.954µs
2026-01-21 17:31:36.368  INFO tokio-runtime-worker substrate: 💤 Idle (0 peers), best: #128 (0x7a2f…59c7), finalized #125 (0x2542…8b94), ⬇ 0 ⬆ 0
2026-01-21 17:31:37.349  INFO tokio-runtime-worker txpool: maintain txs=(0, 0) a=1 i=2 views=[(128, 0, 0)] event=Finalized { hash: 0xd281b29176a3972357705e7e44e8f8174c1757ae5fd95eb6ba1dcebb4c533513, tree_route: [] } duration=78.795µs
2026-01-21 17:31:41.368  INFO tokio-runtime-worker substrate: 💤 Idle (0 peers), best: #128 (0x7a2f…59c7), finalized #126 (0xd281…3513), ⬇ 0 ⬆ 0
2026-01-21 17:31:42.001  INFO tokio-runtime-worker sc_basic_authorship::basic_authorship: 🙌 Starting consensus session on top of parent 0x7a2fd37009b46e7e046107387e24d35cf74c367b1ed6cbf4b50f4b89f31d59c7 (#128)
2026-01-21 17:31:42.001 DEBUG tokio-runtime-worker runtime::executive: [129]: Block initialization weight consumption: Weight { ref_time: 1275050903, proof_size: 4190 }
2026-01-21 17:31:42.001  INFO tokio-runtime-worker pallet_block_production_log::pallet: 👷 Block 129 producer is ProBono(<wasm:stripped>)
2026-01-21 17:31:42.002 DEBUG tokio-runtime-worker runtime::system: [129] 3 extrinsics, length: 59 (normal 0%, op: 0%, mandatory 0%) / normal weight:Weight(ref_time: 0, proof_size: 0) (ref_time: 0%, proof_size: 0%) op weight Weight(ref_time: 0, proof_size: 0) (ref_time 0%, proof_size 0%) / mandatory weight Weight(ref_time: 2348054174, proof_size: 13385) (ref_time: 0%, proof_size: 0%)
2026-01-21 17:31:42.002  INFO tokio-runtime-worker sc_basic_authorship::basic_authorship: 🎁 Prepared block for proposing at 129 (0 ms) hash: 0x7660f9e7286b711373f062929750430c62b591b7d4be63f0678ef0fc24cb6086; parent_hash: 0x7a2f…59c7; end: NoMoreTransactions; extrinsics_count: 3
2026-01-21 17:31:42.003  INFO tokio-runtime-worker aura: 🔖 Pre-sealed block for proposal at 129. Hash now 0xeba0012ce8c444996d86b135c91d2b4277c5d195245d0c71061443cab2bf961e, previously 0x7660f9e7286b711373f062929750430c62b591b7d4be63f0678ef0fc24cb6086.
2026-01-21 17:31:42.003  INFO tokio-runtime-worker substrate: 🏆 Imported #129 (0x7a2f…59c7 → 0xeba0…961e)
2026-01-21 17:31:42.003  INFO tokio-runtime-worker txpool: maintain txs=(0, 0) a=1 i=3 views=[(129, 0, 0)] event=NewBestBlock { hash: 0xeba0012ce8c444996d86b135c91d2b4277c5d195245d0c71061443cab2bf961e, tree_route: None } duration=101.78µs
2026-01-21 17:31:42.682  INFO tokio-runtime-worker txpool: maintain txs=(0, 0) a=1 i=2 views=[(129, 0, 0)] event=Finalized { hash: 0x7d8256cbc45ab152a25a53385856d278736203ec26f04b6c786f8582ed070769, tree_route: [] } duration=45.626µs
2026-01-21 17:31:46.368  INFO tokio-runtime-worker substrate: 💤 Idle (0 peers), best: #129 (0xeba0…961e), finalized #127 (0x7d82…0769), ⬇ 0 ⬆ 0
2026-01-21 17:31:48.001  INFO tokio-runtime-worker sc_basic_authorship::basic_authorship: 🙌 Starting consensus session on top of parent 0xeba0012ce8c444996d86b135c91d2b4277c5d195245d0c71061443cab2bf961e (#129)
2026-01-21 17:31:48.001 DEBUG tokio-runtime-worker runtime::executive: [130]: Block initialization weight consumption: Weight { ref_time: 1275050903, proof_size: 4190 }
2026-01-21 17:31:48.002  INFO tokio-runtime-worker pallet_block_production_log::pallet: 👷 Block 130 producer is ProBono(<wasm:stripped>)
2026-01-21 17:31:48.002 DEBUG tokio-runtime-worker runtime::system: [130] 3 extrinsics, length: 59 (normal 0%, op: 0%, mandatory 0%) / normal weight:Weight(ref_time: 0, proof_size: 0) (ref_time: 0%, proof_size: 0%) op weight Weight(ref_time: 0, proof_size: 0) (ref_time 0%, proof_size 0%) / mandatory weight Weight(ref_time: 2348054174, proof_size: 13385) (ref_time: 0%, proof_size: 0%)
2026-01-21 17:31:48.002  INFO tokio-runtime-worker sc_basic_authorship::basic_authorship: 🎁 Prepared block for proposing at 130 (0 ms) hash: 0x3363e96befa5c09bdb84d89fc1769c0244dbb6ec37aab14eb2749be8df496cd1; parent_hash: 0xeba0…961e; end: NoMoreTransactions; extrinsics_count: 3
2026-01-21 17:31:48.003  INFO tokio-runtime-worker aura: 🔖 Pre-sealed block for proposal at 130. Hash now 0x8e34645f1490148c50e3927d5ccf8363085137611cebe292bf25b08fc6dc7633, previously 0x3363e96befa5c09bdb84d89fc1769c0244dbb6ec37aab14eb2749be8df496cd1.
2026-01-21 17:31:48.003  INFO tokio-runtime-worker substrate: 🏆 Imported #130 (0xeba0…961e → 0x8e34…7633)
2026-01-21 17:31:48.003  INFO tokio-runtime-worker txpool: maintain txs=(0, 0) a=1 i=3 views=[(130, 0, 0)] event=NewBestBlock { hash: 0x8e34645f1490148c50e3927d5ccf8363085137611cebe292bf25b08fc6dc7633, tree_route: None } duration=113.152µs
2026-01-21 17:31:49.348  INFO tokio-runtime-worker txpool: maintain txs=(0, 0) a=1 i=2 views=[(130, 0, 0)] event=Finalized { hash: 0x7a2fd37009b46e7e046107387e24d35cf74c367b1ed6cbf4b50f4b89f31d59c7, tree_route: [] } duration=48.551µs
2026-01-21 17:31:51.369  INFO tokio-runtime-worker substrate: 💤 Idle (0 peers), best: #130 (0x8e34…7633), finalized #128 (0x7a2f…59c7), ⬇ 0 ⬆ 0
2026-01-21 17:31:54.001  INFO tokio-runtime-worker sc_basic_authorship::basic_authorship: 🙌 Starting consensus session on top of parent 0x8e34645f1490148c50e3927d5ccf8363085137611cebe292bf25b08fc6dc7633 (#130)
2026-01-21 17:31:54.002 DEBUG tokio-runtime-worker runtime::executive: [131]: Block initialization weight consumption: Weight { ref_time: 1275050903, proof_size: 4190 }
2026-01-21 17:31:54.002  INFO tokio-runtime-worker pallet_block_production_log::pallet: 👷 Block 131 producer is ProBono(<wasm:stripped>)
2026-01-21 17:31:54.002 DEBUG tokio-runtime-worker runtime::system: [131] 3 extrinsics, length: 59 (normal 0%, op: 0%, mandatory 0%) / normal weight:Weight(ref_time: 0, proof_size: 0) (ref_time: 0%, proof_size: 0%) op weight Weight(ref_time: 0, proof_size: 0) (ref_time 0%, proof_size 0%) / mandatory weight Weight(ref_time: 2348054174, proof_size: 13385) (ref_time: 0%, proof_size: 0%)
2026-01-21 17:31:54.002  INFO tokio-runtime-worker sc_basic_authorship::basic_authorship: 🎁 Prepared block for proposing at 131 (1 ms) hash: 0x59d0416c5ce51eb2730c2b683f724939afd65548b69c484fb1693ba48bbeb6e5; parent_hash: 0x8e34…7633; end: NoMoreTransactions; extrinsics_count: 3
2026-01-21 17:31:54.003  INFO tokio-runtime-worker aura: 🔖 Pre-sealed block for proposal at 131. Hash now 0x9f03e62ed6a340c64f5f9aca27fe5fe908fbf7b4426fc10a8a13bca2a149c645, previously 0x59d0416c5ce51eb2730c2b683f724939afd65548b69c484fb1693ba48bbeb6e5.
2026-01-21 17:31:54.003  INFO tokio-runtime-worker substrate: 🏆 Imported #131 (0x8e34…7633 → 0x9f03…c645)
2026-01-21 17:31:54.004  INFO tokio-runtime-worker txpool: maintain txs=(0, 0) a=1 i=3 views=[(131, 0, 0)] event=NewBestBlock { hash: 0x9f03e62ed6a340c64f5f9aca27fe5fe908fbf7b4426fc10a8a13bca2a149c645, tree_route: None } duration=117.435µs
2026-01-21 17:31:54.680  INFO tokio-runtime-worker txpool: maintain txs=(0, 0) a=1 i=2 views=[(131, 0, 0)] event=Finalized { hash: 0xeba0012ce8c444996d86b135c91d2b4277c5d195245d0c71061443cab2bf961e, tree_route: [] } duration=47.672µs
2026-01-21 17:31:56.369  INFO tokio-runtime-worker substrate: 💤 Idle (0 peers), best: #131 (0x9f03…c645), finalized #129 (0xeba0…961e), ⬇ 0 ⬆ 0
2026-01-21 17:32:00.001  INFO tokio-runtime-worker sc_basic_authorship::basic_authorship: 🙌 Starting consensus session on top of parent 0x9f03e62ed6a340c64f5f9aca27fe5fe908fbf7b4426fc10a8a13bca2a149c645 (#131)
2026-01-21 17:32:00.002 DEBUG tokio-runtime-worker runtime::executive: [132]: Block initialization weight consumption: Weight { ref_time: 1275050903, proof_size: 4190 }
2026-01-21 17:32:00.002  INFO tokio-runtime-worker pallet_block_production_log::pallet: 👷 Block 132 producer is ProBono(<wasm:stripped>)
2026-01-21 17:32:00.002 DEBUG tokio-runtime-worker runtime::system: [132] 3 extrinsics, length: 59 (normal 0%, op: 0%, mandatory 0%) / normal weight:Weight(ref_time: 0, proof_size: 0) (ref_time: 0%, proof_size: 0%) op weight Weight(ref_time: 0, proof_size: 0) (ref_time 0%, proof_size 0%) / mandatory weight Weight(ref_time: 2348054174, proof_size: 13385) (ref_time: 0%, proof_size: 0%)
2026-01-21 17:32:00.003  INFO tokio-runtime-worker sc_basic_authorship::basic_authorship: 🎁 Prepared block for proposing at 132 (1 ms) hash: 0x842cdef16fa0d7954e062568ce60d08e29d3a7c7d8a55232b73914781118aaf5; parent_hash: 0x9f03…c645; end: NoMoreTransactions; extrinsics_count: 3
2026-01-21 17:32:00.003  INFO tokio-runtime-worker aura: 🔖 Pre-sealed block for proposal at 132. Hash now 0xe155c8a92747f24f8a2a69975bf143a56bb2c2753b583b7b0796d8ea2afaa8e2, previously 0x842cdef16fa0d7954e062568ce60d08e29d3a7c7d8a55232b73914781118aaf5.
2026-01-21 17:32:00.004  INFO tokio-runtime-worker substrate: 🏆 Imported #132 (0x9f03…c645 → 0xe155…a8e2)
2026-01-21 17:32:00.004  INFO tokio-runtime-worker txpool: maintain txs=(0, 0) a=1 i=3 views=[(132, 0, 0)] event=NewBestBlock { hash: 0xe155c8a92747f24f8a2a69975bf143a56bb2c2753b583b7b0796d8ea2afaa8e2, tree_route: None } duration=112.715µs
2026-01-21 17:32:01.346  INFO tokio-runtime-worker txpool: maintain txs=(0, 0) a=1 i=2 views=[(132, 0, 0)] event=Finalized { hash: 0x8e34645f1490148c50e3927d5ccf8363085137611cebe292bf25b08fc6dc7633, tree_route: [] } duration=71.988µs
2026-01-21 17:32:01.369  INFO tokio-runtime-worker substrate: 💤 Idle (0 peers), best: #132 (0xe155…a8e2), finalized #130 (0x8e34…7633), ⬇ 0 ⬆ 0
2026-01-21 17:32:06.000  INFO tokio-runtime-worker sc_basic_authorship::basic_authorship: 🙌 Starting consensus session on top of parent 0xe155c8a92747f24f8a2a69975bf143a56bb2c2753b583b7b0796d8ea2afaa8e2 (#132)
2026-01-21 17:32:06.001 DEBUG tokio-runtime-worker runtime::executive: [133]: Block initialization weight consumption: Weight { ref_time: 1275050903, proof_size: 4190 }
2026-01-21 17:32:06.001  INFO tokio-runtime-worker pallet_block_production_log::pallet: 👷 Block 133 producer is ProBono(<wasm:stripped>)
2026-01-21 17:32:06.001 DEBUG tokio-runtime-worker runtime::system: [133] 3 extrinsics, length: 59 (normal 0%, op: 0%, mandatory 0%) / normal weight:Weight(ref_time: 0, proof_size: 0) (ref_time: 0%, proof_size: 0%) op weight Weight(ref_time: 0, proof_size: 0) (ref_time 0%, proof_size 0%) / mandatory weight Weight(ref_time: 2348054174, proof_size: 13385) (ref_time: 0%, proof_size: 0%)
2026-01-21 17:32:06.001  INFO tokio-runtime-worker sc_basic_authorship::basic_authorship: 🎁 Prepared block for proposing at 133 (0 ms) hash: 0x9dac4a3c578bc30fd95c294fe6d89e5663bf75f257822ebd4628899a8b5bc9d4; parent_hash: 0xe155…a8e2; end: NoMoreTransactions; extrinsics_count: 3
2026-01-21 17:32:06.002  INFO tokio-runtime-worker aura: 🔖 Pre-sealed block for proposal at 133. Hash now 0x5ca5d004a737d606cfdb6f86f1b96dc8d968423e4437fc2d04a3667230fe58dc, previously 0x9dac4a3c578bc30fd95c294fe6d89e5663bf75f257822ebd4628899a8b5bc9d4.
2026-01-21 17:32:06.003  INFO tokio-runtime-worker substrate: 🏆 Imported #133 (0xe155…a8e2 → 0x5ca5…58dc)
2026-01-21 17:32:06.003  INFO tokio-runtime-worker txpool: maintain txs=(0, 0) a=1 i=3 views=[(133, 0, 0)] event=NewBestBlock { hash: 0x5ca5d004a737d606cfdb6f86f1b96dc8d968423e4437fc2d04a3667230fe58dc, tree_route: None } duration=96.509µs
2026-01-21 17:32:06.369  INFO tokio-runtime-worker substrate: 💤 Idle (0 peers), best: #133 (0x5ca5…58dc), finalized #130 (0x8e34…7633), ⬇ 0 ⬆ 0
2026-01-21 17:32:06.679  INFO tokio-runtime-worker txpool: maintain txs=(0, 0) a=1 i=2 views=[(133, 0, 0)] event=Finalized { hash: 0x9f03e62ed6a340c64f5f9aca27fe5fe908fbf7b4426fc10a8a13bca2a149c645, tree_route: [] } duration=49.52µs
2026-01-21 17:32:11.370  INFO tokio-runtime-worker substrate: 💤 Idle (0 peers), best: #133 (0x5ca5…58dc), finalized #131 (0x9f03…c645), ⬇ 0 ⬆ 0
2026-01-21 17:32:12.001  INFO tokio-runtime-worker sc_basic_authorship::basic_authorship: 🙌 Starting consensus session on top of parent 0x5ca5d004a737d606cfdb6f86f1b96dc8d968423e4437fc2d04a3667230fe58dc (#133)
2026-01-21 17:32:12.001 DEBUG tokio-runtime-worker runtime::executive: [134]: Block initialization weight consumption: Weight { ref_time: 1275050903, proof_size: 4190 }
2026-01-21 17:32:12.001  INFO tokio-runtime-worker pallet_block_production_log::pallet: 👷 Block 134 producer is ProBono(<wasm:stripped>)
2026-01-21 17:32:12.001 DEBUG tokio-runtime-worker runtime::system: [134] 3 extrinsics, length: 59 (normal 0%, op: 0%, mandatory 0%) / normal weight:Weight(ref_time: 0, proof_size: 0) (ref_time: 0%, proof_size: 0%) op weight Weight(ref_time: 0, proof_size: 0) (ref_time 0%, proof_size 0%) / mandatory weight Weight(ref_time: 2348054174, proof_size: 13385) (ref_time: 0%, proof_size: 0%)
2026-01-21 17:32:12.002  INFO tokio-runtime-worker sc_basic_authorship::basic_authorship: 🎁 Prepared block for proposing at 134 (1 ms) hash: 0x7e83d50e23566c31769b0c3fca164b55fd43345f3180781a3154e3d0092eee5b; parent_hash: 0x5ca5…58dc; end: NoMoreTransactions; extrinsics_count: 3
2026-01-21 17:32:12.003  INFO tokio-runtime-worker aura: 🔖 Pre-sealed block for proposal at 134. Hash now 0xf6a704ca3e599a97483a2e1b5af488ee5b922d0b92059ea19cd67f373e164d7c, previously 0x7e83d50e23566c31769b0c3fca164b55fd43345f3180781a3154e3d0092eee5b.
2026-01-21 17:32:12.003  INFO tokio-runtime-worker substrate: 🏆 Imported #134 (0x5ca5…58dc → 0xf6a7…4d7c)
2026-01-21 17:32:12.003  INFO tokio-runtime-worker txpool: maintain txs=(0, 0) a=1 i=3 views=[(134, 0, 0)] event=NewBestBlock { hash: 0xf6a704ca3e599a97483a2e1b5af488ee5b922d0b92059ea19cd67f373e164d7c, tree_route: None } duration=112.46µs
2026-01-21 17:32:13.344  INFO tokio-runtime-worker txpool: maintain txs=(0, 0) a=1 i=2 views=[(134, 0, 0)] event=Finalized { hash: 0xe155c8a92747f24f8a2a69975bf143a56bb2c2753b583b7b0796d8ea2afaa8e2, tree_route: [] } duration=49.935µs
2026-01-21 17:32:16.370  INFO tokio-runtime-worker substrate: 💤 Idle (0 peers), best: #134 (0xf6a7…4d7c), finalized #132 (0xe155…a8e2), ⬇ 0 ⬆ 0
2026-01-21 17:32:18.001  INFO tokio-runtime-worker sc_basic_authorship::basic_authorship: 🙌 Starting consensus session on top of parent 0xf6a704ca3e599a97483a2e1b5af488ee5b922d0b92059ea19cd67f373e164d7c (#134)
2026-01-21 17:32:18.001 DEBUG tokio-runtime-worker runtime::executive: [135]: Block initialization weight consumption: Weight { ref_time: 1275050903, proof_size: 4190 }
2026-01-21 17:32:18.001  INFO tokio-runtime-worker pallet_block_production_log::pallet: 👷 Block 135 producer is ProBono(<wasm:stripped>)
2026-01-21 17:32:18.001 DEBUG tokio-runtime-worker runtime::system: [135] 3 extrinsics, length: 59 (normal 0%, op: 0%, mandatory 0%) / normal weight:Weight(ref_time: 0, proof_size: 0) (ref_time: 0%, proof_size: 0%) op weight Weight(ref_time: 0, proof_size: 0) (ref_time 0%, proof_size 0%) / mandatory weight Weight(ref_time: 2348054174, proof_size: 13385) (ref_time: 0%, proof_size: 0%)
2026-01-21 17:32:18.002  INFO tokio-runtime-worker sc_basic_authorship::basic_authorship: 🎁 Prepared block for proposing at 135 (0 ms) hash: 0xe20b831626fcd6dae8dea52018f2800374c5b85717f5ea63cac603a3721a4de4; parent_hash: 0xf6a7…4d7c; end: NoMoreTransactions; extrinsics_count: 3
2026-01-21 17:32:18.003  INFO tokio-runtime-worker aura: 🔖 Pre-sealed block for proposal at 135. Hash now 0x5611faefd6d8a0872123e88d6f7c7e153bb945dac28530db07f8c0c696373f6a, previously 0xe20b831626fcd6dae8dea52018f2800374c5b85717f5ea63cac603a3721a4de4.
2026-01-21 17:32:18.003  INFO tokio-runtime-worker substrate: 🏆 Imported #135 (0xf6a7…4d7c → 0x5611…3f6a)
2026-01-21 17:32:18.003  INFO tokio-runtime-worker txpool: maintain txs=(0, 0) a=1 i=3 views=[(135, 0, 0)] event=NewBestBlock { hash: 0x5611faefd6d8a0872123e88d6f7c7e153bb945dac28530db07f8c0c696373f6a, tree_route: None } duration=114.423µs
2026-01-21 17:32:18.678  INFO tokio-runtime-worker txpool: maintain txs=(0, 0) a=1 i=2 views=[(135, 0, 0)] event=Finalized { hash: 0x5ca5d004a737d606cfdb6f86f1b96dc8d968423e4437fc2d04a3667230fe58dc, tree_route: [] } duration=106.141µs
2026-01-21 17:32:21.370  INFO tokio-runtime-worker substrate: 💤 Idle (0 peers), best: #135 (0x5611…3f6a), finalized #133 (0x5ca5…58dc), ⬇ 0 ⬆ 0
2026-01-21 17:32:24.001  INFO tokio-runtime-worker sc_basic_authorship::basic_authorship: 🙌 Starting consensus session on top of parent 0x5611faefd6d8a0872123e88d6f7c7e153bb945dac28530db07f8c0c696373f6a (#135)
2026-01-21 17:32:24.001 DEBUG tokio-runtime-worker runtime::executive: [136]: Block initialization weight consumption: Weight { ref_time: 1275050903, proof_size: 4190 }
2026-01-21 17:32:24.002  INFO tokio-runtime-worker pallet_block_production_log::pallet: 👷 Block 136 producer is ProBono(<wasm:stripped>)
2026-01-21 17:32:24.002 DEBUG tokio-runtime-worker runtime::system: [136] 3 extrinsics, length: 59 (normal 0%, op: 0%, mandatory 0%) / normal weight:Weight(ref_time: 0, proof_size: 0) (ref_time: 0%, proof_size: 0%) op weight Weight(ref_time: 0, proof_size: 0) (ref_time 0%, proof_size 0%) / mandatory weight Weight(ref_time: 2348054174, proof_size: 13385) (ref_time: 0%, proof_size: 0%)
2026-01-21 17:32:24.002  INFO tokio-runtime-worker sc_basic_authorship::basic_authorship: 🎁 Prepared block for proposing at 136 (1 ms) hash: 0x4d09633c663e3da21938f147d857b00864ba4772844f9eda5092633d910d3ecd; parent_hash: 0x5611…3f6a; end: NoMoreTransactions; extrinsics_count: 3
2026-01-21 17:32:24.003  INFO tokio-runtime-worker aura: 🔖 Pre-sealed block for proposal at 136. Hash now 0x473aa974a697d3b3f779a635532ff4a514bb6a9c37571ebef6f7d397f43c4d0a, previously 0x4d09633c663e3da21938f147d857b00864ba4772844f9eda5092633d910d3ecd.
2026-01-21 17:32:24.003  INFO tokio-runtime-worker substrate: 🏆 Imported #136 (0x5611…3f6a → 0x473a…4d0a)
2026-01-21 17:32:24.003  INFO tokio-runtime-worker txpool: maintain txs=(0, 0) a=1 i=3 views=[(136, 0, 0)] event=NewBestBlock { hash: 0x473aa974a697d3b3f779a635532ff4a514bb6a9c37571ebef6f7d397f43c4d0a, tree_route: None } duration=165.299µs
2026-01-21 17:32:25.343  INFO tokio-runtime-worker txpool: maintain txs=(0, 0) a=1 i=2 views=[(136, 0, 0)] event=Finalized { hash: 0xf6a704ca3e599a97483a2e1b5af488ee5b922d0b92059ea19cd67f373e164d7c, tree_route: [] } duration=48.466µs
2026-01-21 17:32:26.370  INFO tokio-runtime-worker substrate: 💤 Idle (0 peers), best: #136 (0x473a…4d0a), finalized #134 (0xf6a7…4d7c), ⬇ 0 ⬆ 0
2026-01-21 17:32:30.001  INFO tokio-runtime-worker sc_basic_authorship::basic_authorship: 🙌 Starting consensus session on top of parent 0x473aa974a697d3b3f779a635532ff4a514bb6a9c37571ebef6f7d397f43c4d0a (#136)
2026-01-21 17:32:30.001 DEBUG tokio-runtime-worker runtime::executive: [137]: Block initialization weight consumption: Weight { ref_time: 1275050903, proof_size: 4190 }
2026-01-21 17:32:30.002  INFO tokio-runtime-worker pallet_block_production_log::pallet: 👷 Block 137 producer is ProBono(<wasm:stripped>)
2026-01-21 17:32:30.002 DEBUG tokio-runtime-worker runtime::system: [137] 3 extrinsics, length: 59 (normal 0%, op: 0%, mandatory 0%) / normal weight:Weight(ref_time: 0, proof_size: 0) (ref_time: 0%, proof_size: 0%) op weight Weight(ref_time: 0, proof_size: 0) (ref_time 0%, proof_size 0%) / mandatory weight Weight(ref_time: 2348054174, proof_size: 13385) (ref_time: 0%, proof_size: 0%)
2026-01-21 17:32:30.002  INFO tokio-runtime-worker sc_basic_authorship::basic_authorship: 🎁 Prepared block for proposing at 137 (1 ms) hash: 0xc082fffee7258e68dcfe97e19c383c3d6b85683bbbcddd4cea329d0b9805acd0; parent_hash: 0x473a…4d0a; end: NoMoreTransactions; extrinsics_count: 3
2026-01-21 17:32:30.003  INFO tokio-runtime-worker aura: 🔖 Pre-sealed block for proposal at 137. Hash now 0x7e6770b92b16414c1846b3663b20a1001560ed4b21287a13fbb019d7953ba894, previously 0xc082fffee7258e68dcfe97e19c383c3d6b85683bbbcddd4cea329d0b9805acd0.
2026-01-21 17:32:30.003  INFO tokio-runtime-worker substrate: 🏆 Imported #137 (0x473a…4d0a → 0x7e67…a894)
2026-01-21 17:32:30.004  INFO tokio-runtime-worker txpool: maintain txs=(0, 0) a=1 i=3 views=[(137, 0, 0)] event=NewBestBlock { hash: 0x7e6770b92b16414c1846b3663b20a1001560ed4b21287a13fbb019d7953ba894, tree_route: None } duration=199.433µs
2026-01-21 17:32:30.676  INFO tokio-runtime-worker txpool: maintain txs=(0, 0) a=1 i=2 views=[(137, 0, 0)] event=Finalized { hash: 0x5611faefd6d8a0872123e88d6f7c7e153bb945dac28530db07f8c0c696373f6a, tree_route: [] } duration=52.997µs
2026-01-21 17:32:31.371  INFO tokio-runtime-worker substrate: 💤 Idle (0 peers), best: #137 (0x7e67…a894), finalized #135 (0x5611…3f6a), ⬇ 0 ⬆ 0
2026-01-21 17:32:36.001  INFO tokio-runtime-worker sc_basic_authorship::basic_authorship: 🙌 Starting consensus session on top of parent 0x7e6770b92b16414c1846b3663b20a1001560ed4b21287a13fbb019d7953ba894 (#137)
2026-01-21 17:32:36.001 DEBUG tokio-runtime-worker runtime::executive: [138]: Block initialization weight consumption: Weight { ref_time: 1275050903, proof_size: 4190 }
2026-01-21 17:32:36.002  INFO tokio-runtime-worker pallet_block_production_log::pallet: 👷 Block 138 producer is ProBono(<wasm:stripped>)
2026-01-21 17:32:36.002 DEBUG tokio-runtime-worker runtime::system: [138] 3 extrinsics, length: 59 (normal 0%, op: 0%, mandatory 0%) / normal weight:Weight(ref_time: 0, proof_size: 0) (ref_time: 0%, proof_size: 0%) op weight Weight(ref_time: 0, proof_size: 0) (ref_time 0%, proof_size 0%) / mandatory weight Weight(ref_time: 2348054174, proof_size: 13385) (ref_time: 0%, proof_size: 0%)
2026-01-21 17:32:36.002  INFO tokio-runtime-worker sc_basic_authorship::basic_authorship: 🎁 Prepared block for proposing at 138 (0 ms) hash: 0x9d83737f1229eaaba3a740f720b9fab5e8ca7d3ef615f33e900274514a27807d; parent_hash: 0x7e67…a894; end: NoMoreTransactions; extrinsics_count: 3
2026-01-21 17:32:36.003  INFO tokio-runtime-worker aura: 🔖 Pre-sealed block for proposal at 138. Hash now 0xb60d161afb8d588d625ee18a78aa8d9cca670b6606dbd6aef061ac603312d768, previously 0x9d83737f1229eaaba3a740f720b9fab5e8ca7d3ef615f33e900274514a27807d.
2026-01-21 17:32:36.003  INFO tokio-runtime-worker substrate: 🏆 Imported #138 (0x7e67…a894 → 0xb60d…d768)
2026-01-21 17:32:36.003  INFO tokio-runtime-worker txpool: maintain txs=(0, 0) a=1 i=3 views=[(138, 0, 0)] event=NewBestBlock { hash: 0xb60d161afb8d588d625ee18a78aa8d9cca670b6606dbd6aef061ac603312d768, tree_route: None } duration=125.666µs
2026-01-21 17:32:36.371  INFO tokio-runtime-worker substrate: 💤 Idle (0 peers), best: #138 (0xb60d…d768), finalized #135 (0x5611…3f6a), ⬇ 0 ⬆ 0
2026-01-21 17:32:37.341  INFO tokio-runtime-worker txpool: maintain txs=(0, 0) a=1 i=2 views=[(138, 0, 0)] event=Finalized { hash: 0x473aa974a697d3b3f779a635532ff4a514bb6a9c37571ebef6f7d397f43c4d0a, tree_route: [] } duration=71.706µs
2026-01-21 17:32:41.371  INFO tokio-runtime-worker substrate: 💤 Idle (0 peers), best: #138 (0xb60d…d768), finalized #136 (0x473a…4d0a), ⬇ 0 ⬆ 0
2026-01-21 17:32:42.002  INFO tokio-runtime-worker sc_basic_authorship::basic_authorship: 🙌 Starting consensus session on top of parent 0xb60d161afb8d588d625ee18a78aa8d9cca670b6606dbd6aef061ac603312d768 (#138)
2026-01-21 17:32:42.002 DEBUG tokio-runtime-worker runtime::executive: [139]: Block initialization weight consumption: Weight { ref_time: 1275050903, proof_size: 4190 }
2026-01-21 17:32:42.002  INFO tokio-runtime-worker pallet_block_production_log::pallet: 👷 Block 139 producer is ProBono(<wasm:stripped>)
2026-01-21 17:32:42.002 DEBUG tokio-runtime-worker runtime::system: [139] 3 extrinsics, length: 59 (normal 0%, op: 0%, mandatory 0%) / normal weight:Weight(ref_time: 0, proof_size: 0) (ref_time: 0%, proof_size: 0%) op weight Weight(ref_time: 0, proof_size: 0) (ref_time 0%, proof_size 0%) / mandatory weight Weight(ref_time: 2348054174, proof_size: 13385) (ref_time: 0%, proof_size: 0%)
2026-01-21 17:32:42.003  INFO tokio-runtime-worker sc_basic_authorship::basic_authorship: 🎁 Prepared block for proposing at 139 (1 ms) hash: 0x8f62bab262ac7ec5c39d0353ec7fb8e1f5ea6f946a7a0788a671235ee65fdbc2; parent_hash: 0xb60d…d768; end: NoMoreTransactions; extrinsics_count: 3
2026-01-21 17:32:42.004  INFO tokio-runtime-worker aura: 🔖 Pre-sealed block for proposal at 139. Hash now 0xe489a245b149262224538f41ad6eead3d527d6985f0ea9e4dd9ea821607f357a, previously 0x8f62bab262ac7ec5c39d0353ec7fb8e1f5ea6f946a7a0788a671235ee65fdbc2.
2026-01-21 17:32:42.004  INFO tokio-runtime-worker substrate: 🏆 Imported #139 (0xb60d…d768 → 0xe489…357a)
2026-01-21 17:32:42.004  INFO tokio-runtime-worker txpool: maintain txs=(0, 0) a=1 i=3 views=[(139, 0, 0)] event=NewBestBlock { hash: 0xe489a245b149262224538f41ad6eead3d527d6985f0ea9e4dd9ea821607f357a, tree_route: None } duration=217.512µs
2026-01-21 17:32:42.674  INFO tokio-runtime-worker txpool: maintain txs=(0, 0) a=1 i=2 views=[(139, 0, 0)] event=Finalized { hash: 0x7e6770b92b16414c1846b3663b20a1001560ed4b21287a13fbb019d7953ba894, tree_route: [] } duration=74.692µs
2026-01-21 17:32:46.372  INFO tokio-runtime-worker substrate: 💤 Idle (0 peers), best: #139 (0xe489…357a), finalized #137 (0x7e67…a894), ⬇ 0 ⬆ 0
2026-01-21 17:32:48.000  INFO tokio-runtime-worker sc_basic_authorship::basic_authorship: 🙌 Starting consensus session on top of parent 0xe489a245b149262224538f41ad6eead3d527d6985f0ea9e4dd9ea821607f357a (#139)
2026-01-21 17:32:48.001 DEBUG tokio-runtime-worker runtime::executive: [140]: Block initialization weight consumption: Weight { ref_time: 1275050903, proof_size: 4190 }
2026-01-21 17:32:48.001  INFO tokio-runtime-worker pallet_block_production_log::pallet: 👷 Block 140 producer is ProBono(<wasm:stripped>)
2026-01-21 17:32:48.001 DEBUG tokio-runtime-worker runtime::system: [140] 3 extrinsics, length: 59 (normal 0%, op: 0%, mandatory 0%) / normal weight:Weight(ref_time: 0, proof_size: 0) (ref_time: 0%, proof_size: 0%) op weight Weight(ref_time: 0, proof_size: 0) (ref_time 0%, proof_size 0%) / mandatory weight Weight(ref_time: 2348054174, proof_size: 13385) (ref_time: 0%, proof_size: 0%)
2026-01-21 17:32:48.001  INFO tokio-runtime-worker sc_basic_authorship::basic_authorship: 🎁 Prepared block for proposing at 140 (1 ms) hash: 0xfafb3304e0c706f396f9933e2cc66a58a616f3f9b1b8daf9b79e76a7e9c3943d; parent_hash: 0xe489…357a; end: NoMoreTransactions; extrinsics_count: 3
2026-01-21 17:32:48.002  INFO tokio-runtime-worker aura: 🔖 Pre-sealed block for proposal at 140. Hash now 0x809dab5934053435d366f4f74385e520b9895613d5f8f4147c6886718c7dccda, previously 0xfafb3304e0c706f396f9933e2cc66a58a616f3f9b1b8daf9b79e76a7e9c3943d.
2026-01-21 17:32:48.003  INFO tokio-runtime-worker substrate: 🏆 Imported #140 (0xe489…357a → 0x809d…ccda)
2026-01-21 17:32:48.003  INFO tokio-runtime-worker txpool: maintain txs=(0, 0) a=1 i=3 views=[(140, 0, 0)] event=NewBestBlock { hash: 0x809dab5934053435d366f4f74385e520b9895613d5f8f4147c6886718c7dccda, tree_route: None } duration=102.393µs
2026-01-21 17:32:49.340  INFO tokio-runtime-worker txpool: maintain txs=(0, 0) a=1 i=2 views=[(140, 0, 0)] event=Finalized { hash: 0xb60d161afb8d588d625ee18a78aa8d9cca670b6606dbd6aef061ac603312d768, tree_route: [] } duration=69.36µs
2026-01-21 17:32:51.372  INFO tokio-runtime-worker substrate: 💤 Idle (0 peers), best: #140 (0x809d…ccda), finalized #138 (0xb60d…d768), ⬇ 0 ⬆ 0
2026-01-21 17:32:54.000  INFO tokio-runtime-worker sc_basic_authorship::basic_authorship: 🙌 Starting consensus session on top of parent 0x809dab5934053435d366f4f74385e520b9895613d5f8f4147c6886718c7dccda (#140)
2026-01-21 17:32:54.001 DEBUG tokio-runtime-worker runtime::executive: [141]: Block initialization weight consumption: Weight { ref_time: 1275050903, proof_size: 4190 }
2026-01-21 17:32:54.001  INFO tokio-runtime-worker pallet_block_production_log::pallet: 👷 Block 141 producer is ProBono(<wasm:stripped>)
2026-01-21 17:32:54.001 DEBUG tokio-runtime-worker runtime::system: [141] 3 extrinsics, length: 59 (normal 0%, op: 0%, mandatory 0%) / normal weight:Weight(ref_time: 0, proof_size: 0) (ref_time: 0%, proof_size: 0%) op weight Weight(ref_time: 0, proof_size: 0) (ref_time 0%, proof_size 0%) / mandatory weight Weight(ref_time: 2348054174, proof_size: 13385) (ref_time: 0%, proof_size: 0%)
2026-01-21 17:32:54.002  INFO tokio-runtime-worker sc_basic_authorship::basic_authorship: 🎁 Prepared block for proposing at 141 (1 ms) hash: 0x525af840922a0b501f6c269fecc49fa357d06bba80e4b4767493923d4c633299; parent_hash: 0x809d…ccda; end: NoMoreTransactions; extrinsics_count: 3
2026-01-21 17:32:54.003  INFO tokio-runtime-worker aura: 🔖 Pre-sealed block for proposal at 141. Hash now 0xd788b5a68ba68ec5cf1909856be3d83f3f3753626f10418289df5683f23bf48a, previously 0x525af840922a0b501f6c269fecc49fa357d06bba80e4b4767493923d4c633299.
2026-01-21 17:32:54.003  INFO tokio-runtime-worker substrate: 🏆 Imported #141 (0x809d…ccda → 0xd788…f48a)
2026-01-21 17:32:54.004  INFO tokio-runtime-worker txpool: maintain txs=(0, 0) a=1 i=3 views=[(141, 0, 0)] event=NewBestBlock { hash: 0xd788b5a68ba68ec5cf1909856be3d83f3f3753626f10418289df5683f23bf48a, tree_route: None } duration=511.401µs
2026-01-21 17:32:54.673  INFO tokio-runtime-worker txpool: maintain txs=(0, 0) a=1 i=2 views=[(141, 0, 0)] event=Finalized { hash: 0xe489a245b149262224538f41ad6eead3d527d6985f0ea9e4dd9ea821607f357a, tree_route: [] } duration=59.887µs
2026-01-21 17:32:56.372  INFO tokio-runtime-worker substrate: 💤 Idle (0 peers), best: #141 (0xd788…f48a), finalized #139 (0xe489…357a), ⬇ 0 ⬆ 0
2026-01-21 17:33:00.001  INFO tokio-runtime-worker sc_basic_authorship::basic_authorship: 🙌 Starting consensus session on top of parent 0xd788b5a68ba68ec5cf1909856be3d83f3f3753626f10418289df5683f23bf48a (#141)
2026-01-21 17:33:00.001 DEBUG tokio-runtime-worker runtime::executive: [142]: Block initialization weight consumption: Weight { ref_time: 1275050903, proof_size: 4190 }
2026-01-21 17:33:00.001  INFO tokio-runtime-worker pallet_block_participation::pallet: 🧾 Processing block participation data up to slot 294832830.
2026-01-21 17:33:00.001  INFO tokio-runtime-worker partner_chains_demo_runtime::test_helper_pallet::pallet: 📊 Block participation inherent data released
2026-01-21 17:33:00.002  INFO tokio-runtime-worker pallet_block_production_log::pallet: 👷 Block 142 producer is ProBono(<wasm:stripped>)
2026-01-21 17:33:00.002 DEBUG tokio-runtime-worker runtime::system: [142] 5 extrinsics, length: 131 (normal 0%, op: 0%, mandatory 0%) / normal weight:Weight(ref_time: 0, proof_size: 0) (ref_time: 0%, proof_size: 0%) op weight Weight(ref_time: 0, proof_size: 0) (ref_time 0%, proof_size 0%) / mandatory weight Weight(ref_time: 2564368174, proof_size: 13457) (ref_time: 0%, proof_size: 0%)
2026-01-21 17:33:00.002  INFO tokio-runtime-worker sc_basic_authorship::basic_authorship: 🎁 Prepared block for proposing at 142 (1 ms) hash: 0x84ae81517a9f96bd37fe0e76bf96c7182ebcbfbc7ec8107ecb19ddfe464e108f; parent_hash: 0xd788…f48a; end: NoMoreTransactions; extrinsics_count: 5
2026-01-21 17:33:00.003  INFO tokio-runtime-worker aura: 🔖 Pre-sealed block for proposal at 142. Hash now 0xe308a3f5cb1fbdb1a961c9b576193d3f43932be83626ed2b7475f688e2ed8061, previously 0x84ae81517a9f96bd37fe0e76bf96c7182ebcbfbc7ec8107ecb19ddfe464e108f.
2026-01-21 17:33:00.003  INFO tokio-runtime-worker substrate: 🏆 Imported #142 (0xd788…f48a → 0xe308…8061)
2026-01-21 17:33:00.003  INFO tokio-runtime-worker txpool: maintain txs=(0, 0) a=1 i=3 views=[(142, 0, 0)] event=NewBestBlock { hash: 0xe308a3f5cb1fbdb1a961c9b576193d3f43932be83626ed2b7475f688e2ed8061, tree_route: None } duration=198.804µs
2026-01-21 17:33:01.339  INFO tokio-runtime-worker txpool: maintain txs=(0, 0) a=1 i=2 views=[(142, 0, 0)] event=Finalized { hash: 0x809dab5934053435d366f4f74385e520b9895613d5f8f4147c6886718c7dccda, tree_route: [] } duration=103.016µs
2026-01-21 17:33:01.373  INFO tokio-runtime-worker substrate: 💤 Idle (0 peers), best: #142 (0xe308…8061), finalized #140 (0x809d…ccda), ⬇ 0 ⬆ 0
2026-01-21 17:33:06.001  INFO tokio-runtime-worker sc_basic_authorship::basic_authorship: 🙌 Starting consensus session on top of parent 0xe308a3f5cb1fbdb1a961c9b576193d3f43932be83626ed2b7475f688e2ed8061 (#142)
2026-01-21 17:33:06.001 DEBUG tokio-runtime-worker runtime::executive: [143]: Block initialization weight consumption: Weight { ref_time: 1275050903, proof_size: 4190 }
2026-01-21 17:33:06.002  INFO tokio-runtime-worker pallet_block_production_log::pallet: 👷 Block 143 producer is ProBono(<wasm:stripped>)
2026-01-21 17:33:06.002 DEBUG tokio-runtime-worker runtime::system: [143] 3 extrinsics, length: 59 (normal 0%, op: 0%, mandatory 0%) / normal weight:Weight(ref_time: 0, proof_size: 0) (ref_time: 0%, proof_size: 0%) op weight Weight(ref_time: 0, proof_size: 0) (ref_time 0%, proof_size 0%) / mandatory weight Weight(ref_time: 2348054174, proof_size: 13385) (ref_time: 0%, proof_size: 0%)
2026-01-21 17:33:06.002  INFO tokio-runtime-worker sc_basic_authorship::basic_authorship: 🎁 Prepared block for proposing at 143 (1 ms) hash: 0x46288b155e22598ab6270c630c60b9a9e93d3e4d5e9419dd97e1167643a69a1b; parent_hash: 0xe308…8061; end: NoMoreTransactions; extrinsics_count: 3
2026-01-21 17:33:06.003  INFO tokio-runtime-worker aura: 🔖 Pre-sealed block for proposal at 143. Hash now 0x2ab8eff32dfdded110a3bc7351ea78b79b51e78efefab9bdc83c6b82a1c23faa, previously 0x46288b155e22598ab6270c630c60b9a9e93d3e4d5e9419dd97e1167643a69a1b.
2026-01-21 17:33:06.003  INFO tokio-runtime-worker substrate: 🏆 Imported #143 (0xe308…8061 → 0x2ab8…3faa)
2026-01-21 17:33:06.003  INFO tokio-runtime-worker txpool: maintain txs=(0, 0) a=1 i=3 views=[(143, 0, 0)] event=NewBestBlock { hash: 0x2ab8eff32dfdded110a3bc7351ea78b79b51e78efefab9bdc83c6b82a1c23faa, tree_route: None } duration=114.368µs
2026-01-21 17:33:06.373  INFO tokio-runtime-worker substrate: 💤 Idle (0 peers), best: #143 (0x2ab8…3faa), finalized #140 (0x809d…ccda), ⬇ 0 ⬆ 0
2026-01-21 17:33:06.671  INFO tokio-runtime-worker txpool: maintain txs=(0, 0) a=1 i=2 views=[(143, 0, 0)] event=Finalized { hash: 0xd788b5a68ba68ec5cf1909856be3d83f3f3753626f10418289df5683f23bf48a, tree_route: [] } duration=144.228µs
2026-01-21 17:33:11.373  INFO tokio-runtime-worker substrate: 💤 Idle (0 peers), best: #143 (0x2ab8…3faa), finalized #141 (0xd788…f48a), ⬇ 0 ⬆ 0
2026-01-21 17:33:12.001  INFO tokio-runtime-worker sc_basic_authorship::basic_authorship: 🙌 Starting consensus session on top of parent 0x2ab8eff32dfdded110a3bc7351ea78b79b51e78efefab9bdc83c6b82a1c23faa (#143)
2026-01-21 17:33:12.001 DEBUG tokio-runtime-worker runtime::executive: [144]: Block initialization weight consumption: Weight { ref_time: 1275050903, proof_size: 4190 }
2026-01-21 17:33:12.002  INFO tokio-runtime-worker pallet_block_production_log::pallet: 👷 Block 144 producer is ProBono(<wasm:stripped>)
2026-01-21 17:33:12.002 DEBUG tokio-runtime-worker runtime::system: [144] 3 extrinsics, length: 59 (normal 0%, op: 0%, mandatory 0%) / normal weight:Weight(ref_time: 0, proof_size: 0) (ref_time: 0%, proof_size: 0%) op weight Weight(ref_time: 0, proof_size: 0) (ref_time 0%, proof_size 0%) / mandatory weight Weight(ref_time: 2348054174, proof_size: 13385) (ref_time: 0%, proof_size: 0%)
2026-01-21 17:33:12.002  INFO tokio-runtime-worker sc_basic_authorship::basic_authorship: 🎁 Prepared block for proposing at 144 (0 ms) hash: 0x3e0928504d07b333138173ebbc47acda3b8d7a689c3092ab23e6737f3fec7da9; parent_hash: 0x2ab8…3faa; end: NoMoreTransactions; extrinsics_count: 3
2026-01-21 17:33:12.003  INFO tokio-runtime-worker aura: 🔖 Pre-sealed block for proposal at 144. Hash now 0x2daae0295f6d96d893cb0a2064406f92bcb656d06b4c646f14009b969a9f0bc5, previously 0x3e0928504d07b333138173ebbc47acda3b8d7a689c3092ab23e6737f3fec7da9.
2026-01-21 17:33:12.003  INFO tokio-runtime-worker substrate: 🏆 Imported #144 (0x2ab8…3faa → 0x2daa…0bc5)
2026-01-21 17:33:12.003  INFO tokio-runtime-worker txpool: maintain txs=(0, 0) a=1 i=3 views=[(144, 0, 0)] event=NewBestBlock { hash: 0x2daae0295f6d96d893cb0a2064406f92bcb656d06b4c646f14009b969a9f0bc5, tree_route: None } duration=83.52µs
2026-01-21 17:33:13.337  INFO tokio-runtime-worker txpool: maintain txs=(0, 0) a=1 i=2 views=[(144, 0, 0)] event=Finalized { hash: 0xe308a3f5cb1fbdb1a961c9b576193d3f43932be83626ed2b7475f688e2ed8061, tree_route: [] } duration=52.821µs
2026-01-21 17:33:16.373  INFO tokio-runtime-worker substrate: 💤 Idle (0 peers), best: #144 (0x2daa…0bc5), finalized #142 (0xe308…8061), ⬇ 0 ⬆ 0
2026-01-21 17:33:18.001  INFO tokio-runtime-worker sc_basic_authorship::basic_authorship: 🙌 Starting consensus session on top of parent 0x2daae0295f6d96d893cb0a2064406f92bcb656d06b4c646f14009b969a9f0bc5 (#144)
2026-01-21 17:33:18.001 DEBUG tokio-runtime-worker runtime::executive: [145]: Block initialization weight consumption: Weight { ref_time: 1275050903, proof_size: 4190 }
2026-01-21 17:33:18.002  INFO tokio-runtime-worker pallet_block_production_log::pallet: 👷 Block 145 producer is ProBono(<wasm:stripped>)
2026-01-21 17:33:18.002 DEBUG tokio-runtime-worker runtime::system: [145] 3 extrinsics, length: 59 (normal 0%, op: 0%, mandatory 0%) / normal weight:Weight(ref_time: 0, proof_size: 0) (ref_time: 0%, proof_size: 0%) op weight Weight(ref_time: 0, proof_size: 0) (ref_time 0%, proof_size 0%) / mandatory weight Weight(ref_time: 2348054174, proof_size: 13385) (ref_time: 0%, proof_size: 0%)
2026-01-21 17:33:18.002  INFO tokio-runtime-worker sc_basic_authorship::basic_authorship: 🎁 Prepared block for proposing at 145 (0 ms) hash: 0x5c851fc22a8d3c19d42be60168cc1e883a2aa1c09e8faa95b519eb8a2eb1a613; parent_hash: 0x2daa…0bc5; end: NoMoreTransactions; extrinsics_count: 3
2026-01-21 17:33:18.003  INFO tokio-runtime-worker aura: 🔖 Pre-sealed block for proposal at 145. Hash now 0x2e1f8818a5898aba6f0efb1310e72976c0b48bb16ad807bbcd4aa8d992cf4cf5, previously 0x5c851fc22a8d3c19d42be60168cc1e883a2aa1c09e8faa95b519eb8a2eb1a613.
2026-01-21 17:33:18.003  INFO tokio-runtime-worker substrate: 🏆 Imported #145 (0x2daa…0bc5 → 0x2e1f…4cf5)
2026-01-21 17:33:18.004  INFO tokio-runtime-worker txpool: maintain txs=(0, 0) a=1 i=3 views=[(145, 0, 0)] event=NewBestBlock { hash: 0x2e1f8818a5898aba6f0efb1310e72976c0b48bb16ad807bbcd4aa8d992cf4cf5, tree_route: None } duration=693.699µs
2026-01-21 17:33:20.003  INFO tokio-runtime-worker txpool: maintain txs=(0, 0) a=1 i=2 views=[(145, 0, 0)] event=Finalized { hash: 0x2ab8eff32dfdded110a3bc7351ea78b79b51e78efefab9bdc83c6b82a1c23faa, tree_route: [] } duration=91.962µs
2026-01-21 17:33:21.374  INFO tokio-runtime-worker substrate: 💤 Idle (0 peers), best: #145 (0x2e1f…4cf5), finalized #143 (0x2ab8…3faa), ⬇ 0 ⬆ 0
2026-01-21 17:33:24.001  INFO tokio-runtime-worker sc_basic_authorship::basic_authorship: 🙌 Starting consensus session on top of parent 0x2e1f8818a5898aba6f0efb1310e72976c0b48bb16ad807bbcd4aa8d992cf4cf5 (#145)
2026-01-21 17:33:24.002 DEBUG tokio-runtime-worker runtime::executive: [146]: Block initialization weight consumption: Weight { ref_time: 1275050903, proof_size: 4190 }
2026-01-21 17:33:24.002  INFO tokio-runtime-worker pallet_block_production_log::pallet: 👷 Block 146 producer is ProBono(<wasm:stripped>)
2026-01-21 17:33:24.002 DEBUG tokio-runtime-worker runtime::system: [146] 3 extrinsics, length: 59 (normal 0%, op: 0%, mandatory 0%) / normal weight:Weight(ref_time: 0, proof_size: 0) (ref_time: 0%, proof_size: 0%) op weight Weight(ref_time: 0, proof_size: 0) (ref_time 0%, proof_size 0%) / mandatory weight Weight(ref_time: 2348054174, proof_size: 13385) (ref_time: 0%, proof_size: 0%)
2026-01-21 17:33:24.002  INFO tokio-runtime-worker sc_basic_authorship::basic_authorship: 🎁 Prepared block for proposing at 146 (1 ms) hash: 0xeb91ffdd4fffbb241f17f469a75ffd816956df91a8053f4844c576804161472d; parent_hash: 0x2e1f…4cf5; end: NoMoreTransactions; extrinsics_count: 3
2026-01-21 17:33:24.003  INFO tokio-runtime-worker aura: 🔖 Pre-sealed block for proposal at 146. Hash now 0x6d1890c4f68b3825c9876e14d085eeaf69794e9618232f791dca329d371784ce, previously 0xeb91ffdd4fffbb241f17f469a75ffd816956df91a8053f4844c576804161472d.
2026-01-21 17:33:24.003  INFO tokio-runtime-worker substrate: 🏆 Imported #146 (0x2e1f…4cf5 → 0x6d18…84ce)
2026-01-21 17:33:24.004  INFO tokio-runtime-worker txpool: maintain txs=(0, 0) a=1 i=3 views=[(146, 0, 0)] event=NewBestBlock { hash: 0x6d1890c4f68b3825c9876e14d085eeaf69794e9618232f791dca329d371784ce, tree_route: None } duration=87.11µs
2026-01-21 17:33:25.335  INFO tokio-runtime-worker txpool: maintain txs=(0, 0) a=1 i=2 views=[(146, 0, 0)] event=Finalized { hash: 0x2daae0295f6d96d893cb0a2064406f92bcb656d06b4c646f14009b969a9f0bc5, tree_route: [] } duration=50.157µs
2026-01-21 17:33:26.374  INFO tokio-runtime-worker substrate: 💤 Idle (0 peers), best: #146 (0x6d18…84ce), finalized #144 (0x2daa…0bc5), ⬇ 0 ⬆ 0
2026-01-21 17:33:30.001  INFO tokio-runtime-worker sc_basic_authorship::basic_authorship: 🙌 Starting consensus session on top of parent 0x6d1890c4f68b3825c9876e14d085eeaf69794e9618232f791dca329d371784ce (#146)
2026-01-21 17:33:30.001 DEBUG tokio-runtime-worker runtime::executive: [147]: Block initialization weight consumption: Weight { ref_time: 1275050903, proof_size: 4190 }
2026-01-21 17:33:30.002  INFO tokio-runtime-worker pallet_block_production_log::pallet: 👷 Block 147 producer is ProBono(<wasm:stripped>)
2026-01-21 17:33:30.002 DEBUG tokio-runtime-worker runtime::system: [147] 3 extrinsics, length: 59 (normal 0%, op: 0%, mandatory 0%) / normal weight:Weight(ref_time: 0, proof_size: 0) (ref_time: 0%, proof_size: 0%) op weight Weight(ref_time: 0, proof_size: 0) (ref_time 0%, proof_size 0%) / mandatory weight Weight(ref_time: 2348054174, proof_size: 13385) (ref_time: 0%, proof_size: 0%)
2026-01-21 17:33:30.002  INFO tokio-runtime-worker sc_basic_authorship::basic_authorship: 🎁 Prepared block for proposing at 147 (0 ms) hash: 0xccca76b271e1fd25b5e8c9c13c80a2297ed675b4f49808789781d49e06b0fe8a; parent_hash: 0x6d18…84ce; end: NoMoreTransactions; extrinsics_count: 3
2026-01-21 17:33:30.003  INFO tokio-runtime-worker aura: 🔖 Pre-sealed block for proposal at 147. Hash now 0x5334426960be53416b75896ea0445d5fef73546c2bcd3ed23a64d37d0476a02c, previously 0xccca76b271e1fd25b5e8c9c13c80a2297ed675b4f49808789781d49e06b0fe8a.
2026-01-21 17:33:30.003  INFO tokio-runtime-worker substrate: 🏆 Imported #147 (0x6d18…84ce → 0x5334…a02c)
2026-01-21 17:33:30.003  INFO tokio-runtime-worker txpool: maintain txs=(0, 0) a=1 i=3 views=[(147, 0, 0)] event=NewBestBlock { hash: 0x5334426960be53416b75896ea0445d5fef73546c2bcd3ed23a64d37d0476a02c, tree_route: None } duration=108.267µs
2026-01-21 17:33:31.374  INFO tokio-runtime-worker substrate: 💤 Idle (0 peers), best: #147 (0x5334…a02c), finalized #144 (0x2daa…0bc5), ⬇ 0 ⬆ 0
2026-01-21 17:33:32.001  INFO tokio-runtime-worker txpool: maintain txs=(0, 0) a=1 i=2 views=[(147, 0, 0)] event=Finalized { hash: 0x2e1f8818a5898aba6f0efb1310e72976c0b48bb16ad807bbcd4aa8d992cf4cf5, tree_route: [] } duration=61.435µs
2026-01-21 17:33:36.001  INFO tokio-runtime-worker sc_basic_authorship::basic_authorship: 🙌 Starting consensus session on top of parent 0x5334426960be53416b75896ea0445d5fef73546c2bcd3ed23a64d37d0476a02c (#147)
2026-01-21 17:33:36.001 DEBUG tokio-runtime-worker runtime::executive: [148]: Block initialization weight consumption: Weight { ref_time: 1275050903, proof_size: 4190 }
2026-01-21 17:33:36.002  INFO tokio-runtime-worker pallet_block_production_log::pallet: 👷 Block 148 producer is ProBono(<wasm:stripped>)
2026-01-21 17:33:36.002 DEBUG tokio-runtime-worker runtime::system: [148] 3 extrinsics, length: 59 (normal 0%, op: 0%, mandatory 0%) / normal weight:Weight(ref_time: 0, proof_size: 0) (ref_time: 0%, proof_size: 0%) op weight Weight(ref_time: 0, proof_size: 0) (ref_time 0%, proof_size 0%) / mandatory weight Weight(ref_time: 2348054174, proof_size: 13385) (ref_time: 0%, proof_size: 0%)
2026-01-21 17:33:36.003  INFO tokio-runtime-worker sc_basic_authorship::basic_authorship: 🎁 Prepared block for proposing at 148 (1 ms) hash: 0x040b10a0ddc7d43d0f0c1d899ab68c5a31000fee19d69629bf176a7220a778d4; parent_hash: 0x5334…a02c; end: NoMoreTransactions; extrinsics_count: 3
2026-01-21 17:33:36.004  INFO tokio-runtime-worker aura: 🔖 Pre-sealed block for proposal at 148. Hash now 0x59d3a25212cdc3147d1504f84396001985137cbcae38df6e7a474f99fc83e96d, previously 0x040b10a0ddc7d43d0f0c1d899ab68c5a31000fee19d69629bf176a7220a778d4.
2026-01-21 17:33:36.004  INFO tokio-runtime-worker substrate: 🏆 Imported #148 (0x5334…a02c → 0x59d3…e96d)
2026-01-21 17:33:36.004  INFO tokio-runtime-worker txpool: maintain txs=(0, 0) a=1 i=3 views=[(148, 0, 0)] event=NewBestBlock { hash: 0x59d3a25212cdc3147d1504f84396001985137cbcae38df6e7a474f99fc83e96d, tree_route: None } duration=85.896µs
2026-01-21 17:33:36.375  INFO tokio-runtime-worker substrate: 💤 Idle (0 peers), best: #148 (0x59d3…e96d), finalized #145 (0x2e1f…4cf5), ⬇ 0 ⬆ 0
2026-01-21 17:33:37.334  INFO tokio-runtime-worker txpool: maintain txs=(0, 0) a=1 i=2 views=[(148, 0, 0)] event=Finalized { hash: 0x6d1890c4f68b3825c9876e14d085eeaf69794e9618232f791dca329d371784ce, tree_route: [] } duration=89.613µs
2026-01-21 17:33:41.375  INFO tokio-runtime-worker substrate: 💤 Idle (0 peers), best: #148 (0x59d3…e96d), finalized #146 (0x6d18…84ce), ⬇ 0 ⬆ 0
2026-01-21 17:33:42.000  INFO tokio-runtime-worker sc_basic_authorship::basic_authorship: 🙌 Starting consensus session on top of parent 0x59d3a25212cdc3147d1504f84396001985137cbcae38df6e7a474f99fc83e96d (#148)
2026-01-21 17:33:42.001 DEBUG tokio-runtime-worker runtime::executive: [149]: Block initialization weight consumption: Weight { ref_time: 1275050903, proof_size: 4190 }
2026-01-21 17:33:42.001  INFO tokio-runtime-worker pallet_block_production_log::pallet: 👷 Block 149 producer is ProBono(<wasm:stripped>)
2026-01-21 17:33:42.001 DEBUG tokio-runtime-worker runtime::system: [149] 3 extrinsics, length: 59 (normal 0%, op: 0%, mandatory 0%) / normal weight:Weight(ref_time: 0, proof_size: 0) (ref_time: 0%, proof_size: 0%) op weight Weight(ref_time: 0, proof_size: 0) (ref_time 0%, proof_size 0%) / mandatory weight Weight(ref_time: 2348054174, proof_size: 13385) (ref_time: 0%, proof_size: 0%)
2026-01-21 17:33:42.001  INFO tokio-runtime-worker sc_basic_authorship::basic_authorship: 🎁 Prepared block for proposing at 149 (1 ms) hash: 0xd9eefe42a23c9db4b8b0984e71df5fcb754e87f6e760b219c07045fd47ecf6f7; parent_hash: 0x59d3…e96d; end: NoMoreTransactions; extrinsics_count: 3
2026-01-21 17:33:42.002  INFO tokio-runtime-worker aura: 🔖 Pre-sealed block for proposal at 149. Hash now 0xe9be76edbe67cc6468ddd78612d7eeb21cd153a6585ad904444f5fdafde899ec, previously 0xd9eefe42a23c9db4b8b0984e71df5fcb754e87f6e760b219c07045fd47ecf6f7.
2026-01-21 17:33:42.003  INFO tokio-runtime-worker substrate: 🏆 Imported #149 (0x59d3…e96d → 0xe9be…99ec)
2026-01-21 17:33:42.003  INFO tokio-runtime-worker txpool: maintain txs=(0, 0) a=1 i=3 views=[(149, 0, 0)] event=NewBestBlock { hash: 0xe9be76edbe67cc6468ddd78612d7eeb21cd153a6585ad904444f5fdafde899ec, tree_route: None } duration=107.079µs
2026-01-21 17:33:44.000  INFO tokio-runtime-worker txpool: maintain txs=(0, 0) a=1 i=2 views=[(149, 0, 0)] event=Finalized { hash: 0x5334426960be53416b75896ea0445d5fef73546c2bcd3ed23a64d37d0476a02c, tree_route: [] } duration=71.81µs
2026-01-21 17:33:46.375  INFO tokio-runtime-worker substrate: 💤 Idle (0 peers), best: #149 (0xe9be…99ec), finalized #147 (0x5334…a02c), ⬇ 0 ⬆ 0
2026-01-21 17:33:48.000  INFO tokio-runtime-worker sc_basic_authorship::basic_authorship: 🙌 Starting consensus session on top of parent 0xe9be76edbe67cc6468ddd78612d7eeb21cd153a6585ad904444f5fdafde899ec (#149)
2026-01-21 17:33:48.001 DEBUG tokio-runtime-worker runtime::executive: [150]: Block initialization weight consumption: Weight { ref_time: 1275050903, proof_size: 4190 }
2026-01-21 17:33:48.001  INFO tokio-runtime-worker pallet_block_production_log::pallet: 👷 Block 150 producer is ProBono(<wasm:stripped>)
2026-01-21 17:33:48.001 DEBUG tokio-runtime-worker runtime::system: [150] 3 extrinsics, length: 59 (normal 0%, op: 0%, mandatory 0%) / normal weight:Weight(ref_time: 0, proof_size: 0) (ref_time: 0%, proof_size: 0%) op weight Weight(ref_time: 0, proof_size: 0) (ref_time 0%, proof_size 0%) / mandatory weight Weight(ref_time: 2348054174, proof_size: 13385) (ref_time: 0%, proof_size: 0%)
2026-01-21 17:33:48.001  INFO tokio-runtime-worker sc_basic_authorship::basic_authorship: 🎁 Prepared block for proposing at 150 (1 ms) hash: 0x6bf527efeffba057207a8a43ffc8665f29264b59631738c3325554e29ac839dd; parent_hash: 0xe9be…99ec; end: NoMoreTransactions; extrinsics_count: 3
2026-01-21 17:33:48.002  INFO tokio-runtime-worker aura: 🔖 Pre-sealed block for proposal at 150. Hash now 0xb18a9d5cac7fbc90f6f181b5f6eb178a442ca4029f873d99bb29abe96652fc2c, previously 0x6bf527efeffba057207a8a43ffc8665f29264b59631738c3325554e29ac839dd.
2026-01-21 17:33:48.003  INFO tokio-runtime-worker substrate: 🏆 Imported #150 (0xe9be…99ec → 0xb18a…fc2c)
2026-01-21 17:33:48.003  INFO tokio-runtime-worker txpool: maintain txs=(0, 0) a=1 i=3 views=[(150, 0, 0)] event=NewBestBlock { hash: 0xb18a9d5cac7fbc90f6f181b5f6eb178a442ca4029f873d99bb29abe96652fc2c, tree_route: None } duration=139.006µs
2026-01-21 17:33:49.332  INFO tokio-runtime-worker txpool: maintain txs=(0, 0) a=1 i=2 views=[(150, 0, 0)] event=Finalized { hash: 0x59d3a25212cdc3147d1504f84396001985137cbcae38df6e7a474f99fc83e96d, tree_route: [] } duration=59.346µs
2026-01-21 17:33:51.376  INFO tokio-runtime-worker substrate: 💤 Idle (0 peers), best: #150 (0xb18a…fc2c), finalized #148 (0x59d3…e96d), ⬇ 0 ⬆ 0
2026-01-21 17:33:54.000  INFO tokio-runtime-worker sc_basic_authorship::basic_authorship: 🙌 Starting consensus session on top of parent 0xb18a9d5cac7fbc90f6f181b5f6eb178a442ca4029f873d99bb29abe96652fc2c (#150)
2026-01-21 17:33:54.001 DEBUG tokio-runtime-worker runtime::executive: [151]: Block initialization weight consumption: Weight { ref_time: 1275050903, proof_size: 4190 }
2026-01-21 17:33:54.001  INFO tokio-runtime-worker pallet_block_production_log::pallet: 👷 Block 151 producer is ProBono(<wasm:stripped>)
2026-01-21 17:33:54.001 DEBUG tokio-runtime-worker runtime::system: [151] 3 extrinsics, length: 59 (normal 0%, op: 0%, mandatory 0%) / normal weight:Weight(ref_time: 0, proof_size: 0) (ref_time: 0%, proof_size: 0%) op weight Weight(ref_time: 0, proof_size: 0) (ref_time 0%, proof_size 0%) / mandatory weight Weight(ref_time: 2348054174, proof_size: 13385) (ref_time: 0%, proof_size: 0%)
2026-01-21 17:33:54.001  INFO tokio-runtime-worker sc_basic_authorship::basic_authorship: 🎁 Prepared block for proposing at 151 (0 ms) hash: 0x74ccb5e6d171656158dfe8bf4939ea2c42ad0e4bc33befdc20e6d11c7e7ec2a8; parent_hash: 0xb18a…fc2c; end: NoMoreTransactions; extrinsics_count: 3
2026-01-21 17:33:54.002  INFO tokio-runtime-worker aura: 🔖 Pre-sealed block for proposal at 151. Hash now 0x85ce8de7bddd2834c8c3fd1fb762d6e599b23e2651f97f7307099ea90ae03eeb, previously 0x74ccb5e6d171656158dfe8bf4939ea2c42ad0e4bc33befdc20e6d11c7e7ec2a8.
2026-01-21 17:33:54.002  INFO tokio-runtime-worker substrate: 🏆 Imported #151 (0xb18a…fc2c → 0x85ce…3eeb)
2026-01-21 17:33:54.003  INFO tokio-runtime-worker txpool: maintain txs=(0, 0) a=1 i=3 views=[(151, 0, 0)] event=NewBestBlock { hash: 0x85ce8de7bddd2834c8c3fd1fb762d6e599b23e2651f97f7307099ea90ae03eeb, tree_route: None } duration=104.922µs
2026-01-21 17:33:55.999  INFO tokio-runtime-worker txpool: maintain txs=(0, 0) a=1 i=2 views=[(151, 0, 0)] event=Finalized { hash: 0xe9be76edbe67cc6468ddd78612d7eeb21cd153a6585ad904444f5fdafde899ec, tree_route: [] } duration=49.119µs
2026-01-21 17:33:56.376  INFO tokio-runtime-worker substrate: 💤 Idle (0 peers), best: #151 (0x85ce…3eeb), finalized #149 (0xe9be…99ec), ⬇ 0 ⬆ 0
2026-01-21 17:34:00.001  INFO tokio-runtime-worker sc_basic_authorship::basic_authorship: 🙌 Starting consensus session on top of parent 0x85ce8de7bddd2834c8c3fd1fb762d6e599b23e2651f97f7307099ea90ae03eeb (#151)
2026-01-21 17:34:00.001 DEBUG tokio-runtime-worker runtime::executive: [152]: Block initialization weight consumption: Weight { ref_time: 1275050903, proof_size: 4190 }
2026-01-21 17:34:00.001  INFO tokio-runtime-worker pallet_block_production_log::pallet: 👷 Block 152 producer is ProBono(<wasm:stripped>)
2026-01-21 17:34:00.001 DEBUG tokio-runtime-worker runtime::system: [152] 3 extrinsics, length: 59 (normal 0%, op: 0%, mandatory 0%) / normal weight:Weight(ref_time: 0, proof_size: 0) (ref_time: 0%, proof_size: 0%) op weight Weight(ref_time: 0, proof_size: 0) (ref_time 0%, proof_size 0%) / mandatory weight Weight(ref_time: 2348054174, proof_size: 13385) (ref_time: 0%, proof_size: 0%)
2026-01-21 17:34:00.002  INFO tokio-runtime-worker sc_basic_authorship::basic_authorship: 🎁 Prepared block for proposing at 152 (0 ms) hash: 0x0ecd09fba753d2459860e6f5409117472727c07e6d6dbda51e50bd646c497495; parent_hash: 0x85ce…3eeb; end: NoMoreTransactions; extrinsics_count: 3
2026-01-21 17:34:00.002  INFO tokio-runtime-worker aura: 🔖 Pre-sealed block for proposal at 152. Hash now 0x6b28f3000c9f0e66460b932522271af0081637ef11400321f8f90c13ed71c7ab, previously 0x0ecd09fba753d2459860e6f5409117472727c07e6d6dbda51e50bd646c497495.
2026-01-21 17:34:00.003  INFO tokio-runtime-worker substrate: 🏆 Imported #152 (0x85ce…3eeb → 0x6b28…c7ab)
2026-01-21 17:34:00.003  INFO tokio-runtime-worker txpool: maintain txs=(0, 0) a=1 i=3 views=[(152, 0, 0)] event=NewBestBlock { hash: 0x6b28f3000c9f0e66460b932522271af0081637ef11400321f8f90c13ed71c7ab, tree_route: None } duration=127.759µs
2026-01-21 17:34:01.332  INFO tokio-runtime-worker txpool: maintain txs=(0, 0) a=1 i=2 views=[(152, 0, 0)] event=Finalized { hash: 0xb18a9d5cac7fbc90f6f181b5f6eb178a442ca4029f873d99bb29abe96652fc2c, tree_route: [] } duration=91.292µs
2026-01-21 17:34:01.376  INFO tokio-runtime-worker substrate: 💤 Idle (0 peers), best: #152 (0x6b28…c7ab), finalized #150 (0xb18a…fc2c), ⬇ 0 ⬆ 0
2026-01-21 17:34:06.001  INFO tokio-runtime-worker sc_basic_authorship::basic_authorship: 🙌 Starting consensus session on top of parent 0x6b28f3000c9f0e66460b932522271af0081637ef11400321f8f90c13ed71c7ab (#152)
2026-01-21 17:34:06.001 DEBUG tokio-runtime-worker runtime::executive: [153]: Block initialization weight consumption: Weight { ref_time: 1275050903, proof_size: 4190 }
2026-01-21 17:34:06.001  INFO tokio-runtime-worker pallet_block_production_log::pallet: 👷 Block 153 producer is ProBono(<wasm:stripped>)
2026-01-21 17:34:06.001 DEBUG tokio-runtime-worker runtime::system: [153] 3 extrinsics, length: 59 (normal 0%, op: 0%, mandatory 0%) / normal weight:Weight(ref_time: 0, proof_size: 0) (ref_time: 0%, proof_size: 0%) op weight Weight(ref_time: 0, proof_size: 0) (ref_time 0%, proof_size 0%) / mandatory weight Weight(ref_time: 2348054174, proof_size: 13385) (ref_time: 0%, proof_size: 0%)
2026-01-21 17:34:06.002  INFO tokio-runtime-worker sc_basic_authorship::basic_authorship: 🎁 Prepared block for proposing at 153 (0 ms) hash: 0x951983cc30115fd8aab4fd97004e6634cffcfa868861fe8cf9cbd53f7f23d902; parent_hash: 0x6b28…c7ab; end: NoMoreTransactions; extrinsics_count: 3
2026-01-21 17:34:06.003  INFO tokio-runtime-worker aura: 🔖 Pre-sealed block for proposal at 153. Hash now 0x2a697d543c8a3b922d41d79e7459bb9b4b52c89f96d7c289ba70e32e6920ad2a, previously 0x951983cc30115fd8aab4fd97004e6634cffcfa868861fe8cf9cbd53f7f23d902.
2026-01-21 17:34:06.003  INFO tokio-runtime-worker substrate: 🏆 Imported #153 (0x6b28…c7ab → 0x2a69…ad2a)
2026-01-21 17:34:06.003  INFO tokio-runtime-worker txpool: maintain txs=(0, 0) a=1 i=3 views=[(153, 0, 0)] event=NewBestBlock { hash: 0x2a697d543c8a3b922d41d79e7459bb9b4b52c89f96d7c289ba70e32e6920ad2a, tree_route: None } duration=109.836µs
2026-01-21 17:34:06.377  INFO tokio-runtime-worker substrate: 💤 Idle (0 peers), best: #153 (0x2a69…ad2a), finalized #150 (0xb18a…fc2c), ⬇ 0 ⬆ 0
2026-01-21 17:34:07.997  INFO tokio-runtime-worker txpool: maintain txs=(0, 0) a=1 i=2 views=[(153, 0, 0)] event=Finalized { hash: 0x85ce8de7bddd2834c8c3fd1fb762d6e599b23e2651f97f7307099ea90ae03eeb, tree_route: [] } duration=50.767µs
2026-01-21 17:34:11.377  INFO tokio-runtime-worker substrate: 💤 Idle (0 peers), best: #153 (0x2a69…ad2a), finalized #151 (0x85ce…3eeb), ⬇ 0 ⬆ 0
2026-01-21 17:34:12.001  INFO tokio-runtime-worker sc_basic_authorship::basic_authorship: 🙌 Starting consensus session on top of parent 0x2a697d543c8a3b922d41d79e7459bb9b4b52c89f96d7c289ba70e32e6920ad2a (#153)
2026-01-21 17:34:12.001 DEBUG tokio-runtime-worker runtime::executive: [154]: Block initialization weight consumption: Weight { ref_time: 1275050903, proof_size: 4190 }
2026-01-21 17:34:12.002  INFO tokio-runtime-worker pallet_block_production_log::pallet: 👷 Block 154 producer is ProBono(<wasm:stripped>)
2026-01-21 17:34:12.002 DEBUG tokio-runtime-worker runtime::system: [154] 3 extrinsics, length: 59 (normal 0%, op: 0%, mandatory 0%) / normal weight:Weight(ref_time: 0, proof_size: 0) (ref_time: 0%, proof_size: 0%) op weight Weight(ref_time: 0, proof_size: 0) (ref_time 0%, proof_size 0%) / mandatory weight Weight(ref_time: 2348054174, proof_size: 13385) (ref_time: 0%, proof_size: 0%)
2026-01-21 17:34:12.002  INFO tokio-runtime-worker sc_basic_authorship::basic_authorship: 🎁 Prepared block for proposing at 154 (0 ms) hash: 0xdcecbb24117fa17df051a938fcb61d66ed719e0808c0c072d161a34110c6e93a; parent_hash: 0x2a69…ad2a; end: NoMoreTransactions; extrinsics_count: 3
2026-01-21 17:34:12.003  INFO tokio-runtime-worker aura: 🔖 Pre-sealed block for proposal at 154. Hash now 0x842fd474749235f37b9332a8b90dd58b76315fc7fc87fdb3bdab8af49839222a, previously 0xdcecbb24117fa17df051a938fcb61d66ed719e0808c0c072d161a34110c6e93a.
2026-01-21 17:34:12.003  INFO tokio-runtime-worker substrate: 🏆 Imported #154 (0x2a69…ad2a → 0x842f…222a)
2026-01-21 17:34:12.003  INFO tokio-runtime-worker txpool: maintain txs=(0, 0) a=1 i=3 views=[(154, 0, 0)] event=NewBestBlock { hash: 0x842fd474749235f37b9332a8b90dd58b76315fc7fc87fdb3bdab8af49839222a, tree_route: None } duration=167.73µs
2026-01-21 17:34:13.330  INFO tokio-runtime-worker txpool: maintain txs=(0, 0) a=1 i=2 views=[(154, 0, 0)] event=Finalized { hash: 0x6b28f3000c9f0e66460b932522271af0081637ef11400321f8f90c13ed71c7ab, tree_route: [] } duration=48.847µs
2026-01-21 17:34:16.377  INFO tokio-runtime-worker substrate: 💤 Idle (0 peers), best: #154 (0x842f…222a), finalized #152 (0x6b28…c7ab), ⬇ 0 ⬆ 0
2026-01-21 17:34:18.001  INFO tokio-runtime-worker sc_basic_authorship::basic_authorship: 🙌 Starting consensus session on top of parent 0x842fd474749235f37b9332a8b90dd58b76315fc7fc87fdb3bdab8af49839222a (#154)
2026-01-21 17:34:18.001 DEBUG tokio-runtime-worker runtime::executive: [155]: Block initialization weight consumption: Weight { ref_time: 1275050903, proof_size: 4190 }
2026-01-21 17:34:18.002  INFO tokio-runtime-worker pallet_block_production_log::pallet: 👷 Block 155 producer is ProBono(<wasm:stripped>)
2026-01-21 17:34:18.002 DEBUG tokio-runtime-worker runtime::system: [155] 3 extrinsics, length: 59 (normal 0%, op: 0%, mandatory 0%) / normal weight:Weight(ref_time: 0, proof_size: 0) (ref_time: 0%, proof_size: 0%) op weight Weight(ref_time: 0, proof_size: 0) (ref_time 0%, proof_size 0%) / mandatory weight Weight(ref_time: 2348054174, proof_size: 13385) (ref_time: 0%, proof_size: 0%)
2026-01-21 17:34:18.002  INFO tokio-runtime-worker sc_basic_authorship::basic_authorship: 🎁 Prepared block for proposing at 155 (1 ms) hash: 0xaffbbadc0ec51655fd41ab0e28ca3f29ce57fd74837cfcd26faf7cbdc0cbe69d; parent_hash: 0x842f…222a; end: NoMoreTransactions; extrinsics_count: 3
2026-01-21 17:34:18.003  INFO tokio-runtime-worker aura: 🔖 Pre-sealed block for proposal at 155. Hash now 0x343ac242698c52504976fb4529df13d2642e1c0ddb13b5a75e26dbcdc0c10fe1, previously 0xaffbbadc0ec51655fd41ab0e28ca3f29ce57fd74837cfcd26faf7cbdc0cbe69d.
2026-01-21 17:34:18.003  INFO tokio-runtime-worker substrate: 🏆 Imported #155 (0x842f…222a → 0x343a…0fe1)
2026-01-21 17:34:18.003  INFO tokio-runtime-worker txpool: maintain txs=(0, 0) a=1 i=3 views=[(155, 0, 0)] event=NewBestBlock { hash: 0x343ac242698c52504976fb4529df13d2642e1c0ddb13b5a75e26dbcdc0c10fe1, tree_route: None } duration=107.326µs
2026-01-21 17:34:19.996  INFO tokio-runtime-worker txpool: maintain txs=(0, 0) a=1 i=2 views=[(155, 0, 0)] event=Finalized { hash: 0x2a697d543c8a3b922d41d79e7459bb9b4b52c89f96d7c289ba70e32e6920ad2a, tree_route: [] } duration=48.654µs
2026-01-21 17:34:21.378  INFO tokio-runtime-worker substrate: 💤 Idle (0 peers), best: #155 (0x343a…0fe1), finalized #153 (0x2a69…ad2a), ⬇ 0 ⬆ 0
2026-01-21 17:34:24.001  INFO tokio-runtime-worker sc_basic_authorship::basic_authorship: 🙌 Starting consensus session on top of parent 0x343ac242698c52504976fb4529df13d2642e1c0ddb13b5a75e26dbcdc0c10fe1 (#155)
2026-01-21 17:34:24.001 DEBUG tokio-runtime-worker runtime::executive: [156]: Block initialization weight consumption: Weight { ref_time: 1275050903, proof_size: 4190 }
2026-01-21 17:34:24.002  INFO tokio-runtime-worker pallet_block_production_log::pallet: 👷 Block 156 producer is ProBono(<wasm:stripped>)
2026-01-21 17:34:24.002 DEBUG tokio-runtime-worker runtime::system: [156] 3 extrinsics, length: 59 (normal 0%, op: 0%, mandatory 0%) / normal weight:Weight(ref_time: 0, proof_size: 0) (ref_time: 0%, proof_size: 0%) op weight Weight(ref_time: 0, proof_size: 0) (ref_time 0%, proof_size 0%) / mandatory weight Weight(ref_time: 2348054174, proof_size: 13385) (ref_time: 0%, proof_size: 0%)
2026-01-21 17:34:24.002  INFO tokio-runtime-worker sc_basic_authorship::basic_authorship: 🎁 Prepared block for proposing at 156 (0 ms) hash: 0xf8a5a9590795f601e538e6cf4b57731f4519e6a9f882cd47c66d3de4b4f8f878; parent_hash: 0x343a…0fe1; end: NoMoreTransactions; extrinsics_count: 3
2026-01-21 17:34:24.003  INFO tokio-runtime-worker aura: 🔖 Pre-sealed block for proposal at 156. Hash now 0x4d0541ceb8142b7c7d5b5fbb14ee2d75347b7343d8fa5789cd35203f9da1a6ea, previously 0xf8a5a9590795f601e538e6cf4b57731f4519e6a9f882cd47c66d3de4b4f8f878.
2026-01-21 17:34:24.003  INFO tokio-runtime-worker substrate: 🏆 Imported #156 (0x343a…0fe1 → 0x4d05…a6ea)
2026-01-21 17:34:24.003  INFO tokio-runtime-worker txpool: maintain txs=(0, 0) a=1 i=3 views=[(156, 0, 0)] event=NewBestBlock { hash: 0x4d0541ceb8142b7c7d5b5fbb14ee2d75347b7343d8fa5789cd35203f9da1a6ea, tree_route: None } duration=89.082µs
2026-01-21 17:34:25.329  INFO tokio-runtime-worker txpool: maintain txs=(0, 0) a=1 i=2 views=[(156, 0, 0)] event=Finalized { hash: 0x842fd474749235f37b9332a8b90dd58b76315fc7fc87fdb3bdab8af49839222a, tree_route: [] } duration=50.124µs
2026-01-21 17:34:26.378  INFO tokio-runtime-worker substrate: 💤 Idle (0 peers), best: #156 (0x4d05…a6ea), finalized #154 (0x842f…222a), ⬇ 0 ⬆ 0
2026-01-21 17:34:30.000  INFO tokio-runtime-worker sc_basic_authorship::basic_authorship: 🙌 Starting consensus session on top of parent 0x4d0541ceb8142b7c7d5b5fbb14ee2d75347b7343d8fa5789cd35203f9da1a6ea (#156)
2026-01-21 17:34:30.001 DEBUG tokio-runtime-worker runtime::executive: [157]: Block initialization weight consumption: Weight { ref_time: 1275050903, proof_size: 4190 }
2026-01-21 17:34:30.001  INFO tokio-runtime-worker pallet_block_production_log::pallet: 👷 Block 157 producer is ProBono(<wasm:stripped>)
2026-01-21 17:34:30.001 DEBUG tokio-runtime-worker runtime::system: [157] 3 extrinsics, length: 59 (normal 0%, op: 0%, mandatory 0%) / normal weight:Weight(ref_time: 0, proof_size: 0) (ref_time: 0%, proof_size: 0%) op weight Weight(ref_time: 0, proof_size: 0) (ref_time 0%, proof_size 0%) / mandatory weight Weight(ref_time: 2348054174, proof_size: 13385) (ref_time: 0%, proof_size: 0%)
2026-01-21 17:34:30.001  INFO tokio-runtime-worker sc_basic_authorship::basic_authorship: 🎁 Prepared block for proposing at 157 (0 ms) hash: 0x11acb34f462d05fce32f9422cab48383fb3b89c2cbe5f357aa1a506f36c5c1e3; parent_hash: 0x4d05…a6ea; end: NoMoreTransactions; extrinsics_count: 3
2026-01-21 17:34:30.002  INFO tokio-runtime-worker aura: 🔖 Pre-sealed block for proposal at 157. Hash now 0xe425c4797f5b57566098ac483984ee1016e837fce64b6c879e41540566def4a2, previously 0x11acb34f462d05fce32f9422cab48383fb3b89c2cbe5f357aa1a506f36c5c1e3.
2026-01-21 17:34:30.002  INFO tokio-runtime-worker substrate: 🏆 Imported #157 (0x4d05…a6ea → 0xe425…f4a2)
2026-01-21 17:34:30.003  INFO tokio-runtime-worker txpool: maintain txs=(0, 0) a=1 i=3 views=[(157, 0, 0)] event=NewBestBlock { hash: 0xe425c4797f5b57566098ac483984ee1016e837fce64b6c879e41540566def4a2, tree_route: None } duration=116.38µs
2026-01-21 17:34:31.378  INFO tokio-runtime-worker substrate: 💤 Idle (0 peers), best: #157 (0xe425…f4a2), finalized #154 (0x842f…222a), ⬇ 0 ⬆ 0
2026-01-21 17:34:31.995  INFO tokio-runtime-worker txpool: maintain txs=(0, 0) a=1 i=2 views=[(157, 0, 0)] event=Finalized { hash: 0x343ac242698c52504976fb4529df13d2642e1c0ddb13b5a75e26dbcdc0c10fe1, tree_route: [] } duration=54.273µs
2026-01-21 17:34:36.000  INFO tokio-runtime-worker sc_basic_authorship::basic_authorship: 🙌 Starting consensus session on top of parent 0xe425c4797f5b57566098ac483984ee1016e837fce64b6c879e41540566def4a2 (#157)
2026-01-21 17:34:36.001 DEBUG tokio-runtime-worker runtime::executive: [158]: Block initialization weight consumption: Weight { ref_time: 1275050903, proof_size: 4190 }
2026-01-21 17:34:36.001  INFO tokio-runtime-worker pallet_block_production_log::pallet: 👷 Block 158 producer is ProBono(<wasm:stripped>)
2026-01-21 17:34:36.001 DEBUG tokio-runtime-worker runtime::system: [158] 3 extrinsics, length: 59 (normal 0%, op: 0%, mandatory 0%) / normal weight:Weight(ref_time: 0, proof_size: 0) (ref_time: 0%, proof_size: 0%) op weight Weight(ref_time: 0, proof_size: 0) (ref_time 0%, proof_size 0%) / mandatory weight Weight(ref_time: 2348054174, proof_size: 13385) (ref_time: 0%, proof_size: 0%)
2026-01-21 17:34:36.002  INFO tokio-runtime-worker sc_basic_authorship::basic_authorship: 🎁 Prepared block for proposing at 158 (0 ms) hash: 0x45cbaca8089169b731e6ae88bca4c92591ecc85dd38c639cc9401052d696624e; parent_hash: 0xe425…f4a2; end: NoMoreTransactions; extrinsics_count: 3
2026-01-21 17:34:36.002  INFO tokio-runtime-worker aura: 🔖 Pre-sealed block for proposal at 158. Hash now 0x5301b169fab4651e6b46d0337f3f06cb2ccf71bec82d4d9f3dd786ae5e10dc53, previously 0x45cbaca8089169b731e6ae88bca4c92591ecc85dd38c639cc9401052d696624e.
2026-01-21 17:34:36.003  INFO tokio-runtime-worker substrate: 🏆 Imported #158 (0xe425…f4a2 → 0x5301…dc53)
2026-01-21 17:34:36.003  INFO tokio-runtime-worker txpool: maintain txs=(0, 0) a=1 i=3 views=[(158, 0, 0)] event=NewBestBlock { hash: 0x5301b169fab4651e6b46d0337f3f06cb2ccf71bec82d4d9f3dd786ae5e10dc53, tree_route: None } duration=82.153µs
2026-01-21 17:34:36.378  INFO tokio-runtime-worker substrate: 💤 Idle (0 peers), best: #158 (0x5301…dc53), finalized #155 (0x343a…0fe1), ⬇ 0 ⬆ 0
2026-01-21 17:34:37.327  INFO tokio-runtime-worker txpool: maintain txs=(0, 0) a=1 i=2 views=[(158, 0, 0)] event=Finalized { hash: 0x4d0541ceb8142b7c7d5b5fbb14ee2d75347b7343d8fa5789cd35203f9da1a6ea, tree_route: [] } duration=116.189µs
2026-01-21 17:34:41.379  INFO tokio-runtime-worker substrate: 💤 Idle (0 peers), best: #158 (0x5301…dc53), finalized #156 (0x4d05…a6ea), ⬇ 0 ⬆ 0
2026-01-21 17:34:42.001  INFO tokio-runtime-worker sc_basic_authorship::basic_authorship: 🙌 Starting consensus session on top of parent 0x5301b169fab4651e6b46d0337f3f06cb2ccf71bec82d4d9f3dd786ae5e10dc53 (#158)
2026-01-21 17:34:42.001 DEBUG tokio-runtime-worker runtime::executive: [159]: Block initialization weight consumption: Weight { ref_time: 1275050903, proof_size: 4190 }
2026-01-21 17:34:42.002  INFO tokio-runtime-worker pallet_block_production_log::pallet: 👷 Block 159 producer is ProBono(<wasm:stripped>)
2026-01-21 17:34:42.002 DEBUG tokio-runtime-worker runtime::system: [159] 3 extrinsics, length: 59 (normal 0%, op: 0%, mandatory 0%) / normal weight:Weight(ref_time: 0, proof_size: 0) (ref_time: 0%, proof_size: 0%) op weight Weight(ref_time: 0, proof_size: 0) (ref_time 0%, proof_size 0%) / mandatory weight Weight(ref_time: 2348054174, proof_size: 13385) (ref_time: 0%, proof_size: 0%)
2026-01-21 17:34:42.002  INFO tokio-runtime-worker sc_basic_authorship::basic_authorship: 🎁 Prepared block for proposing at 159 (1 ms) hash: 0x04edb0d79187d53a699e5b9367f3cb15e6f891f602cca6a138505a5eb32b19dd; parent_hash: 0x5301…dc53; end: NoMoreTransactions; extrinsics_count: 3
2026-01-21 17:34:42.003  INFO tokio-runtime-worker aura: 🔖 Pre-sealed block for proposal at 159. Hash now 0x37530e01bcb274131e6152606fd99d73f86ebe2555ee2f08ec8e408e2f5b1d09, previously 0x04edb0d79187d53a699e5b9367f3cb15e6f891f602cca6a138505a5eb32b19dd.
2026-01-21 17:34:42.017  INFO tokio-runtime-worker substrate: 🏆 Imported #159 (0x5301…dc53 → 0x3753…1d09)
2026-01-21 17:34:42.017  INFO tokio-runtime-worker txpool: maintain txs=(0, 0) a=1 i=3 views=[(159, 0, 0)] event=NewBestBlock { hash: 0x37530e01bcb274131e6152606fd99d73f86ebe2555ee2f08ec8e408e2f5b1d09, tree_route: None } duration=165.248µs
2026-01-21 17:34:43.993  INFO tokio-runtime-worker txpool: maintain txs=(0, 0) a=1 i=2 views=[(159, 0, 0)] event=Finalized { hash: 0xe425c4797f5b57566098ac483984ee1016e837fce64b6c879e41540566def4a2, tree_route: [] } duration=53.038µs
2026-01-21 17:34:46.379  INFO tokio-runtime-worker substrate: 💤 Idle (0 peers), best: #159 (0x3753…1d09), finalized #157 (0xe425…f4a2), ⬇ 0 ⬆ 0
2026-01-21 17:34:48.001  INFO tokio-runtime-worker sc_basic_authorship::basic_authorship: 🙌 Starting consensus session on top of parent 0x37530e01bcb274131e6152606fd99d73f86ebe2555ee2f08ec8e408e2f5b1d09 (#159)
2026-01-21 17:34:48.001 DEBUG tokio-runtime-worker runtime::executive: [160]: Block initialization weight consumption: Weight { ref_time: 1275050903, proof_size: 4190 }
2026-01-21 17:34:48.001  INFO tokio-runtime-worker pallet_block_production_log::pallet: 👷 Block 160 producer is ProBono(<wasm:stripped>)
2026-01-21 17:34:48.001 DEBUG tokio-runtime-worker runtime::system: [160] 3 extrinsics, length: 59 (normal 0%, op: 0%, mandatory 0%) / normal weight:Weight(ref_time: 0, proof_size: 0) (ref_time: 0%, proof_size: 0%) op weight Weight(ref_time: 0, proof_size: 0) (ref_time 0%, proof_size 0%) / mandatory weight Weight(ref_time: 2348054174, proof_size: 13385) (ref_time: 0%, proof_size: 0%)
2026-01-21 17:34:48.002  INFO tokio-runtime-worker sc_basic_authorship::basic_authorship: 🎁 Prepared block for proposing at 160 (0 ms) hash: 0x1638b61dbd858800c6fdcca7dae017ab443516c934cda02af45c89efa16a251b; parent_hash: 0x3753…1d09; end: NoMoreTransactions; extrinsics_count: 3
2026-01-21 17:34:48.003  INFO tokio-runtime-worker aura: 🔖 Pre-sealed block for proposal at 160. Hash now 0x4e4811715f35a7449b77251dd558e1d356c68ac75d2b36d7eaaa99fa989f7eca, previously 0x1638b61dbd858800c6fdcca7dae017ab443516c934cda02af45c89efa16a251b.
2026-01-21 17:34:48.003  INFO tokio-runtime-worker substrate: 🏆 Imported #160 (0x3753…1d09 → 0x4e48…7eca)
2026-01-21 17:34:48.003  INFO tokio-runtime-worker txpool: maintain txs=(0, 0) a=1 i=3 views=[(160, 0, 0)] event=NewBestBlock { hash: 0x4e4811715f35a7449b77251dd558e1d356c68ac75d2b36d7eaaa99fa989f7eca, tree_route: None } duration=117.362µs
2026-01-21 17:34:49.326  INFO tokio-runtime-worker txpool: maintain txs=(0, 0) a=1 i=2 views=[(160, 0, 0)] event=Finalized { hash: 0x5301b169fab4651e6b46d0337f3f06cb2ccf71bec82d4d9f3dd786ae5e10dc53, tree_route: [] } duration=44.021µs
2026-01-21 17:34:51.379  INFO tokio-runtime-worker substrate: 💤 Idle (0 peers), best: #160 (0x4e48…7eca), finalized #158 (0x5301…dc53), ⬇ 0 ⬆ 0
2026-01-21 17:34:54.001  INFO tokio-runtime-worker sc_basic_authorship::basic_authorship: 🙌 Starting consensus session on top of parent 0x4e4811715f35a7449b77251dd558e1d356c68ac75d2b36d7eaaa99fa989f7eca (#160)
2026-01-21 17:34:54.001 DEBUG tokio-runtime-worker runtime::executive: [161]: Block initialization weight consumption: Weight { ref_time: 1275050903, proof_size: 4190 }
2026-01-21 17:34:54.002  INFO tokio-runtime-worker pallet_block_production_log::pallet: 👷 Block 161 producer is ProBono(<wasm:stripped>)
2026-01-21 17:34:54.002 DEBUG tokio-runtime-worker runtime::system: [161] 3 extrinsics, length: 59 (normal 0%, op: 0%, mandatory 0%) / normal weight:Weight(ref_time: 0, proof_size: 0) (ref_time: 0%, proof_size: 0%) op weight Weight(ref_time: 0, proof_size: 0) (ref_time 0%, proof_size 0%) / mandatory weight Weight(ref_time: 2348054174, proof_size: 13385) (ref_time: 0%, proof_size: 0%)
2026-01-21 17:34:54.002  INFO tokio-runtime-worker sc_basic_authorship::basic_authorship: 🎁 Prepared block for proposing at 161 (1 ms) hash: 0xf251c7a9a45d1ccbed2070aaa348df85722d13e64a841f044f7af0bcf2873e2d; parent_hash: 0x4e48…7eca; end: NoMoreTransactions; extrinsics_count: 3
2026-01-21 17:34:54.003  INFO tokio-runtime-worker aura: 🔖 Pre-sealed block for proposal at 161. Hash now 0xf55c10f212a08ff259c3d0676af28f4ba0f4ed87a4520e4dbae75429b8c6922f, previously 0xf251c7a9a45d1ccbed2070aaa348df85722d13e64a841f044f7af0bcf2873e2d.
2026-01-21 17:34:54.004  INFO tokio-runtime-worker substrate: 🏆 Imported #161 (0x4e48…7eca → 0xf55c…922f)
2026-01-21 17:34:54.004  INFO tokio-runtime-worker txpool: maintain txs=(0, 0) a=1 i=3 views=[(161, 0, 0)] event=NewBestBlock { hash: 0xf55c10f212a08ff259c3d0676af28f4ba0f4ed87a4520e4dbae75429b8c6922f, tree_route: None } duration=178.601µs
2026-01-21 17:34:55.992  INFO tokio-runtime-worker txpool: maintain txs=(0, 0) a=1 i=2 views=[(161, 0, 0)] event=Finalized { hash: 0x37530e01bcb274131e6152606fd99d73f86ebe2555ee2f08ec8e408e2f5b1d09, tree_route: [] } duration=58.617µs
2026-01-21 17:34:56.380  INFO tokio-runtime-worker substrate: 💤 Idle (0 peers), best: #161 (0xf55c…922f), finalized #159 (0x3753…1d09), ⬇ 0 ⬆ 0
2026-01-21 17:35:00.001  INFO tokio-runtime-worker sc_basic_authorship::basic_authorship: 🙌 Starting consensus session on top of parent 0xf55c10f212a08ff259c3d0676af28f4ba0f4ed87a4520e4dbae75429b8c6922f (#161)
2026-01-21 17:35:00.002 DEBUG tokio-runtime-worker runtime::executive: [162]: Block initialization weight consumption: Weight { ref_time: 1275050903, proof_size: 4190 }
2026-01-21 17:35:00.003  INFO tokio-runtime-worker pallet_block_production_log::pallet: 👷 Block 162 producer is ProBono(<wasm:stripped>)
2026-01-21 17:35:00.003 DEBUG tokio-runtime-worker runtime::system: [162] 3 extrinsics, length: 59 (normal 0%, op: 0%, mandatory 0%) / normal weight:Weight(ref_time: 0, proof_size: 0) (ref_time: 0%, proof_size: 0%) op weight Weight(ref_time: 0, proof_size: 0) (ref_time 0%, proof_size 0%) / mandatory weight Weight(ref_time: 2348054174, proof_size: 13385) (ref_time: 0%, proof_size: 0%)
2026-01-21 17:35:00.003  INFO tokio-runtime-worker sc_basic_authorship::basic_authorship: 🎁 Prepared block for proposing at 162 (1 ms) hash: 0xc4419d1b3d093ca098b28087060d01f74f38f52a6137eaa963504ab85cd260c8; parent_hash: 0xf55c…922f; end: NoMoreTransactions; extrinsics_count: 3
2026-01-21 17:35:00.004  INFO tokio-runtime-worker aura: 🔖 Pre-sealed block for proposal at 162. Hash now 0x290fc6988c3511a79d7f64475511773dcfb23891ff8a97803a4f02579aa99df0, previously 0xc4419d1b3d093ca098b28087060d01f74f38f52a6137eaa963504ab85cd260c8.
2026-01-21 17:35:00.005  INFO tokio-runtime-worker substrate: 🏆 Imported #162 (0xf55c…922f → 0x290f…9df0)
2026-01-21 17:35:00.005  INFO tokio-runtime-worker txpool: maintain txs=(0, 0) a=1 i=3 views=[(162, 0, 0)] event=NewBestBlock { hash: 0x290fc6988c3511a79d7f64475511773dcfb23891ff8a97803a4f02579aa99df0, tree_route: None } duration=339.104µs
2026-01-21 17:35:01.326  INFO tokio-runtime-worker txpool: maintain txs=(0, 0) a=1 i=2 views=[(162, 0, 0)] event=Finalized { hash: 0x4e4811715f35a7449b77251dd558e1d356c68ac75d2b36d7eaaa99fa989f7eca, tree_route: [] } duration=121.401µs
2026-01-21 17:35:01.380  INFO tokio-runtime-worker substrate: 💤 Idle (0 peers), best: #162 (0x290f…9df0), finalized #160 (0x4e48…7eca), ⬇ 0 ⬆ 0
2026-01-21 17:35:06.001  INFO tokio-runtime-worker sc_basic_authorship::basic_authorship: 🙌 Starting consensus session on top of parent 0x290fc6988c3511a79d7f64475511773dcfb23891ff8a97803a4f02579aa99df0 (#162)
2026-01-21 17:35:06.002 DEBUG tokio-runtime-worker runtime::executive: [163]: Block initialization weight consumption: Weight { ref_time: 1275050903, proof_size: 4190 }
2026-01-21 17:35:06.002  INFO tokio-runtime-worker pallet_block_production_log::pallet: 👷 Block 163 producer is ProBono(<wasm:stripped>)
2026-01-21 17:35:06.002 DEBUG tokio-runtime-worker runtime::system: [163] 3 extrinsics, length: 59 (normal 0%, op: 0%, mandatory 0%) / normal weight:Weight(ref_time: 0, proof_size: 0) (ref_time: 0%, proof_size: 0%) op weight Weight(ref_time: 0, proof_size: 0) (ref_time 0%, proof_size 0%) / mandatory weight Weight(ref_time: 2348054174, proof_size: 13385) (ref_time: 0%, proof_size: 0%)
2026-01-21 17:35:06.002  INFO tokio-runtime-worker sc_basic_authorship::basic_authorship: 🎁 Prepared block for proposing at 163 (0 ms) hash: 0xcf3f26e23b97f2e6dae2b5128c50964d2a6d3d00fccac8dc414c76991273432d; parent_hash: 0x290f…9df0; end: NoMoreTransactions; extrinsics_count: 3
2026-01-21 17:35:06.003  INFO tokio-runtime-worker aura: 🔖 Pre-sealed block for proposal at 163. Hash now 0x71248e451adcec0842ab60bbb243fa95ce2ea21f002a85ff808ee9d68fdd20b0, previously 0xcf3f26e23b97f2e6dae2b5128c50964d2a6d3d00fccac8dc414c76991273432d.
2026-01-21 17:35:06.004  INFO tokio-runtime-worker substrate: 🏆 Imported #163 (0x290f…9df0 → 0x7124…20b0)
2026-01-21 17:35:06.004  INFO tokio-runtime-worker txpool: maintain txs=(0, 0) a=1 i=3 views=[(163, 0, 0)] event=NewBestBlock { hash: 0x71248e451adcec0842ab60bbb243fa95ce2ea21f002a85ff808ee9d68fdd20b0, tree_route: None } duration=149.807µs
2026-01-21 17:35:06.381  INFO tokio-runtime-worker substrate: 💤 Idle (0 peers), best: #163 (0x7124…20b0), finalized #160 (0x4e48…7eca), ⬇ 0 ⬆ 0
2026-01-21 17:35:07.992  INFO tokio-runtime-worker txpool: maintain txs=(0, 0) a=1 i=2 views=[(163, 0, 0)] event=Finalized { hash: 0xf55c10f212a08ff259c3d0676af28f4ba0f4ed87a4520e4dbae75429b8c6922f, tree_route: [] } duration=93.125µs
2026-01-21 17:35:11.381  INFO tokio-runtime-worker substrate: 💤 Idle (0 peers), best: #163 (0x7124…20b0), finalized #161 (0xf55c…922f), ⬇ 0 ⬆ 0
2026-01-21 17:35:12.000  INFO tokio-runtime-worker sc_basic_authorship::basic_authorship: 🙌 Starting consensus session on top of parent 0x71248e451adcec0842ab60bbb243fa95ce2ea21f002a85ff808ee9d68fdd20b0 (#163)
2026-01-21 17:35:12.001 DEBUG tokio-runtime-worker runtime::executive: [164]: Block initialization weight consumption: Weight { ref_time: 1275050903, proof_size: 4190 }
2026-01-21 17:35:12.001  INFO tokio-runtime-worker pallet_block_production_log::pallet: 👷 Block 164 producer is ProBono(<wasm:stripped>)
2026-01-21 17:35:12.001 DEBUG tokio-runtime-worker runtime::system: [164] 3 extrinsics, length: 59 (normal 0%, op: 0%, mandatory 0%) / normal weight:Weight(ref_time: 0, proof_size: 0) (ref_time: 0%, proof_size: 0%) op weight Weight(ref_time: 0, proof_size: 0) (ref_time 0%, proof_size 0%) / mandatory weight Weight(ref_time: 2348054174, proof_size: 13385) (ref_time: 0%, proof_size: 0%)
2026-01-21 17:35:12.001  INFO tokio-runtime-worker sc_basic_authorship::basic_authorship: 🎁 Prepared block for proposing at 164 (0 ms) hash: 0x2456e2934f4e61a4ba8a1638170882d513397f5f35a5fde35f80051a28c739a4; parent_hash: 0x7124…20b0; end: NoMoreTransactions; extrinsics_count: 3
2026-01-21 17:35:12.002  INFO tokio-runtime-worker aura: 🔖 Pre-sealed block for proposal at 164. Hash now 0x500bd2b38d1bf67e1afc467326a84d50992a6f7cb5d7216b7d22633029110b8c, previously 0x2456e2934f4e61a4ba8a1638170882d513397f5f35a5fde35f80051a28c739a4.
2026-01-21 17:35:12.003  INFO tokio-runtime-worker substrate: 🏆 Imported #164 (0x7124…20b0 → 0x500b…0b8c)
2026-01-21 17:35:12.003  INFO tokio-runtime-worker txpool: maintain txs=(0, 0) a=1 i=3 views=[(164, 0, 0)] event=NewBestBlock { hash: 0x500bd2b38d1bf67e1afc467326a84d50992a6f7cb5d7216b7d22633029110b8c, tree_route: None } duration=131.607µs
2026-01-21 17:35:13.326  INFO tokio-runtime-worker txpool: maintain txs=(0, 0) a=1 i=2 views=[(164, 0, 0)] event=Finalized { hash: 0x290fc6988c3511a79d7f64475511773dcfb23891ff8a97803a4f02579aa99df0, tree_route: [] } duration=102.099µs
2026-01-21 17:35:16.381  INFO tokio-runtime-worker substrate: 💤 Idle (0 peers), best: #164 (0x500b…0b8c), finalized #162 (0x290f…9df0), ⬇ 0 ⬆ 0
2026-01-21 17:35:18.000  INFO tokio-runtime-worker sc_basic_authorship::basic_authorship: 🙌 Starting consensus session on top of parent 0x500bd2b38d1bf67e1afc467326a84d50992a6f7cb5d7216b7d22633029110b8c (#164)
2026-01-21 17:35:18.001 DEBUG tokio-runtime-worker runtime::executive: [165]: Block initialization weight consumption: Weight { ref_time: 1275050903, proof_size: 4190 }
2026-01-21 17:35:18.001  INFO tokio-runtime-worker pallet_block_production_log::pallet: 👷 Block 165 producer is ProBono(<wasm:stripped>)
2026-01-21 17:35:18.001 DEBUG tokio-runtime-worker runtime::system: [165] 3 extrinsics, length: 59 (normal 0%, op: 0%, mandatory 0%) / normal weight:Weight(ref_time: 0, proof_size: 0) (ref_time: 0%, proof_size: 0%) op weight Weight(ref_time: 0, proof_size: 0) (ref_time 0%, proof_size 0%) / mandatory weight Weight(ref_time: 2348054174, proof_size: 13385) (ref_time: 0%, proof_size: 0%)
2026-01-21 17:35:18.002  INFO tokio-runtime-worker sc_basic_authorship::basic_authorship: 🎁 Prepared block for proposing at 165 (0 ms) hash: 0xbb9cd01a386d668fcaa3755d0d9475cbe6e71d83b2159390ac85710cc2880afa; parent_hash: 0x500b…0b8c; end: NoMoreTransactions; extrinsics_count: 3
2026-01-21 17:35:18.002  INFO tokio-runtime-worker aura: 🔖 Pre-sealed block for proposal at 165. Hash now 0xc32704d7e0217b2e372b9c235b4ec09af2abc88530bc8912ed769bc477079dd1, previously 0xbb9cd01a386d668fcaa3755d0d9475cbe6e71d83b2159390ac85710cc2880afa.
2026-01-21 17:35:18.003  INFO tokio-runtime-worker substrate: 🏆 Imported #165 (0x500b…0b8c → 0xc327…9dd1)
2026-01-21 17:35:18.003  INFO tokio-runtime-worker txpool: maintain txs=(0, 0) a=1 i=3 views=[(165, 0, 0)] event=NewBestBlock { hash: 0xc32704d7e0217b2e372b9c235b4ec09af2abc88530bc8912ed769bc477079dd1, tree_route: None } duration=108.014µs
2026-01-21 17:35:19.993  INFO tokio-runtime-worker txpool: maintain txs=(0, 0) a=1 i=2 views=[(165, 0, 0)] event=Finalized { hash: 0x71248e451adcec0842ab60bbb243fa95ce2ea21f002a85ff808ee9d68fdd20b0, tree_route: [] } duration=49.905µs
2026-01-21 17:35:21.382  INFO tokio-runtime-worker substrate: 💤 Idle (0 peers), best: #165 (0xc327…9dd1), finalized #163 (0x7124…20b0), ⬇ 0 ⬆ 0
2026-01-21 17:35:24.001  INFO tokio-runtime-worker sc_basic_authorship::basic_authorship: 🙌 Starting consensus session on top of parent 0xc32704d7e0217b2e372b9c235b4ec09af2abc88530bc8912ed769bc477079dd1 (#165)
2026-01-21 17:35:24.001 DEBUG tokio-runtime-worker runtime::executive: [166]: Block initialization weight consumption: Weight { ref_time: 1275050903, proof_size: 4190 }
2026-01-21 17:35:24.002  INFO tokio-runtime-worker pallet_block_production_log::pallet: 👷 Block 166 producer is ProBono(<wasm:stripped>)
2026-01-21 17:35:24.002 DEBUG tokio-runtime-worker runtime::system: [166] 3 extrinsics, length: 59 (normal 0%, op: 0%, mandatory 0%) / normal weight:Weight(ref_time: 0, proof_size: 0) (ref_time: 0%, proof_size: 0%) op weight Weight(ref_time: 0, proof_size: 0) (ref_time 0%, proof_size 0%) / mandatory weight Weight(ref_time: 2348054174, proof_size: 13385) (ref_time: 0%, proof_size: 0%)
2026-01-21 17:35:24.002  INFO tokio-runtime-worker sc_basic_authorship::basic_authorship: 🎁 Prepared block for proposing at 166 (0 ms) hash: 0xdd2aa3fc8a89f03686922d9878476167eab2dff597cd0b2b9a068caf6f8766e1; parent_hash: 0xc327…9dd1; end: NoMoreTransactions; extrinsics_count: 3
2026-01-21 17:35:24.003  INFO tokio-runtime-worker aura: 🔖 Pre-sealed block for proposal at 166. Hash now 0x59476950dfafea56978d1f1a06b0592f91caf9a2e6210101534ce9ef5cc044e4, previously 0xdd2aa3fc8a89f03686922d9878476167eab2dff597cd0b2b9a068caf6f8766e1.
2026-01-21 17:35:24.003  INFO tokio-runtime-worker substrate: 🏆 Imported #166 (0xc327…9dd1 → 0x5947…44e4)
2026-01-21 17:35:24.003  INFO tokio-runtime-worker txpool: maintain txs=(0, 0) a=1 i=3 views=[(166, 0, 0)] event=NewBestBlock { hash: 0x59476950dfafea56978d1f1a06b0592f91caf9a2e6210101534ce9ef5cc044e4, tree_route: None } duration=95.871µs
2026-01-21 17:35:25.326  INFO tokio-runtime-worker txpool: maintain txs=(0, 0) a=1 i=2 views=[(166, 0, 0)] event=Finalized { hash: 0x500bd2b38d1bf67e1afc467326a84d50992a6f7cb5d7216b7d22633029110b8c, tree_route: [] } duration=109.135µs
2026-01-21 17:35:26.382  INFO tokio-runtime-worker substrate: 💤 Idle (0 peers), best: #166 (0x5947…44e4), finalized #164 (0x500b…0b8c), ⬇ 0 ⬆ 0
2026-01-21 17:35:30.001  INFO tokio-runtime-worker sc_basic_authorship::basic_authorship: 🙌 Starting consensus session on top of parent 0x59476950dfafea56978d1f1a06b0592f91caf9a2e6210101534ce9ef5cc044e4 (#166)
2026-01-21 17:35:30.001 DEBUG tokio-runtime-worker runtime::executive: [167]: Block initialization weight consumption: Weight { ref_time: 1275050903, proof_size: 4190 }
2026-01-21 17:35:30.002  INFO tokio-runtime-worker pallet_block_production_log::pallet: 👷 Block 167 producer is ProBono(<wasm:stripped>)
2026-01-21 17:35:30.002 DEBUG tokio-runtime-worker runtime::system: [167] 3 extrinsics, length: 59 (normal 0%, op: 0%, mandatory 0%) / normal weight:Weight(ref_time: 0, proof_size: 0) (ref_time: 0%, proof_size: 0%) op weight Weight(ref_time: 0, proof_size: 0) (ref_time 0%, proof_size 0%) / mandatory weight Weight(ref_time: 2348054174, proof_size: 13385) (ref_time: 0%, proof_size: 0%)
2026-01-21 17:35:30.002  INFO tokio-runtime-worker sc_basic_authorship::basic_authorship: 🎁 Prepared block for proposing at 167 (0 ms) hash: 0x0a929c003546b5021c2b54c628542d5f4bf09eca24478f907a30ca0c7156997a; parent_hash: 0x5947…44e4; end: NoMoreTransactions; extrinsics_count: 3
2026-01-21 17:35:30.003  INFO tokio-runtime-worker aura: 🔖 Pre-sealed block for proposal at 167. Hash now 0x27e46b84cbe270e606b2812f20b5002fa57a52f0b2cd3569dd1cade4b44dd07d, previously 0x0a929c003546b5021c2b54c628542d5f4bf09eca24478f907a30ca0c7156997a.
2026-01-21 17:35:30.003  INFO tokio-runtime-worker substrate: 🏆 Imported #167 (0x5947…44e4 → 0x27e4…d07d)
2026-01-21 17:35:30.003  INFO tokio-runtime-worker txpool: maintain txs=(0, 0) a=1 i=3 views=[(167, 0, 0)] event=NewBestBlock { hash: 0x27e46b84cbe270e606b2812f20b5002fa57a52f0b2cd3569dd1cade4b44dd07d, tree_route: None } duration=132.183µs
2026-01-21 17:35:31.382  INFO tokio-runtime-worker substrate: 💤 Idle (0 peers), best: #167 (0x27e4…d07d), finalized #164 (0x500b…0b8c), ⬇ 0 ⬆ 0
2026-01-21 17:35:31.991  INFO tokio-runtime-worker txpool: maintain txs=(0, 0) a=1 i=2 views=[(167, 0, 0)] event=Finalized { hash: 0xc32704d7e0217b2e372b9c235b4ec09af2abc88530bc8912ed769bc477079dd1, tree_route: [] } duration=50.291µs
2026-01-21 17:35:36.001  INFO tokio-runtime-worker sc_basic_authorship::basic_authorship: 🙌 Starting consensus session on top of parent 0x27e46b84cbe270e606b2812f20b5002fa57a52f0b2cd3569dd1cade4b44dd07d (#167)
2026-01-21 17:35:36.001 DEBUG tokio-runtime-worker runtime::executive: [168]: Block initialization weight consumption: Weight { ref_time: 1275050903, proof_size: 4190 }
2026-01-21 17:35:36.002  INFO tokio-runtime-worker pallet_block_production_log::pallet: 👷 Block 168 producer is ProBono(<wasm:stripped>)
2026-01-21 17:35:36.002 DEBUG tokio-runtime-worker runtime::system: [168] 3 extrinsics, length: 59 (normal 0%, op: 0%, mandatory 0%) / normal weight:Weight(ref_time: 0, proof_size: 0) (ref_time: 0%, proof_size: 0%) op weight Weight(ref_time: 0, proof_size: 0) (ref_time 0%, proof_size 0%) / mandatory weight Weight(ref_time: 2348054174, proof_size: 13385) (ref_time: 0%, proof_size: 0%)
2026-01-21 17:35:36.002  INFO tokio-runtime-worker sc_basic_authorship::basic_authorship: 🎁 Prepared block for proposing at 168 (1 ms) hash: 0x9e0770ff23a4c1a5f8c63370d0532366ad03be5b8a4056cd35bb1fc22fa2fd47; parent_hash: 0x27e4…d07d; end: NoMoreTransactions; extrinsics_count: 3
2026-01-21 17:35:36.003  INFO tokio-runtime-worker aura: 🔖 Pre-sealed block for proposal at 168. Hash now 0xc409530242fd083d16d0f4c0f06538ea45b56a16e2ecee604b835c2503c9cbfb, previously 0x9e0770ff23a4c1a5f8c63370d0532366ad03be5b8a4056cd35bb1fc22fa2fd47.
2026-01-21 17:35:36.003  INFO tokio-runtime-worker substrate: 🏆 Imported #168 (0x27e4…d07d → 0xc409…cbfb)
2026-01-21 17:35:36.003  INFO tokio-runtime-worker txpool: maintain txs=(0, 0) a=1 i=3 views=[(168, 0, 0)] event=NewBestBlock { hash: 0xc409530242fd083d16d0f4c0f06538ea45b56a16e2ecee604b835c2503c9cbfb, tree_route: None } duration=101.318µs
2026-01-21 17:35:36.383  INFO tokio-runtime-worker substrate: 💤 Idle (0 peers), best: #168 (0xc409…cbfb), finalized #165 (0xc327…9dd1), ⬇ 0 ⬆ 0
2026-01-21 17:35:37.324  INFO tokio-runtime-worker txpool: maintain txs=(0, 0) a=1 i=2 views=[(168, 0, 0)] event=Finalized { hash: 0x59476950dfafea56978d1f1a06b0592f91caf9a2e6210101534ce9ef5cc044e4, tree_route: [] } duration=87.564µs
2026-01-21 17:35:41.383  INFO tokio-runtime-worker substrate: 💤 Idle (0 peers), best: #168 (0xc409…cbfb), finalized #166 (0x5947…44e4), ⬇ 0 ⬆ 0
2026-01-21 17:35:42.001  INFO tokio-runtime-worker sc_basic_authorship::basic_authorship: 🙌 Starting consensus session on top of parent 0xc409530242fd083d16d0f4c0f06538ea45b56a16e2ecee604b835c2503c9cbfb (#168)
2026-01-21 17:35:42.001 DEBUG tokio-runtime-worker runtime::executive: [169]: Block initialization weight consumption: Weight { ref_time: 1275050903, proof_size: 4190 }
2026-01-21 17:35:42.002  INFO tokio-runtime-worker pallet_block_production_log::pallet: 👷 Block 169 producer is ProBono(<wasm:stripped>)
2026-01-21 17:35:42.002 DEBUG tokio-runtime-worker runtime::system: [169] 3 extrinsics, length: 59 (normal 0%, op: 0%, mandatory 0%) / normal weight:Weight(ref_time: 0, proof_size: 0) (ref_time: 0%, proof_size: 0%) op weight Weight(ref_time: 0, proof_size: 0) (ref_time 0%, proof_size 0%) / mandatory weight Weight(ref_time: 2348054174, proof_size: 13385) (ref_time: 0%, proof_size: 0%)
2026-01-21 17:35:42.002  INFO tokio-runtime-worker sc_basic_authorship::basic_authorship: 🎁 Prepared block for proposing at 169 (0 ms) hash: 0xf24c5fdd3b5e35033f322bcf056d78aaf77e017d8e633844702115d65e7ebfbc; parent_hash: 0xc409…cbfb; end: NoMoreTransactions; extrinsics_count: 3
2026-01-21 17:35:42.003  INFO tokio-runtime-worker aura: 🔖 Pre-sealed block for proposal at 169. Hash now 0xb0a6d04466bf22159fecaf8e3a45652746bc61676753752fc2ceb0f7b4335a04, previously 0xf24c5fdd3b5e35033f322bcf056d78aaf77e017d8e633844702115d65e7ebfbc.
2026-01-21 17:35:42.003  INFO tokio-runtime-worker substrate: 🏆 Imported #169 (0xc409…cbfb → 0xb0a6…5a04)
2026-01-21 17:35:42.003  INFO tokio-runtime-worker txpool: maintain txs=(0, 0) a=1 i=3 views=[(169, 0, 0)] event=NewBestBlock { hash: 0xb0a6d04466bf22159fecaf8e3a45652746bc61676753752fc2ceb0f7b4335a04, tree_route: None } duration=105.227µs
2026-01-21 17:35:43.990  INFO tokio-runtime-worker txpool: maintain txs=(0, 0) a=1 i=2 views=[(169, 0, 0)] event=Finalized { hash: 0x27e46b84cbe270e606b2812f20b5002fa57a52f0b2cd3569dd1cade4b44dd07d, tree_route: [] } duration=51.298µs
2026-01-21 17:35:46.383  INFO tokio-runtime-worker substrate: 💤 Idle (0 peers), best: #169 (0xb0a6…5a04), finalized #167 (0x27e4…d07d), ⬇ 0 ⬆ 0
2026-01-21 17:35:48.001  INFO tokio-runtime-worker sc_basic_authorship::basic_authorship: 🙌 Starting consensus session on top of parent 0xb0a6d04466bf22159fecaf8e3a45652746bc61676753752fc2ceb0f7b4335a04 (#169)
2026-01-21 17:35:48.002 DEBUG tokio-runtime-worker runtime::executive: [170]: Block initialization weight consumption: Weight { ref_time: 1275050903, proof_size: 4190 }
2026-01-21 17:35:48.002  INFO tokio-runtime-worker pallet_block_production_log::pallet: 👷 Block 170 producer is ProBono(<wasm:stripped>)
2026-01-21 17:35:48.002 DEBUG tokio-runtime-worker runtime::system: [170] 3 extrinsics, length: 59 (normal 0%, op: 0%, mandatory 0%) / normal weight:Weight(ref_time: 0, proof_size: 0) (ref_time: 0%, proof_size: 0%) op weight Weight(ref_time: 0, proof_size: 0) (ref_time 0%, proof_size 0%) / mandatory weight Weight(ref_time: 2348054174, proof_size: 13385) (ref_time: 0%, proof_size: 0%)
2026-01-21 17:35:48.002  INFO tokio-runtime-worker sc_basic_authorship::basic_authorship: 🎁 Prepared block for proposing at 170 (1 ms) hash: 0x825f206a26e5a4b06b7ec90367c539fc0d6bd56323f289393aa59e3025d463a4; parent_hash: 0xb0a6…5a04; end: NoMoreTransactions; extrinsics_count: 3
2026-01-21 17:35:48.003  INFO tokio-runtime-worker aura: 🔖 Pre-sealed block for proposal at 170. Hash now 0xab11fd91ff61df11f7f65d07cee3b21a5cd17b87148eca838d1d84e791a53c57, previously 0x825f206a26e5a4b06b7ec90367c539fc0d6bd56323f289393aa59e3025d463a4.
2026-01-21 17:35:48.003  INFO tokio-runtime-worker substrate: 🏆 Imported #170 (0xb0a6…5a04 → 0xab11…3c57)
2026-01-21 17:35:48.004  INFO tokio-runtime-worker txpool: maintain txs=(0, 0) a=1 i=3 views=[(170, 0, 0)] event=NewBestBlock { hash: 0xab11fd91ff61df11f7f65d07cee3b21a5cd17b87148eca838d1d84e791a53c57, tree_route: None } duration=122.765µs
2026-01-21 17:35:49.324  INFO tokio-runtime-worker txpool: maintain txs=(0, 0) a=1 i=2 views=[(170, 0, 0)] event=Finalized { hash: 0xc409530242fd083d16d0f4c0f06538ea45b56a16e2ecee604b835c2503c9cbfb, tree_route: [] } duration=56.015µs
2026-01-21 17:35:51.384  INFO tokio-runtime-worker substrate: 💤 Idle (0 peers), best: #170 (0xab11…3c57), finalized #168 (0xc409…cbfb), ⬇ 0 ⬆ 0
2026-01-21 17:35:54.001  INFO tokio-runtime-worker sc_basic_authorship::basic_authorship: 🙌 Starting consensus session on top of parent 0xab11fd91ff61df11f7f65d07cee3b21a5cd17b87148eca838d1d84e791a53c57 (#170)
2026-01-21 17:35:54.002 DEBUG tokio-runtime-worker runtime::executive: [171]: Block initialization weight consumption: Weight { ref_time: 1275050903, proof_size: 4190 }
2026-01-21 17:35:54.002  INFO tokio-runtime-worker pallet_block_production_log::pallet: 👷 Block 171 producer is ProBono(<wasm:stripped>)
2026-01-21 17:35:54.002 DEBUG tokio-runtime-worker runtime::system: [171] 3 extrinsics, length: 59 (normal 0%, op: 0%, mandatory 0%) / normal weight:Weight(ref_time: 0, proof_size: 0) (ref_time: 0%, proof_size: 0%) op weight Weight(ref_time: 0, proof_size: 0) (ref_time 0%, proof_size 0%) / mandatory weight Weight(ref_time: 2348054174, proof_size: 13385) (ref_time: 0%, proof_size: 0%)
2026-01-21 17:35:54.002  INFO tokio-runtime-worker sc_basic_authorship::basic_authorship: 🎁 Prepared block for proposing at 171 (0 ms) hash: 0x87f8ce7e0fb123795da057846c89fb99bd75770dd3fc01d5576e755ac274d727; parent_hash: 0xab11…3c57; end: NoMoreTransactions; extrinsics_count: 3
2026-01-21 17:35:54.003  INFO tokio-runtime-worker aura: 🔖 Pre-sealed block for proposal at 171. Hash now 0xba4ad00296abfe63a0d4b1339d880adfbe3c77786c780bbd81eddcac670b0c6f, previously 0x87f8ce7e0fb123795da057846c89fb99bd75770dd3fc01d5576e755ac274d727.
2026-01-21 17:35:54.004  INFO tokio-runtime-worker substrate: 🏆 Imported #171 (0xab11…3c57 → 0xba4a…0c6f)
2026-01-21 17:35:54.004  INFO tokio-runtime-worker txpool: maintain txs=(0, 0) a=1 i=3 views=[(171, 0, 0)] event=NewBestBlock { hash: 0xba4ad00296abfe63a0d4b1339d880adfbe3c77786c780bbd81eddcac670b0c6f, tree_route: None } duration=111.855µs
2026-01-21 17:35:55.990  INFO tokio-runtime-worker txpool: maintain txs=(0, 0) a=1 i=2 views=[(171, 0, 0)] event=Finalized { hash: 0xb0a6d04466bf22159fecaf8e3a45652746bc61676753752fc2ceb0f7b4335a04, tree_route: [] } duration=89.315µs
2026-01-21 17:35:56.384  INFO tokio-runtime-worker substrate: 💤 Idle (0 peers), best: #171 (0xba4a…0c6f), finalized #169 (0xb0a6…5a04), ⬇ 0 ⬆ 0
2026-01-21 17:36:00.000  INFO tokio-runtime-worker sc_basic_authorship::basic_authorship: 🙌 Starting consensus session on top of parent 0xba4ad00296abfe63a0d4b1339d880adfbe3c77786c780bbd81eddcac670b0c6f (#171)
2026-01-21 17:36:00.001  INFO tokio-runtime-worker pallet_sidechain::pallet: ⏳ New epoch 4913881 starting at block 172
2026-01-21 17:36:00.001  INFO tokio-runtime-worker pallet_session_validator_management::session_manager: End session 2
2026-01-21 17:36:00.001  INFO tokio-runtime-worker pallet_session_validator_management::session_manager: New session 3
2026-01-21 17:36:00.001  INFO tokio-runtime-worker pallet_session_validator_management::pallet: Committee rotated: Returning 32 validators, stored in epoch 4913881
2026-01-21 17:36:00.001  INFO tokio-runtime-worker pallet_session_validator_management::session_manager: Start session 3, epoch 4913881
2026-01-21 17:36:00.001 DEBUG tokio-runtime-worker runtime::executive: [172]: Block initialization weight consumption: Weight { ref_time: 2001375050903, proof_size: 18446744073709551615 }
2026-01-21 17:36:00.001  INFO tokio-runtime-worker authority_selection_inherents::select_authorities: 💼 Selected committee of 32 seats for epoch 4913882 from 1 permissioned and 0 registered candidates
2026-01-21 17:36:00.001  INFO tokio-runtime-worker pallet_session_validator_management::pallet: 💼 Storing committee of size 32 for epoch 4913882, input data hash: 0xf7173f6ae106bc42ae05f93f6fc039fce4bd42ad86638afa6dc4826b37848bb0
2026-01-21 17:36:00.002  INFO tokio-runtime-worker pallet_block_participation::pallet: 🧾 Processing block participation data up to slot 294832860.
2026-01-21 17:36:00.002  INFO tokio-runtime-worker partner_chains_demo_runtime::test_helper_pallet::pallet: 📊 Block participation inherent data released
2026-01-21 17:36:00.002  INFO tokio-runtime-worker pallet_block_production_log::pallet: 👷 Block 172 producer is ProBono(<wasm:stripped>)
2026-01-21 17:36:00.002 DEBUG tokio-runtime-worker runtime::system: [172] 6 extrinsics, length: 3313 (normal 0%, op: 0%, mandatory 0%) / normal weight:Weight(ref_time: 0, proof_size: 0) (ref_time: 0%, proof_size: 0%) op weight Weight(ref_time: 0, proof_size: 0) (ref_time 0%, proof_size 0%) / mandatory weight Weight(ref_time: 2002937421453, proof_size: 18446744073709551615) (ref_time: 0%, proof_size: 100%)
2026-01-21 17:36:00.002  INFO tokio-runtime-worker sc_basic_authorship::basic_authorship: 🎁 Prepared block for proposing at 172 (1 ms) hash: 0xc26d75f908a96f5dc61665bd81378cf5b41b59cbe1d33ca5052dd0a5a93e4b30; parent_hash: 0xba4a…0c6f; end: NoMoreTransactions; extrinsics_count: 6
2026-01-21 17:36:00.003  INFO tokio-runtime-worker aura: 🔖 Pre-sealed block for proposal at 172. Hash now 0xf26af5d617d83481e07382faf63bef4de1c704bfb3d3d6878c19fdcc37fed91a, previously 0xc26d75f908a96f5dc61665bd81378cf5b41b59cbe1d33ca5052dd0a5a93e4b30.
2026-01-21 17:36:00.004  INFO tokio-runtime-worker substrate: 🏆 Imported #172 (0xba4a…0c6f → 0xf26a…d91a)
2026-01-21 17:36:00.004  INFO tokio-runtime-worker txpool: maintain txs=(0, 0) a=1 i=3 views=[(172, 0, 0)] event=NewBestBlock { hash: 0xf26af5d617d83481e07382faf63bef4de1c704bfb3d3d6878c19fdcc37fed91a, tree_route: None } duration=184.915µs
2026-01-21 17:36:01.323  INFO tokio-runtime-worker txpool: maintain txs=(0, 0) a=1 i=2 views=[(172, 0, 0)] event=Finalized { hash: 0xab11fd91ff61df11f7f65d07cee3b21a5cd17b87148eca838d1d84e791a53c57, tree_route: [] } duration=116.614µs
2026-01-21 17:36:01.384  INFO tokio-runtime-worker substrate: 💤 Idle (0 peers), best: #172 (0xf26a…d91a), finalized #170 (0xab11…3c57), ⬇ 0 ⬆ 0
2026-01-21 17:36:06.001  INFO tokio-runtime-worker sc_basic_authorship::basic_authorship: 🙌 Starting consensus session on top of parent 0xf26af5d617d83481e07382faf63bef4de1c704bfb3d3d6878c19fdcc37fed91a (#172)
2026-01-21 17:36:06.001 DEBUG tokio-runtime-worker runtime::executive: [173]: Block initialization weight consumption: Weight { ref_time: 1275050903, proof_size: 4190 }
2026-01-21 17:36:06.002  INFO tokio-runtime-worker pallet_block_production_log::pallet: 👷 Block 173 producer is ProBono(<wasm:stripped>)
2026-01-21 17:36:06.002 DEBUG tokio-runtime-worker runtime::system: [173] 3 extrinsics, length: 59 (normal 0%, op: 0%, mandatory 0%) / normal weight:Weight(ref_time: 0, proof_size: 0) (ref_time: 0%, proof_size: 0%) op weight Weight(ref_time: 0, proof_size: 0) (ref_time 0%, proof_size 0%) / mandatory weight Weight(ref_time: 2348054174, proof_size: 13385) (ref_time: 0%, proof_size: 0%)
2026-01-21 17:36:06.002  INFO tokio-runtime-worker sc_basic_authorship::basic_authorship: 🎁 Prepared block for proposing at 173 (1 ms) hash: 0x77e665d54301c11f6598bb26292b2213ee3ed75754486c9bbf5afb3bfc5a9826; parent_hash: 0xf26a…d91a; end: NoMoreTransactions; extrinsics_count: 3
2026-01-21 17:36:06.003  INFO tokio-runtime-worker aura: 🔖 Pre-sealed block for proposal at 173. Hash now 0x49fad6a588161c4da49fe8f3a44881686c67189f91a53eca7a44d8cd8497ed45, previously 0x77e665d54301c11f6598bb26292b2213ee3ed75754486c9bbf5afb3bfc5a9826.
2026-01-21 17:36:06.003  INFO tokio-runtime-worker substrate: 🏆 Imported #173 (0xf26a…d91a → 0x49fa…ed45)
2026-01-21 17:36:06.003  INFO tokio-runtime-worker txpool: maintain txs=(0, 0) a=1 i=3 views=[(173, 0, 0)] event=NewBestBlock { hash: 0x49fad6a588161c4da49fe8f3a44881686c67189f91a53eca7a44d8cd8497ed45, tree_route: None } duration=193.093µs
2026-01-21 17:36:06.385  INFO tokio-runtime-worker substrate: 💤 Idle (0 peers), best: #173 (0x49fa…ed45), finalized #170 (0xab11…3c57), ⬇ 0 ⬆ 0
2026-01-21 17:36:07.989  INFO tokio-runtime-worker txpool: maintain txs=(0, 0) a=1 i=2 views=[(173, 0, 0)] event=Finalized { hash: 0xba4ad00296abfe63a0d4b1339d880adfbe3c77786c780bbd81eddcac670b0c6f, tree_route: [] } duration=65.562µs
2026-01-21 17:36:11.385  INFO tokio-runtime-worker substrate: 💤 Idle (0 peers), best: #173 (0x49fa…ed45), finalized #171 (0xba4a…0c6f), ⬇ 0 ⬆ 0
2026-01-21 17:36:12.001  INFO tokio-runtime-worker sc_basic_authorship::basic_authorship: 🙌 Starting consensus session on top of parent 0x49fad6a588161c4da49fe8f3a44881686c67189f91a53eca7a44d8cd8497ed45 (#173)
2026-01-21 17:36:12.001 DEBUG tokio-runtime-worker runtime::executive: [174]: Block initialization weight consumption: Weight { ref_time: 1275050903, proof_size: 4190 }
2026-01-21 17:36:12.002  INFO tokio-runtime-worker pallet_block_production_log::pallet: 👷 Block 174 producer is ProBono(<wasm:stripped>)
2026-01-21 17:36:12.002 DEBUG tokio-runtime-worker runtime::system: [174] 3 extrinsics, length: 59 (normal 0%, op: 0%, mandatory 0%) / normal weight:Weight(ref_time: 0, proof_size: 0) (ref_time: 0%, proof_size: 0%) op weight Weight(ref_time: 0, proof_size: 0) (ref_time 0%, proof_size 0%) / mandatory weight Weight(ref_time: 2348054174, proof_size: 13385) (ref_time: 0%, proof_size: 0%)
2026-01-21 17:36:12.002  INFO tokio-runtime-worker sc_basic_authorship::basic_authorship: 🎁 Prepared block for proposing at 174 (0 ms) hash: 0x1b71641f9445e2a6dedd5e69b6a68480d36585eff015efb80d77cc0a386906ed; parent_hash: 0x49fa…ed45; end: NoMoreTransactions; extrinsics_count: 3
2026-01-21 17:36:12.003  INFO tokio-runtime-worker aura: 🔖 Pre-sealed block for proposal at 174. Hash now 0x55d26ee38cba6577e4fe13ebdfeeefd216ff898ea9d327cda1f487fc72f9977c, previously 0x1b71641f9445e2a6dedd5e69b6a68480d36585eff015efb80d77cc0a386906ed.
2026-01-21 17:36:12.003  INFO tokio-runtime-worker substrate: 🏆 Imported #174 (0x49fa…ed45 → 0x55d2…977c)
2026-01-21 17:36:12.003  INFO tokio-runtime-worker txpool: maintain txs=(0, 0) a=1 i=3 views=[(174, 0, 0)] event=NewBestBlock { hash: 0x55d26ee38cba6577e4fe13ebdfeeefd216ff898ea9d327cda1f487fc72f9977c, tree_route: None } duration=89.524µs
2026-01-21 17:36:13.321  INFO tokio-runtime-worker grandpa: 👴 Applying authority set change scheduled at block #172
2026-01-21 17:36:13.321  INFO tokio-runtime-worker grandpa: 👴 Applying GRANDPA set change to new set with 32 authorities
2026-01-21 17:36:13.322  INFO tokio-runtime-worker txpool: maintain txs=(0, 0) a=1 i=2 views=[(174, 0, 0)] event=Finalized { hash: 0xf26af5d617d83481e07382faf63bef4de1c704bfb3d3d6878c19fdcc37fed91a, tree_route: [] } duration=59.583µs
2026-01-21 17:36:16.385  INFO tokio-runtime-worker substrate: 💤 Idle (0 peers), best: #174 (0x55d2…977c), finalized #172 (0xf26a…d91a), ⬇ 0 ⬆ 0
2026-01-21 17:36:18.001  INFO tokio-runtime-worker sc_basic_authorship::basic_authorship: 🙌 Starting consensus session on top of parent 0x55d26ee38cba6577e4fe13ebdfeeefd216ff898ea9d327cda1f487fc72f9977c (#174)
2026-01-21 17:36:18.001 DEBUG tokio-runtime-worker runtime::executive: [175]: Block initialization weight consumption: Weight { ref_time: 1275050903, proof_size: 4190 }
2026-01-21 17:36:18.002  INFO tokio-runtime-worker pallet_block_production_log::pallet: 👷 Block 175 producer is ProBono(<wasm:stripped>)
2026-01-21 17:36:18.002 DEBUG tokio-runtime-worker runtime::system: [175] 3 extrinsics, length: 59 (normal 0%, op: 0%, mandatory 0%) / normal weight:Weight(ref_time: 0, proof_size: 0) (ref_time: 0%, proof_size: 0%) op weight Weight(ref_time: 0, proof_size: 0) (ref_time 0%, proof_size 0%) / mandatory weight Weight(ref_time: 2348054174, proof_size: 13385) (ref_time: 0%, proof_size: 0%)
2026-01-21 17:36:18.002  INFO tokio-runtime-worker sc_basic_authorship::basic_authorship: 🎁 Prepared block for proposing at 175 (0 ms) hash: 0x7da3dddb1758b1b0eaae8a6c1325265a596a7bd136f3ed79dd8d81d7361bfdc9; parent_hash: 0x55d2…977c; end: NoMoreTransactions; extrinsics_count: 3
2026-01-21 17:36:18.003  INFO tokio-runtime-worker aura: 🔖 Pre-sealed block for proposal at 175. Hash now 0xde09e7f7929550f799e2b6c3e1d1cccf7bfd43dc224a8ea05efd222e9d7582e0, previously 0x7da3dddb1758b1b0eaae8a6c1325265a596a7bd136f3ed79dd8d81d7361bfdc9.
2026-01-21 17:36:18.003  INFO tokio-runtime-worker substrate: 🏆 Imported #175 (0x55d2…977c → 0xde09…82e0)
2026-01-21 17:36:18.003  INFO tokio-runtime-worker txpool: maintain txs=(0, 0) a=1 i=3 views=[(175, 0, 0)] event=NewBestBlock { hash: 0xde09e7f7929550f799e2b6c3e1d1cccf7bfd43dc224a8ea05efd222e9d7582e0, tree_route: None } duration=147.743µs
2026-01-21 17:36:19.988  INFO tokio-runtime-worker txpool: maintain txs=(0, 0) a=1 i=2 views=[(175, 0, 0)] event=Finalized { hash: 0x49fad6a588161c4da49fe8f3a44881686c67189f91a53eca7a44d8cd8497ed45, tree_route: [] } duration=78.584µs
2026-01-21 17:36:21.386  INFO tokio-runtime-worker substrate: 💤 Idle (0 peers), best: #175 (0xde09…82e0), finalized #173 (0x49fa…ed45), ⬇ 0 ⬆ 0
2026-01-21 17:36:24.001  INFO tokio-runtime-worker sc_basic_authorship::basic_authorship: 🙌 Starting consensus session on top of parent 0xde09e7f7929550f799e2b6c3e1d1cccf7bfd43dc224a8ea05efd222e9d7582e0 (#175)
2026-01-21 17:36:24.001 DEBUG tokio-runtime-worker runtime::executive: [176]: Block initialization weight consumption: Weight { ref_time: 1275050903, proof_size: 4190 }
2026-01-21 17:36:24.002  INFO tokio-runtime-worker pallet_block_production_log::pallet: 👷 Block 176 producer is ProBono(<wasm:stripped>)
2026-01-21 17:36:24.002 DEBUG tokio-runtime-worker runtime::system: [176] 3 extrinsics, length: 59 (normal 0%, op: 0%, mandatory 0%) / normal weight:Weight(ref_time: 0, proof_size: 0) (ref_time: 0%, proof_size: 0%) op weight Weight(ref_time: 0, proof_size: 0) (ref_time 0%, proof_size 0%) / mandatory weight Weight(ref_time: 2348054174, proof_size: 13385) (ref_time: 0%, proof_size: 0%)
2026-01-21 17:36:24.002  INFO tokio-runtime-worker sc_basic_authorship::basic_authorship: 🎁 Prepared block for proposing at 176 (1 ms) hash: 0xa98b315fc1f730a5ac7cfd2bae04d37b19770bb806756131257d18163975d6c4; parent_hash: 0xde09…82e0; end: NoMoreTransactions; extrinsics_count: 3
2026-01-21 17:36:24.003  INFO tokio-runtime-worker aura: 🔖 Pre-sealed block for proposal at 176. Hash now 0x7b31a93b428399a9033689572218bc8da758fb85e62f303dbf9e4b17a5049d38, previously 0xa98b315fc1f730a5ac7cfd2bae04d37b19770bb806756131257d18163975d6c4.
2026-01-21 17:36:24.003  INFO tokio-runtime-worker substrate: 🏆 Imported #176 (0xde09…82e0 → 0x7b31…9d38)
2026-01-21 17:36:24.003  INFO tokio-runtime-worker txpool: maintain txs=(0, 0) a=1 i=3 views=[(176, 0, 0)] event=NewBestBlock { hash: 0x7b31a93b428399a9033689572218bc8da758fb85e62f303dbf9e4b17a5049d38, tree_route: None } duration=116.841µs
2026-01-21 17:36:25.321  INFO tokio-runtime-worker txpool: maintain txs=(0, 0) a=1 i=2 views=[(176, 0, 0)] event=Finalized { hash: 0x55d26ee38cba6577e4fe13ebdfeeefd216ff898ea9d327cda1f487fc72f9977c, tree_route: [] } duration=60.655µs
2026-01-21 17:36:26.386  INFO tokio-runtime-worker substrate: 💤 Idle (0 peers), best: #176 (0x7b31…9d38), finalized #174 (0x55d2…977c), ⬇ 0 ⬆ 0
2026-01-21 17:36:30.002  INFO tokio-runtime-worker sc_basic_authorship::basic_authorship: 🙌 Starting consensus session on top of parent 0x7b31a93b428399a9033689572218bc8da758fb85e62f303dbf9e4b17a5049d38 (#176)
2026-01-21 17:36:30.003 DEBUG tokio-runtime-worker runtime::executive: [177]: Block initialization weight consumption: Weight { ref_time: 1275050903, proof_size: 4190 }
2026-01-21 17:36:30.003  INFO tokio-runtime-worker pallet_block_production_log::pallet: 👷 Block 177 producer is ProBono(<wasm:stripped>)
2026-01-21 17:36:30.003 DEBUG tokio-runtime-worker runtime::system: [177] 3 extrinsics, length: 59 (normal 0%, op: 0%, mandatory 0%) / normal weight:Weight(ref_time: 0, proof_size: 0) (ref_time: 0%, proof_size: 0%) op weight Weight(ref_time: 0, proof_size: 0) (ref_time 0%, proof_size 0%) / mandatory weight Weight(ref_time: 2348054174, proof_size: 13385) (ref_time: 0%, proof_size: 0%)
2026-01-21 17:36:30.004  INFO tokio-runtime-worker sc_basic_authorship::basic_authorship: 🎁 Prepared block for proposing at 177 (1 ms) hash: 0xbf78b15cc9954e5ed19f6cb976b087adbcf5ba85e25af914828ae77a5d3a83c4; parent_hash: 0x7b31…9d38; end: NoMoreTransactions; extrinsics_count: 3
2026-01-21 17:36:30.005  INFO tokio-runtime-worker aura: 🔖 Pre-sealed block for proposal at 177. Hash now 0xe4c24ea79a75ade9abde54bf505d26b108ecbef80f7c70086bd690ea495091c9, previously 0xbf78b15cc9954e5ed19f6cb976b087adbcf5ba85e25af914828ae77a5d3a83c4.
2026-01-21 17:36:30.005  INFO tokio-runtime-worker substrate: 🏆 Imported #177 (0x7b31…9d38 → 0xe4c2…91c9)
2026-01-21 17:36:30.005  INFO tokio-runtime-worker txpool: maintain txs=(0, 0) a=1 i=3 views=[(177, 0, 0)] event=NewBestBlock { hash: 0xe4c24ea79a75ade9abde54bf505d26b108ecbef80f7c70086bd690ea495091c9, tree_route: None } duration=287.133µs
2026-01-21 17:36:31.386  INFO tokio-runtime-worker substrate: 💤 Idle (0 peers), best: #177 (0xe4c2…91c9), finalized #174 (0x55d2…977c), ⬇ 0 ⬆ 0
2026-01-21 17:36:31.988  INFO tokio-runtime-worker txpool: maintain txs=(0, 0) a=1 i=2 views=[(177, 0, 0)] event=Finalized { hash: 0xde09e7f7929550f799e2b6c3e1d1cccf7bfd43dc224a8ea05efd222e9d7582e0, tree_route: [] } duration=80.512µs
2026-01-21 17:36:36.000  INFO tokio-runtime-worker sc_basic_authorship::basic_authorship: 🙌 Starting consensus session on top of parent 0xe4c24ea79a75ade9abde54bf505d26b108ecbef80f7c70086bd690ea495091c9 (#177)
2026-01-21 17:36:36.001 DEBUG tokio-runtime-worker runtime::executive: [178]: Block initialization weight consumption: Weight { ref_time: 1275050903, proof_size: 4190 }
2026-01-21 17:36:36.001  INFO tokio-runtime-worker pallet_block_production_log::pallet: 👷 Block 178 producer is ProBono(<wasm:stripped>)
2026-01-21 17:36:36.001 DEBUG tokio-runtime-worker runtime::system: [178] 3 extrinsics, length: 59 (normal 0%, op: 0%, mandatory 0%) / normal weight:Weight(ref_time: 0, proof_size: 0) (ref_time: 0%, proof_size: 0%) op weight Weight(ref_time: 0, proof_size: 0) (ref_time 0%, proof_size 0%) / mandatory weight Weight(ref_time: 2348054174, proof_size: 13385) (ref_time: 0%, proof_size: 0%)
2026-01-21 17:36:36.001  INFO tokio-runtime-worker sc_basic_authorship::basic_authorship: 🎁 Prepared block for proposing at 178 (0 ms) hash: 0x549b3747b16f20d6776f86b3bdc5a29802cf669d4dfe59fcc77bbbfebb6acfb9; parent_hash: 0xe4c2…91c9; end: NoMoreTransactions; extrinsics_count: 3
2026-01-21 17:36:36.002  INFO tokio-runtime-worker aura: 🔖 Pre-sealed block for proposal at 178. Hash now 0x9e00ee06776e5cc71808ac8f1bf2bf78aa32ebe3e2fc837e903a4bf248248b0f, previously 0x549b3747b16f20d6776f86b3bdc5a29802cf669d4dfe59fcc77bbbfebb6acfb9.
2026-01-21 17:36:36.002  INFO tokio-runtime-worker substrate: 🏆 Imported #178 (0xe4c2…91c9 → 0x9e00…8b0f)
2026-01-21 17:36:36.003  INFO tokio-runtime-worker txpool: maintain txs=(0, 0) a=1 i=3 views=[(178, 0, 0)] event=NewBestBlock { hash: 0x9e00ee06776e5cc71808ac8f1bf2bf78aa32ebe3e2fc837e903a4bf248248b0f, tree_route: None } duration=120.7µs
2026-01-21 17:36:36.387  INFO tokio-runtime-worker substrate: 💤 Idle (0 peers), best: #178 (0x9e00…8b0f), finalized #175 (0xde09…82e0), ⬇ 0 ⬆ 0
2026-01-21 17:36:37.321  INFO tokio-runtime-worker txpool: maintain txs=(0, 0) a=1 i=2 views=[(178, 0, 0)] event=Finalized { hash: 0x7b31a93b428399a9033689572218bc8da758fb85e62f303dbf9e4b17a5049d38, tree_route: [] } duration=59.983µs
2026-01-21 17:36:41.387  INFO tokio-runtime-worker substrate: 💤 Idle (0 peers), best: #178 (0x9e00…8b0f), finalized #176 (0x7b31…9d38), ⬇ 0 ⬆ 0
2026-01-21 17:36:42.000  INFO tokio-runtime-worker sc_basic_authorship::basic_authorship: 🙌 Starting consensus session on top of parent 0x9e00ee06776e5cc71808ac8f1bf2bf78aa32ebe3e2fc837e903a4bf248248b0f (#178)
2026-01-21 17:36:42.001 DEBUG tokio-runtime-worker runtime::executive: [179]: Block initialization weight consumption: Weight { ref_time: 1275050903, proof_size: 4190 }
2026-01-21 17:36:42.001  INFO tokio-runtime-worker pallet_block_production_log::pallet: 👷 Block 179 producer is ProBono(<wasm:stripped>)
2026-01-21 17:36:42.001 DEBUG tokio-runtime-worker runtime::system: [179] 3 extrinsics, length: 59 (normal 0%, op: 0%, mandatory 0%) / normal weight:Weight(ref_time: 0, proof_size: 0) (ref_time: 0%, proof_size: 0%) op weight Weight(ref_time: 0, proof_size: 0) (ref_time 0%, proof_size 0%) / mandatory weight Weight(ref_time: 2348054174, proof_size: 13385) (ref_time: 0%, proof_size: 0%)
2026-01-21 17:36:42.002  INFO tokio-runtime-worker sc_basic_authorship::basic_authorship: 🎁 Prepared block for proposing at 179 (1 ms) hash: 0x74fecdc822d883e5067468b7dfee31a85e836b49ba67e691281e8396f001dda4; parent_hash: 0x9e00…8b0f; end: NoMoreTransactions; extrinsics_count: 3
2026-01-21 17:36:42.002  INFO tokio-runtime-worker aura: 🔖 Pre-sealed block for proposal at 179. Hash now 0xf5c0dbbc8f9d74b1e5850faa3f9406f0987603dc891aa2be9c2c43d08c7c2bbb, previously 0x74fecdc822d883e5067468b7dfee31a85e836b49ba67e691281e8396f001dda4.
2026-01-21 17:36:42.003  INFO tokio-runtime-worker substrate: 🏆 Imported #179 (0x9e00…8b0f → 0xf5c0…2bbb)
2026-01-21 17:36:42.003  INFO tokio-runtime-worker txpool: maintain txs=(0, 0) a=1 i=3 views=[(179, 0, 0)] event=NewBestBlock { hash: 0xf5c0dbbc8f9d74b1e5850faa3f9406f0987603dc891aa2be9c2c43d08c7c2bbb, tree_route: None } duration=90.787µs
2026-01-21 17:36:43.987  INFO tokio-runtime-worker txpool: maintain txs=(0, 0) a=1 i=2 views=[(179, 0, 0)] event=Finalized { hash: 0xe4c24ea79a75ade9abde54bf505d26b108ecbef80f7c70086bd690ea495091c9, tree_route: [] } duration=48.48µs
2026-01-21 17:36:46.387  INFO tokio-runtime-worker substrate: 💤 Idle (0 peers), best: #179 (0xf5c0…2bbb), finalized #177 (0xe4c2…91c9), ⬇ 0 ⬆ 0
2026-01-21 17:36:48.001  INFO tokio-runtime-worker sc_basic_authorship::basic_authorship: 🙌 Starting consensus session on top of parent 0xf5c0dbbc8f9d74b1e5850faa3f9406f0987603dc891aa2be9c2c43d08c7c2bbb (#179)
2026-01-21 17:36:48.001 DEBUG tokio-runtime-worker runtime::executive: [180]: Block initialization weight consumption: Weight { ref_time: 1275050903, proof_size: 4190 }
2026-01-21 17:36:48.001  INFO tokio-runtime-worker pallet_block_production_log::pallet: 👷 Block 180 producer is ProBono(<wasm:stripped>)
2026-01-21 17:36:48.001 DEBUG tokio-runtime-worker runtime::system: [180] 3 extrinsics, length: 59 (normal 0%, op: 0%, mandatory 0%) / normal weight:Weight(ref_time: 0, proof_size: 0) (ref_time: 0%, proof_size: 0%) op weight Weight(ref_time: 0, proof_size: 0) (ref_time 0%, proof_size 0%) / mandatory weight Weight(ref_time: 2348054174, proof_size: 13385) (ref_time: 0%, proof_size: 0%)
2026-01-21 17:36:48.002  INFO tokio-runtime-worker sc_basic_authorship::basic_authorship: 🎁 Prepared block for proposing at 180 (1 ms) hash: 0xd3d1cf6b4554c7da19a5cc7806f3c2f834f5bf086cd2bb37628279d61cdae843; parent_hash: 0xf5c0…2bbb; end: NoMoreTransactions; extrinsics_count: 3
2026-01-21 17:36:48.003  INFO tokio-runtime-worker aura: 🔖 Pre-sealed block for proposal at 180. Hash now 0x2b16dfcb3be1930653c114fef5aed53844c70882afd490f2c4b1a11f52496f13, previously 0xd3d1cf6b4554c7da19a5cc7806f3c2f834f5bf086cd2bb37628279d61cdae843.
2026-01-21 17:36:48.003  INFO tokio-runtime-worker substrate: 🏆 Imported #180 (0xf5c0…2bbb → 0x2b16…6f13)
2026-01-21 17:36:48.003  INFO tokio-runtime-worker txpool: maintain txs=(0, 0) a=1 i=3 views=[(180, 0, 0)] event=NewBestBlock { hash: 0x2b16dfcb3be1930653c114fef5aed53844c70882afd490f2c4b1a11f52496f13, tree_route: None } duration=101.079µs
2026-01-21 17:36:49.320  INFO tokio-runtime-worker txpool: maintain txs=(0, 0) a=1 i=2 views=[(180, 0, 0)] event=Finalized { hash: 0x9e00ee06776e5cc71808ac8f1bf2bf78aa32ebe3e2fc837e903a4bf248248b0f, tree_route: [] } duration=52.106µs
2026-01-21 17:36:51.388  INFO tokio-runtime-worker substrate: 💤 Idle (0 peers), best: #180 (0x2b16…6f13), finalized #178 (0x9e00…8b0f), ⬇ 0 ⬆ 0
2026-01-21 17:36:54.001  INFO tokio-runtime-worker sc_basic_authorship::basic_authorship: 🙌 Starting consensus session on top of parent 0x2b16dfcb3be1930653c114fef5aed53844c70882afd490f2c4b1a11f52496f13 (#180)
2026-01-21 17:36:54.001 DEBUG tokio-runtime-worker runtime::executive: [181]: Block initialization weight consumption: Weight { ref_time: 1275050903, proof_size: 4190 }
2026-01-21 17:36:54.001  INFO tokio-runtime-worker pallet_block_production_log::pallet: 👷 Block 181 producer is ProBono(<wasm:stripped>)
2026-01-21 17:36:54.002 DEBUG tokio-runtime-worker runtime::system: [181] 3 extrinsics, length: 59 (normal 0%, op: 0%, mandatory 0%) / normal weight:Weight(ref_time: 0, proof_size: 0) (ref_time: 0%, proof_size: 0%) op weight Weight(ref_time: 0, proof_size: 0) (ref_time 0%, proof_size 0%) / mandatory weight Weight(ref_time: 2348054174, proof_size: 13385) (ref_time: 0%, proof_size: 0%)
2026-01-21 17:36:54.002  INFO tokio-runtime-worker sc_basic_authorship::basic_authorship: 🎁 Prepared block for proposing at 181 (0 ms) hash: 0x60c7f507a8c39ad15e7db0ccc5698924dd944737d909fbe9bb22310589344d79; parent_hash: 0x2b16…6f13; end: NoMoreTransactions; extrinsics_count: 3
2026-01-21 17:36:54.003  INFO tokio-runtime-worker aura: 🔖 Pre-sealed block for proposal at 181. Hash now 0xf104e141dcfb992537eedc54abcd4e42c468ec0367ee704ebabd5391c2be7307, previously 0x60c7f507a8c39ad15e7db0ccc5698924dd944737d909fbe9bb22310589344d79.
2026-01-21 17:36:54.003  INFO tokio-runtime-worker substrate: 🏆 Imported #181 (0x2b16…6f13 → 0xf104…7307)
2026-01-21 17:36:54.003  INFO tokio-runtime-worker txpool: maintain txs=(0, 0) a=1 i=3 views=[(181, 0, 0)] event=NewBestBlock { hash: 0xf104e141dcfb992537eedc54abcd4e42c468ec0367ee704ebabd5391c2be7307, tree_route: None } duration=135.696µs
2026-01-21 17:36:55.985  INFO tokio-runtime-worker txpool: maintain txs=(0, 0) a=1 i=2 views=[(181, 0, 0)] event=Finalized { hash: 0xf5c0dbbc8f9d74b1e5850faa3f9406f0987603dc891aa2be9c2c43d08c7c2bbb, tree_route: [] } duration=51.418µs
2026-01-21 17:36:56.388  INFO tokio-runtime-worker substrate: 💤 Idle (0 peers), best: #181 (0xf104…7307), finalized #179 (0xf5c0…2bbb), ⬇ 0 ⬆ 0
2026-01-21 17:37:00.001  INFO tokio-runtime-worker sc_basic_authorship::basic_authorship: 🙌 Starting consensus session on top of parent 0xf104e141dcfb992537eedc54abcd4e42c468ec0367ee704ebabd5391c2be7307 (#181)
2026-01-21 17:37:00.001 DEBUG tokio-runtime-worker runtime::executive: [182]: Block initialization weight consumption: Weight { ref_time: 1275050903, proof_size: 4190 }
2026-01-21 17:37:00.002  INFO tokio-runtime-worker pallet_block_production_log::pallet: 👷 Block 182 producer is ProBono(<wasm:stripped>)
2026-01-21 17:37:00.002 DEBUG tokio-runtime-worker runtime::system: [182] 3 extrinsics, length: 59 (normal 0%, op: 0%, mandatory 0%) / normal weight:Weight(ref_time: 0, proof_size: 0) (ref_time: 0%, proof_size: 0%) op weight Weight(ref_time: 0, proof_size: 0) (ref_time 0%, proof_size 0%) / mandatory weight Weight(ref_time: 2348054174, proof_size: 13385) (ref_time: 0%, proof_size: 0%)
2026-01-21 17:37:00.002  INFO tokio-runtime-worker sc_basic_authorship::basic_authorship: 🎁 Prepared block for proposing at 182 (0 ms) hash: 0x14a6398bd807c10049fb1a6f49fe6888d2aca6e21c8f268401512c2f01412fa3; parent_hash: 0xf104…7307; end: NoMoreTransactions; extrinsics_count: 3
2026-01-21 17:37:00.003  INFO tokio-runtime-worker aura: 🔖 Pre-sealed block for proposal at 182. Hash now 0xcf6bf52e070f42377174ea8cc8ce95621d4910141141d3d7b135b880f1153747, previously 0x14a6398bd807c10049fb1a6f49fe6888d2aca6e21c8f268401512c2f01412fa3.
2026-01-21 17:37:00.003  INFO tokio-runtime-worker substrate: 🏆 Imported #182 (0xf104…7307 → 0xcf6b…3747)
2026-01-21 17:37:00.003  INFO tokio-runtime-worker txpool: maintain txs=(0, 0) a=1 i=3 views=[(182, 0, 0)] event=NewBestBlock { hash: 0xcf6bf52e070f42377174ea8cc8ce95621d4910141141d3d7b135b880f1153747, tree_route: None } duration=100.906µs
2026-01-21 17:37:01.318  INFO tokio-runtime-worker txpool: maintain txs=(0, 0) a=1 i=2 views=[(182, 0, 0)] event=Finalized { hash: 0x2b16dfcb3be1930653c114fef5aed53844c70882afd490f2c4b1a11f52496f13, tree_route: [] } duration=87.428µs
2026-01-21 17:37:01.388  INFO tokio-runtime-worker substrate: 💤 Idle (0 peers), best: #182 (0xcf6b…3747), finalized #180 (0x2b16…6f13), ⬇ 0 ⬆ 0
2026-01-21 17:37:06.001  INFO tokio-runtime-worker sc_basic_authorship::basic_authorship: 🙌 Starting consensus session on top of parent 0xcf6bf52e070f42377174ea8cc8ce95621d4910141141d3d7b135b880f1153747 (#182)
2026-01-21 17:37:06.001 DEBUG tokio-runtime-worker runtime::executive: [183]: Block initialization weight consumption: Weight { ref_time: 1275050903, proof_size: 4190 }
2026-01-21 17:37:06.002  INFO tokio-runtime-worker pallet_block_production_log::pallet: 👷 Block 183 producer is ProBono(<wasm:stripped>)
2026-01-21 17:37:06.002 DEBUG tokio-runtime-worker runtime::system: [183] 3 extrinsics, length: 59 (normal 0%, op: 0%, mandatory 0%) / normal weight:Weight(ref_time: 0, proof_size: 0) (ref_time: 0%, proof_size: 0%) op weight Weight(ref_time: 0, proof_size: 0) (ref_time 0%, proof_size 0%) / mandatory weight Weight(ref_time: 2348054174, proof_size: 13385) (ref_time: 0%, proof_size: 0%)
2026-01-21 17:37:06.002  INFO tokio-runtime-worker sc_basic_authorship::basic_authorship: 🎁 Prepared block for proposing at 183 (1 ms) hash: 0x912f535a2b80cc0d42ff5ace35e58b5d535fe7275f389df454519f2e42aec54e; parent_hash: 0xcf6b…3747; end: NoMoreTransactions; extrinsics_count: 3
2026-01-21 17:37:06.003  INFO tokio-runtime-worker aura: 🔖 Pre-sealed block for proposal at 183. Hash now 0x7725598d889cffa6f4de53369e6d6b578039b8908e1efe0cbe47d41a760350c2, previously 0x912f535a2b80cc0d42ff5ace35e58b5d535fe7275f389df454519f2e42aec54e.
2026-01-21 17:37:06.003  INFO tokio-runtime-worker substrate: 🏆 Imported #183 (0xcf6b…3747 → 0x7725…50c2)
2026-01-21 17:37:06.003  INFO tokio-runtime-worker txpool: maintain txs=(0, 0) a=1 i=3 views=[(183, 0, 0)] event=NewBestBlock { hash: 0x7725598d889cffa6f4de53369e6d6b578039b8908e1efe0cbe47d41a760350c2, tree_route: None } duration=87.049µs
2026-01-21 17:37:06.389  INFO tokio-runtime-worker substrate: 💤 Idle (0 peers), best: #183 (0x7725…50c2), finalized #180 (0x2b16…6f13), ⬇ 0 ⬆ 0
2026-01-21 17:37:07.985  INFO tokio-runtime-worker txpool: maintain txs=(0, 0) a=1 i=2 views=[(183, 0, 0)] event=Finalized { hash: 0xf104e141dcfb992537eedc54abcd4e42c468ec0367ee704ebabd5391c2be7307, tree_route: [] } duration=127.368µs
2026-01-21 17:37:11.389  INFO tokio-runtime-worker substrate: 💤 Idle (0 peers), best: #183 (0x7725…50c2), finalized #181 (0xf104…7307), ⬇ 0 ⬆ 0
2026-01-21 17:37:12.001  INFO tokio-runtime-worker sc_basic_authorship::basic_authorship: 🙌 Starting consensus session on top of parent 0x7725598d889cffa6f4de53369e6d6b578039b8908e1efe0cbe47d41a760350c2 (#183)
2026-01-21 17:37:12.001 DEBUG tokio-runtime-worker runtime::executive: [184]: Block initialization weight consumption: Weight { ref_time: 1275050903, proof_size: 4190 }
2026-01-21 17:37:12.002  INFO tokio-runtime-worker pallet_block_production_log::pallet: 👷 Block 184 producer is ProBono(<wasm:stripped>)
2026-01-21 17:37:12.002 DEBUG tokio-runtime-worker runtime::system: [184] 3 extrinsics, length: 59 (normal 0%, op: 0%, mandatory 0%) / normal weight:Weight(ref_time: 0, proof_size: 0) (ref_time: 0%, proof_size: 0%) op weight Weight(ref_time: 0, proof_size: 0) (ref_time 0%, proof_size 0%) / mandatory weight Weight(ref_time: 2348054174, proof_size: 13385) (ref_time: 0%, proof_size: 0%)
2026-01-21 17:37:12.002  INFO tokio-runtime-worker sc_basic_authorship::basic_authorship: 🎁 Prepared block for proposing at 184 (0 ms) hash: 0x64a9e10775b81687a8eb6637e0f0072099ac6994b6dd3ed627136d86386b1c68; parent_hash: 0x7725…50c2; end: NoMoreTransactions; extrinsics_count: 3
2026-01-21 17:37:12.003  INFO tokio-runtime-worker aura: 🔖 Pre-sealed block for proposal at 184. Hash now 0x3ac7c46adb49299c8f1ae39e3ae09e7f45c9dfe7a075d350c13d52518d1ae4b3, previously 0x64a9e10775b81687a8eb6637e0f0072099ac6994b6dd3ed627136d86386b1c68.
2026-01-21 17:37:12.003  INFO tokio-runtime-worker substrate: 🏆 Imported #184 (0x7725…50c2 → 0x3ac7…e4b3)
2026-01-21 17:37:12.003  INFO tokio-runtime-worker txpool: maintain txs=(0, 0) a=1 i=3 views=[(184, 0, 0)] event=NewBestBlock { hash: 0x3ac7c46adb49299c8f1ae39e3ae09e7f45c9dfe7a075d350c13d52518d1ae4b3, tree_route: None } duration=96.993µs
2026-01-21 17:37:13.317  INFO tokio-runtime-worker txpool: maintain txs=(0, 0) a=1 i=2 views=[(184, 0, 0)] event=Finalized { hash: 0xcf6bf52e070f42377174ea8cc8ce95621d4910141141d3d7b135b880f1153747, tree_route: [] } duration=52.187µs
2026-01-21 17:37:16.389  INFO tokio-runtime-worker substrate: 💤 Idle (0 peers), best: #184 (0x3ac7…e4b3), finalized #182 (0xcf6b…3747), ⬇ 0 ⬆ 0
2026-01-21 17:37:18.001  INFO tokio-runtime-worker sc_basic_authorship::basic_authorship: 🙌 Starting consensus session on top of parent 0x3ac7c46adb49299c8f1ae39e3ae09e7f45c9dfe7a075d350c13d52518d1ae4b3 (#184)
2026-01-21 17:37:18.001 DEBUG tokio-runtime-worker runtime::executive: [185]: Block initialization weight consumption: Weight { ref_time: 1275050903, proof_size: 4190 }
2026-01-21 17:37:18.002  INFO tokio-runtime-worker pallet_block_production_log::pallet: 👷 Block 185 producer is ProBono(<wasm:stripped>)
2026-01-21 17:37:18.002 DEBUG tokio-runtime-worker runtime::system: [185] 3 extrinsics, length: 59 (normal 0%, op: 0%, mandatory 0%) / normal weight:Weight(ref_time: 0, proof_size: 0) (ref_time: 0%, proof_size: 0%) op weight Weight(ref_time: 0, proof_size: 0) (ref_time 0%, proof_size 0%) / mandatory weight Weight(ref_time: 2348054174, proof_size: 13385) (ref_time: 0%, proof_size: 0%)
2026-01-21 17:37:18.002  INFO tokio-runtime-worker sc_basic_authorship::basic_authorship: 🎁 Prepared block for proposing at 185 (1 ms) hash: 0xa1709aa5be515246678b24e1da1ac313d6974f775cff7c03ea43833e2e3c00d7; parent_hash: 0x3ac7…e4b3; end: NoMoreTransactions; extrinsics_count: 3
2026-01-21 17:37:18.003  INFO tokio-runtime-worker aura: 🔖 Pre-sealed block for proposal at 185. Hash now 0x7bee188b7646def3c6d0940080d0cf4bc32a9c1f51f7ca53a85ffb1b37c0355f, previously 0xa1709aa5be515246678b24e1da1ac313d6974f775cff7c03ea43833e2e3c00d7.
2026-01-21 17:37:18.003  INFO tokio-runtime-worker substrate: 🏆 Imported #185 (0x3ac7…e4b3 → 0x7bee…355f)
2026-01-21 17:37:18.003  INFO tokio-runtime-worker txpool: maintain txs=(0, 0) a=1 i=3 views=[(185, 0, 0)] event=NewBestBlock { hash: 0x7bee188b7646def3c6d0940080d0cf4bc32a9c1f51f7ca53a85ffb1b37c0355f, tree_route: None } duration=95.234µs
2026-01-21 17:37:19.986  INFO tokio-runtime-worker txpool: maintain txs=(0, 0) a=1 i=2 views=[(185, 0, 0)] event=Finalized { hash: 0x7725598d889cffa6f4de53369e6d6b578039b8908e1efe0cbe47d41a760350c2, tree_route: [] } duration=47.744µs
2026-01-21 17:37:21.389  INFO tokio-runtime-worker substrate: 💤 Idle (0 peers), best: #185 (0x7bee…355f), finalized #183 (0x7725…50c2), ⬇ 0 ⬆ 0
2026-01-21 17:37:24.000  INFO tokio-runtime-worker sc_basic_authorship::basic_authorship: 🙌 Starting consensus session on top of parent 0x7bee188b7646def3c6d0940080d0cf4bc32a9c1f51f7ca53a85ffb1b37c0355f (#185)
2026-01-21 17:37:24.001 DEBUG tokio-runtime-worker runtime::executive: [186]: Block initialization weight consumption: Weight { ref_time: 1275050903, proof_size: 4190 }
2026-01-21 17:37:24.001  INFO tokio-runtime-worker pallet_block_production_log::pallet: 👷 Block 186 producer is ProBono(<wasm:stripped>)
2026-01-21 17:37:24.001 DEBUG tokio-runtime-worker runtime::system: [186] 3 extrinsics, length: 59 (normal 0%, op: 0%, mandatory 0%) / normal weight:Weight(ref_time: 0, proof_size: 0) (ref_time: 0%, proof_size: 0%) op weight Weight(ref_time: 0, proof_size: 0) (ref_time 0%, proof_size 0%) / mandatory weight Weight(ref_time: 2348054174, proof_size: 13385) (ref_time: 0%, proof_size: 0%)
2026-01-21 17:37:24.001  INFO tokio-runtime-worker sc_basic_authorship::basic_authorship: 🎁 Prepared block for proposing at 186 (0 ms) hash: 0x96c9c81a013bf537824f65ab34e8aa55736f9140033e46dc752404515dcf7dd6; parent_hash: 0x7bee…355f; end: NoMoreTransactions; extrinsics_count: 3
2026-01-21 17:37:24.002  INFO tokio-runtime-worker aura: 🔖 Pre-sealed block for proposal at 186. Hash now 0xc867803ee7c62fcc8baa2c895e821958defa9ef07ad1b7ec434cb1c840fb7583, previously 0x96c9c81a013bf537824f65ab34e8aa55736f9140033e46dc752404515dcf7dd6.
2026-01-21 17:37:24.002  INFO tokio-runtime-worker substrate: 🏆 Imported #186 (0x7bee…355f → 0xc867…7583)
2026-01-21 17:37:24.002  INFO tokio-runtime-worker txpool: maintain txs=(0, 0) a=1 i=3 views=[(186, 0, 0)] event=NewBestBlock { hash: 0xc867803ee7c62fcc8baa2c895e821958defa9ef07ad1b7ec434cb1c840fb7583, tree_route: None } duration=128.61µs
2026-01-21 17:37:25.319  INFO tokio-runtime-worker txpool: maintain txs=(0, 0) a=1 i=2 views=[(186, 0, 0)] event=Finalized { hash: 0x3ac7c46adb49299c8f1ae39e3ae09e7f45c9dfe7a075d350c13d52518d1ae4b3, tree_route: [] } duration=234.555µs
2026-01-21 17:37:26.390  INFO tokio-runtime-worker substrate: 💤 Idle (0 peers), best: #186 (0xc867…7583), finalized #184 (0x3ac7…e4b3), ⬇ 0 ⬆ 0
2026-01-21 17:37:30.003  INFO tokio-runtime-worker sc_basic_authorship::basic_authorship: 🙌 Starting consensus session on top of parent 0xc867803ee7c62fcc8baa2c895e821958defa9ef07ad1b7ec434cb1c840fb7583 (#186)
2026-01-21 17:37:30.004 DEBUG tokio-runtime-worker runtime::executive: [187]: Block initialization weight consumption: Weight { ref_time: 1275050903, proof_size: 4190 }
2026-01-21 17:37:30.005  INFO tokio-runtime-worker pallet_block_production_log::pallet: 👷 Block 187 producer is ProBono(<wasm:stripped>)
2026-01-21 17:37:30.005 DEBUG tokio-runtime-worker runtime::system: [187] 3 extrinsics, length: 59 (normal 0%, op: 0%, mandatory 0%) / normal weight:Weight(ref_time: 0, proof_size: 0) (ref_time: 0%, proof_size: 0%) op weight Weight(ref_time: 0, proof_size: 0) (ref_time 0%, proof_size 0%) / mandatory weight Weight(ref_time: 2348054174, proof_size: 13385) (ref_time: 0%, proof_size: 0%)
2026-01-21 17:37:30.005  INFO tokio-runtime-worker sc_basic_authorship::basic_authorship: 🎁 Prepared block for proposing at 187 (1 ms) hash: 0xcab6767fa54aebe9a49c494d34d792f962c94b5412f297468c032198f757fb15; parent_hash: 0xc867…7583; end: NoMoreTransactions; extrinsics_count: 3
2026-01-21 17:37:30.006  INFO tokio-runtime-worker aura: 🔖 Pre-sealed block for proposal at 187. Hash now 0x28b2b2eae30f9500dc9c972bab70787466dfab9f2961c2ec3bb8d92957001fc1, previously 0xcab6767fa54aebe9a49c494d34d792f962c94b5412f297468c032198f757fb15.
2026-01-21 17:37:30.007  INFO tokio-runtime-worker substrate: 🏆 Imported #187 (0xc867…7583 → 0x28b2…1fc1)
2026-01-21 17:37:30.007  INFO tokio-runtime-worker txpool: maintain txs=(0, 0) a=1 i=3 views=[(187, 0, 0)] event=NewBestBlock { hash: 0x28b2b2eae30f9500dc9c972bab70787466dfab9f2961c2ec3bb8d92957001fc1, tree_route: None } duration=303.988µs
2026-01-21 17:37:31.390  INFO tokio-runtime-worker substrate: 💤 Idle (0 peers), best: #187 (0x28b2…1fc1), finalized #184 (0x3ac7…e4b3), ⬇ 0 ⬆ 0
2026-01-21 17:37:31.984  INFO tokio-runtime-worker txpool: maintain txs=(0, 0) a=1 i=2 views=[(187, 0, 0)] event=Finalized { hash: 0x7bee188b7646def3c6d0940080d0cf4bc32a9c1f51f7ca53a85ffb1b37c0355f, tree_route: [] } duration=68.81µs
2026-01-21 17:37:36.001  INFO tokio-runtime-worker sc_basic_authorship::basic_authorship: 🙌 Starting consensus session on top of parent 0x28b2b2eae30f9500dc9c972bab70787466dfab9f2961c2ec3bb8d92957001fc1 (#187)
2026-01-21 17:37:36.001 DEBUG tokio-runtime-worker runtime::executive: [188]: Block initialization weight consumption: Weight { ref_time: 1275050903, proof_size: 4190 }
2026-01-21 17:37:36.002  INFO tokio-runtime-worker pallet_block_production_log::pallet: 👷 Block 188 producer is ProBono(<wasm:stripped>)
2026-01-21 17:37:36.002 DEBUG tokio-runtime-worker runtime::system: [188] 3 extrinsics, length: 59 (normal 0%, op: 0%, mandatory 0%) / normal weight:Weight(ref_time: 0, proof_size: 0) (ref_time: 0%, proof_size: 0%) op weight Weight(ref_time: 0, proof_size: 0) (ref_time 0%, proof_size 0%) / mandatory weight Weight(ref_time: 2348054174, proof_size: 13385) (ref_time: 0%, proof_size: 0%)
2026-01-21 17:37:36.002  INFO tokio-runtime-worker sc_basic_authorship::basic_authorship: 🎁 Prepared block for proposing at 188 (1 ms) hash: 0x70afccc24bc294df2e48fa29ec6f5e4ff874e034a419132abd05b2a4dae35edb; parent_hash: 0x28b2…1fc1; end: NoMoreTransactions; extrinsics_count: 3
2026-01-21 17:37:36.003  INFO tokio-runtime-worker aura: 🔖 Pre-sealed block for proposal at 188. Hash now 0xa80a7bebe902d6188e01f1f0690825f5b3eb3a2be1feb27bd018c2d5bdec7d0e, previously 0x70afccc24bc294df2e48fa29ec6f5e4ff874e034a419132abd05b2a4dae35edb.
2026-01-21 17:37:36.003  INFO tokio-runtime-worker substrate: 🏆 Imported #188 (0x28b2…1fc1 → 0xa80a…7d0e)
2026-01-21 17:37:36.004  INFO tokio-runtime-worker txpool: maintain txs=(0, 0) a=1 i=3 views=[(188, 0, 0)] event=NewBestBlock { hash: 0xa80a7bebe902d6188e01f1f0690825f5b3eb3a2be1feb27bd018c2d5bdec7d0e, tree_route: None } duration=169.794µs
2026-01-21 17:37:36.390  INFO tokio-runtime-worker substrate: 💤 Idle (0 peers), best: #188 (0xa80a…7d0e), finalized #185 (0x7bee…355f), ⬇ 0 ⬆ 0
2026-01-21 17:37:37.317  INFO tokio-runtime-worker txpool: maintain txs=(0, 0) a=1 i=2 views=[(188, 0, 0)] event=Finalized { hash: 0xc867803ee7c62fcc8baa2c895e821958defa9ef07ad1b7ec434cb1c840fb7583, tree_route: [] } duration=64.814µs
2026-01-21 17:37:41.391  INFO tokio-runtime-worker substrate: 💤 Idle (0 peers), best: #188 (0xa80a…7d0e), finalized #186 (0xc867…7583), ⬇ 0 ⬆ 0
2026-01-21 17:37:42.001  INFO tokio-runtime-worker sc_basic_authorship::basic_authorship: 🙌 Starting consensus session on top of parent 0xa80a7bebe902d6188e01f1f0690825f5b3eb3a2be1feb27bd018c2d5bdec7d0e (#188)
2026-01-21 17:37:42.001 DEBUG tokio-runtime-worker runtime::executive: [189]: Block initialization weight consumption: Weight { ref_time: 1275050903, proof_size: 4190 }
2026-01-21 17:37:42.002  INFO tokio-runtime-worker pallet_block_production_log::pallet: 👷 Block 189 producer is ProBono(<wasm:stripped>)
2026-01-21 17:37:42.002 DEBUG tokio-runtime-worker runtime::system: [189] 3 extrinsics, length: 59 (normal 0%, op: 0%, mandatory 0%) / normal weight:Weight(ref_time: 0, proof_size: 0) (ref_time: 0%, proof_size: 0%) op weight Weight(ref_time: 0, proof_size: 0) (ref_time 0%, proof_size 0%) / mandatory weight Weight(ref_time: 2348054174, proof_size: 13385) (ref_time: 0%, proof_size: 0%)
2026-01-21 17:37:42.002  INFO tokio-runtime-worker sc_basic_authorship::basic_authorship: 🎁 Prepared block for proposing at 189 (0 ms) hash: 0x882fa6458d0b3c5385b34d75e05b6eeb43c0cd797dcab1b82f610a7b56698dda; parent_hash: 0xa80a…7d0e; end: NoMoreTransactions; extrinsics_count: 3
2026-01-21 17:37:42.003  INFO tokio-runtime-worker aura: 🔖 Pre-sealed block for proposal at 189. Hash now 0x96dd41f880806baee79a44e7d3d585d1ceb3078e187a783155146220a752d2be, previously 0x882fa6458d0b3c5385b34d75e05b6eeb43c0cd797dcab1b82f610a7b56698dda.
2026-01-21 17:37:42.003  INFO tokio-runtime-worker substrate: 🏆 Imported #189 (0xa80a…7d0e → 0x96dd…d2be)
2026-01-21 17:37:42.003  INFO tokio-runtime-worker txpool: maintain txs=(0, 0) a=1 i=3 views=[(189, 0, 0)] event=NewBestBlock { hash: 0x96dd41f880806baee79a44e7d3d585d1ceb3078e187a783155146220a752d2be, tree_route: None } duration=96.926µs
2026-01-21 17:37:43.984  INFO tokio-runtime-worker txpool: maintain txs=(0, 0) a=1 i=2 views=[(189, 0, 0)] event=Finalized { hash: 0x28b2b2eae30f9500dc9c972bab70787466dfab9f2961c2ec3bb8d92957001fc1, tree_route: [] } duration=51.875µs
2026-01-21 17:37:46.391  INFO tokio-runtime-worker substrate: 💤 Idle (0 peers), best: #189 (0x96dd…d2be), finalized #187 (0x28b2…1fc1), ⬇ 0 ⬆ 0
2026-01-21 17:37:48.001  INFO tokio-runtime-worker sc_basic_authorship::basic_authorship: 🙌 Starting consensus session on top of parent 0x96dd41f880806baee79a44e7d3d585d1ceb3078e187a783155146220a752d2be (#189)
2026-01-21 17:37:48.002 DEBUG tokio-runtime-worker runtime::executive: [190]: Block initialization weight consumption: Weight { ref_time: 1275050903, proof_size: 4190 }
2026-01-21 17:37:48.003  INFO tokio-runtime-worker pallet_block_production_log::pallet: 👷 Block 190 producer is ProBono(<wasm:stripped>)
2026-01-21 17:37:48.003 DEBUG tokio-runtime-worker runtime::system: [190] 3 extrinsics, length: 59 (normal 0%, op: 0%, mandatory 0%) / normal weight:Weight(ref_time: 0, proof_size: 0) (ref_time: 0%, proof_size: 0%) op weight Weight(ref_time: 0, proof_size: 0) (ref_time 0%, proof_size 0%) / mandatory weight Weight(ref_time: 2348054174, proof_size: 13385) (ref_time: 0%, proof_size: 0%)
2026-01-21 17:37:48.003  INFO tokio-runtime-worker sc_basic_authorship::basic_authorship: 🎁 Prepared block for proposing at 190 (1 ms) hash: 0xfb3e0a609f6949ccfddd69a8bcae5e9b6204a14ac233588993e65d5dfbd0c8ca; parent_hash: 0x96dd…d2be; end: NoMoreTransactions; extrinsics_count: 3
2026-01-21 17:37:48.004  INFO tokio-runtime-worker aura: 🔖 Pre-sealed block for proposal at 190. Hash now 0xd4755ca0f15452cab726c3c6504d1ec61c14d0b58c7fc24165e01b1ca14d1fac, previously 0xfb3e0a609f6949ccfddd69a8bcae5e9b6204a14ac233588993e65d5dfbd0c8ca.
2026-01-21 17:37:48.004  INFO tokio-runtime-worker substrate: 🏆 Imported #190 (0x96dd…d2be → 0xd475…1fac)
2026-01-21 17:37:48.004  INFO tokio-runtime-worker txpool: maintain txs=(0, 0) a=1 i=3 views=[(190, 0, 0)] event=NewBestBlock { hash: 0xd4755ca0f15452cab726c3c6504d1ec61c14d0b58c7fc24165e01b1ca14d1fac, tree_route: None } duration=92.59µs
2026-01-21 17:37:49.317  INFO tokio-runtime-worker txpool: maintain txs=(0, 0) a=1 i=2 views=[(190, 0, 0)] event=Finalized { hash: 0xa80a7bebe902d6188e01f1f0690825f5b3eb3a2be1feb27bd018c2d5bdec7d0e, tree_route: [] } duration=52.15µs
2026-01-21 17:37:51.391  INFO tokio-runtime-worker substrate: 💤 Idle (0 peers), best: #190 (0xd475…1fac), finalized #188 (0xa80a…7d0e), ⬇ 0 ⬆ 0
2026-01-21 17:37:54.000  INFO tokio-runtime-worker sc_basic_authorship::basic_authorship: 🙌 Starting consensus session on top of parent 0xd4755ca0f15452cab726c3c6504d1ec61c14d0b58c7fc24165e01b1ca14d1fac (#190)
2026-01-21 17:37:54.001 DEBUG tokio-runtime-worker runtime::executive: [191]: Block initialization weight consumption: Weight { ref_time: 1275050903, proof_size: 4190 }
2026-01-21 17:37:54.001  INFO tokio-runtime-worker pallet_block_production_log::pallet: 👷 Block 191 producer is ProBono(<wasm:stripped>)
2026-01-21 17:37:54.001 DEBUG tokio-runtime-worker runtime::system: [191] 3 extrinsics, length: 59 (normal 0%, op: 0%, mandatory 0%) / normal weight:Weight(ref_time: 0, proof_size: 0) (ref_time: 0%, proof_size: 0%) op weight Weight(ref_time: 0, proof_size: 0) (ref_time 0%, proof_size 0%) / mandatory weight Weight(ref_time: 2348054174, proof_size: 13385) (ref_time: 0%, proof_size: 0%)
2026-01-21 17:37:54.002  INFO tokio-runtime-worker sc_basic_authorship::basic_authorship: 🎁 Prepared block for proposing at 191 (1 ms) hash: 0xdb49fc94c18a0e63941be449910b1947dea039101005f58200c9c5f8e76d8cc1; parent_hash: 0xd475…1fac; end: NoMoreTransactions; extrinsics_count: 3
2026-01-21 17:37:54.003  INFO tokio-runtime-worker aura: 🔖 Pre-sealed block for proposal at 191. Hash now 0xb5de30156f1e3f2c301e1fed3c6b9876e78ebdf94a0752c3430a01e31988facf, previously 0xdb49fc94c18a0e63941be449910b1947dea039101005f58200c9c5f8e76d8cc1.
2026-01-21 17:37:54.003  INFO tokio-runtime-worker substrate: 🏆 Imported #191 (0xd475…1fac → 0xb5de…facf)
2026-01-21 17:37:54.003  INFO tokio-runtime-worker txpool: maintain txs=(0, 0) a=1 i=3 views=[(191, 0, 0)] event=NewBestBlock { hash: 0xb5de30156f1e3f2c301e1fed3c6b9876e78ebdf94a0752c3430a01e31988facf, tree_route: None } duration=186.095µs
2026-01-21 17:37:55.982  INFO tokio-runtime-worker txpool: maintain txs=(0, 0) a=1 i=2 views=[(191, 0, 0)] event=Finalized { hash: 0x96dd41f880806baee79a44e7d3d585d1ceb3078e187a783155146220a752d2be, tree_route: [] } duration=43.307µs
2026-01-21 17:37:56.392  INFO tokio-runtime-worker substrate: 💤 Idle (0 peers), best: #191 (0xb5de…facf), finalized #189 (0x96dd…d2be), ⬇ 0 ⬆ 0
2026-01-21 17:38:00.001  INFO tokio-runtime-worker sc_basic_authorship::basic_authorship: 🙌 Starting consensus session on top of parent 0xb5de30156f1e3f2c301e1fed3c6b9876e78ebdf94a0752c3430a01e31988facf (#191)
2026-01-21 17:38:00.001 DEBUG tokio-runtime-worker runtime::executive: [192]: Block initialization weight consumption: Weight { ref_time: 1275050903, proof_size: 4190 }
2026-01-21 17:38:00.001  INFO tokio-runtime-worker pallet_block_production_log::pallet: 👷 Block 192 producer is ProBono(<wasm:stripped>)
2026-01-21 17:38:00.001 DEBUG tokio-runtime-worker runtime::system: [192] 3 extrinsics, length: 59 (normal 0%, op: 0%, mandatory 0%) / normal weight:Weight(ref_time: 0, proof_size: 0) (ref_time: 0%, proof_size: 0%) op weight Weight(ref_time: 0, proof_size: 0) (ref_time 0%, proof_size 0%) / mandatory weight Weight(ref_time: 2348054174, proof_size: 13385) (ref_time: 0%, proof_size: 0%)
2026-01-21 17:38:00.002  INFO tokio-runtime-worker sc_basic_authorship::basic_authorship: 🎁 Prepared block for proposing at 192 (1 ms) hash: 0x32bf59804e6412f570272a91d8c53d31e6692cc0bd182f792528d184ce7fb87a; parent_hash: 0xb5de…facf; end: NoMoreTransactions; extrinsics_count: 3
2026-01-21 17:38:00.003  INFO tokio-runtime-worker aura: 🔖 Pre-sealed block for proposal at 192. Hash now 0x042b533ef2b5bb358ff1834dab90ba0030631bddc16583ee6726ab5bad2e0ab2, previously 0x32bf59804e6412f570272a91d8c53d31e6692cc0bd182f792528d184ce7fb87a.
2026-01-21 17:38:00.003  INFO tokio-runtime-worker substrate: 🏆 Imported #192 (0xb5de…facf → 0x042b…0ab2)
2026-01-21 17:38:00.003  INFO tokio-runtime-worker txpool: maintain txs=(0, 0) a=1 i=3 views=[(192, 0, 0)] event=NewBestBlock { hash: 0x042b533ef2b5bb358ff1834dab90ba0030631bddc16583ee6726ab5bad2e0ab2, tree_route: None } duration=189.141µs
2026-01-21 17:38:01.316  INFO tokio-runtime-worker txpool: maintain txs=(0, 0) a=1 i=2 views=[(192, 0, 0)] event=Finalized { hash: 0xd4755ca0f15452cab726c3c6504d1ec61c14d0b58c7fc24165e01b1ca14d1fac, tree_route: [] } duration=78.475µs
2026-01-21 17:38:01.392  INFO tokio-runtime-worker substrate: 💤 Idle (0 peers), best: #192 (0x042b…0ab2), finalized #190 (0xd475…1fac), ⬇ 0 ⬆ 0
2026-01-21 17:38:06.001  INFO tokio-runtime-worker sc_basic_authorship::basic_authorship: 🙌 Starting consensus session on top of parent 0x042b533ef2b5bb358ff1834dab90ba0030631bddc16583ee6726ab5bad2e0ab2 (#192)
2026-01-21 17:38:06.001 DEBUG tokio-runtime-worker runtime::executive: [193]: Block initialization weight consumption: Weight { ref_time: 1275050903, proof_size: 4190 }
2026-01-21 17:38:06.002  INFO tokio-runtime-worker pallet_block_production_log::pallet: 👷 Block 193 producer is ProBono(<wasm:stripped>)
2026-01-21 17:38:06.002 DEBUG tokio-runtime-worker runtime::system: [193] 3 extrinsics, length: 59 (normal 0%, op: 0%, mandatory 0%) / normal weight:Weight(ref_time: 0, proof_size: 0) (ref_time: 0%, proof_size: 0%) op weight Weight(ref_time: 0, proof_size: 0) (ref_time 0%, proof_size 0%) / mandatory weight Weight(ref_time: 2348054174, proof_size: 13385) (ref_time: 0%, proof_size: 0%)
2026-01-21 17:38:06.002  INFO tokio-runtime-worker sc_basic_authorship::basic_authorship: 🎁 Prepared block for proposing at 193 (1 ms) hash: 0x5d2c92e397d6c15b4504ae4f1b935ffacef119a0efccd7c9c0d371c7c3a43ac8; parent_hash: 0x042b…0ab2; end: NoMoreTransactions; extrinsics_count: 3
2026-01-21 17:38:06.003  INFO tokio-runtime-worker aura: 🔖 Pre-sealed block for proposal at 193. Hash now 0x250cd72d4c0028193179c034959468127484591134049f8049d2cd1cedc6bc3a, previously 0x5d2c92e397d6c15b4504ae4f1b935ffacef119a0efccd7c9c0d371c7c3a43ac8.
2026-01-21 17:38:06.003  INFO tokio-runtime-worker substrate: 🏆 Imported #193 (0x042b…0ab2 → 0x250c…bc3a)
2026-01-21 17:38:06.003  INFO tokio-runtime-worker txpool: maintain txs=(0, 0) a=1 i=3 views=[(193, 0, 0)] event=NewBestBlock { hash: 0x250cd72d4c0028193179c034959468127484591134049f8049d2cd1cedc6bc3a, tree_route: None } duration=132.652µs
2026-01-21 17:38:06.392  INFO tokio-runtime-worker substrate: 💤 Idle (0 peers), best: #193 (0x250c…bc3a), finalized #190 (0xd475…1fac), ⬇ 0 ⬆ 0
2026-01-21 17:38:07.981  INFO tokio-runtime-worker txpool: maintain txs=(0, 0) a=1 i=2 views=[(193, 0, 0)] event=Finalized { hash: 0xb5de30156f1e3f2c301e1fed3c6b9876e78ebdf94a0752c3430a01e31988facf, tree_route: [] } duration=46.844µs
2026-01-21 17:38:11.392  INFO tokio-runtime-worker substrate: 💤 Idle (0 peers), best: #193 (0x250c…bc3a), finalized #191 (0xb5de…facf), ⬇ 0 ⬆ 0
2026-01-21 17:38:12.001  INFO tokio-runtime-worker sc_basic_authorship::basic_authorship: 🙌 Starting consensus session on top of parent 0x250cd72d4c0028193179c034959468127484591134049f8049d2cd1cedc6bc3a (#193)
2026-01-21 17:38:12.001 DEBUG tokio-runtime-worker runtime::executive: [194]: Block initialization weight consumption: Weight { ref_time: 1275050903, proof_size: 4190 }
2026-01-21 17:38:12.002  INFO tokio-runtime-worker pallet_block_production_log::pallet: 👷 Block 194 producer is ProBono(<wasm:stripped>)
2026-01-21 17:38:12.002 DEBUG tokio-runtime-worker runtime::system: [194] 3 extrinsics, length: 59 (normal 0%, op: 0%, mandatory 0%) / normal weight:Weight(ref_time: 0, proof_size: 0) (ref_time: 0%, proof_size: 0%) op weight Weight(ref_time: 0, proof_size: 0) (ref_time 0%, proof_size 0%) / mandatory weight Weight(ref_time: 2348054174, proof_size: 13385) (ref_time: 0%, proof_size: 0%)
2026-01-21 17:38:12.002  INFO tokio-runtime-worker sc_basic_authorship::basic_authorship: 🎁 Prepared block for proposing at 194 (0 ms) hash: 0x5f2a9c08aaf9721c7b39e7f495293936fa218c3d4c7898840f38275cc01c034a; parent_hash: 0x250c…bc3a; end: NoMoreTransactions; extrinsics_count: 3
2026-01-21 17:38:12.003  INFO tokio-runtime-worker aura: 🔖 Pre-sealed block for proposal at 194. Hash now 0x3d2d94eb1a4c4ffe832b986a208f408a848acc46a240b1e68a03528226c1d146, previously 0x5f2a9c08aaf9721c7b39e7f495293936fa218c3d4c7898840f38275cc01c034a.
2026-01-21 17:38:12.003  INFO tokio-runtime-worker substrate: 🏆 Imported #194 (0x250c…bc3a → 0x3d2d…d146)
2026-01-21 17:38:12.003  INFO tokio-runtime-worker txpool: maintain txs=(0, 0) a=1 i=3 views=[(194, 0, 0)] event=NewBestBlock { hash: 0x3d2d94eb1a4c4ffe832b986a208f408a848acc46a240b1e68a03528226c1d146, tree_route: None } duration=244.991µs
2026-01-21 17:38:13.314  INFO tokio-runtime-worker txpool: maintain txs=(0, 0) a=1 i=2 views=[(194, 0, 0)] event=Finalized { hash: 0x042b533ef2b5bb358ff1834dab90ba0030631bddc16583ee6726ab5bad2e0ab2, tree_route: [] } duration=48.433µs
2026-01-21 17:38:16.393  INFO tokio-runtime-worker substrate: 💤 Idle (0 peers), best: #194 (0x3d2d…d146), finalized #192 (0x042b…0ab2), ⬇ 0 ⬆ 0
2026-01-21 17:38:18.001  INFO tokio-runtime-worker sc_basic_authorship::basic_authorship: 🙌 Starting consensus session on top of parent 0x3d2d94eb1a4c4ffe832b986a208f408a848acc46a240b1e68a03528226c1d146 (#194)
2026-01-21 17:38:18.001 DEBUG tokio-runtime-worker runtime::executive: [195]: Block initialization weight consumption: Weight { ref_time: 1275050903, proof_size: 4190 }
2026-01-21 17:38:18.002  INFO tokio-runtime-worker pallet_block_production_log::pallet: 👷 Block 195 producer is ProBono(<wasm:stripped>)
2026-01-21 17:38:18.002 DEBUG tokio-runtime-worker runtime::system: [195] 3 extrinsics, length: 59 (normal 0%, op: 0%, mandatory 0%) / normal weight:Weight(ref_time: 0, proof_size: 0) (ref_time: 0%, proof_size: 0%) op weight Weight(ref_time: 0, proof_size: 0) (ref_time 0%, proof_size 0%) / mandatory weight Weight(ref_time: 2348054174, proof_size: 13385) (ref_time: 0%, proof_size: 0%)
2026-01-21 17:38:18.002  INFO tokio-runtime-worker sc_basic_authorship::basic_authorship: 🎁 Prepared block for proposing at 195 (1 ms) hash: 0xa445886dcef74b7ff60e5c9753af41f56e48f9392bb520ad00e75fead7164a9d; parent_hash: 0x3d2d…d146; end: NoMoreTransactions; extrinsics_count: 3
2026-01-21 17:38:18.003  INFO tokio-runtime-worker aura: 🔖 Pre-sealed block for proposal at 195. Hash now 0xd55c3c112e10f42cd93537b5e3317488e4d871caff91b9282bae83f36dcb4797, previously 0xa445886dcef74b7ff60e5c9753af41f56e48f9392bb520ad00e75fead7164a9d.
2026-01-21 17:38:18.003  INFO tokio-runtime-worker substrate: 🏆 Imported #195 (0x3d2d…d146 → 0xd55c…4797)
2026-01-21 17:38:18.003  INFO tokio-runtime-worker txpool: maintain txs=(0, 0) a=1 i=3 views=[(195, 0, 0)] event=NewBestBlock { hash: 0xd55c3c112e10f42cd93537b5e3317488e4d871caff91b9282bae83f36dcb4797, tree_route: None } duration=116.569µs
2026-01-21 17:38:19.981  INFO tokio-runtime-worker txpool: maintain txs=(0, 0) a=1 i=2 views=[(195, 0, 0)] event=Finalized { hash: 0x250cd72d4c0028193179c034959468127484591134049f8049d2cd1cedc6bc3a, tree_route: [] } duration=62.331µs
2026-01-21 17:38:21.393  INFO tokio-runtime-worker substrate: 💤 Idle (0 peers), best: #195 (0xd55c…4797), finalized #193 (0x250c…bc3a), ⬇ 0 ⬆ 0
2026-01-21 17:38:24.001  INFO tokio-runtime-worker sc_basic_authorship::basic_authorship: 🙌 Starting consensus session on top of parent 0xd55c3c112e10f42cd93537b5e3317488e4d871caff91b9282bae83f36dcb4797 (#195)
2026-01-21 17:38:24.001 DEBUG tokio-runtime-worker runtime::executive: [196]: Block initialization weight consumption: Weight { ref_time: 1275050903, proof_size: 4190 }
2026-01-21 17:38:24.002  INFO tokio-runtime-worker pallet_block_production_log::pallet: 👷 Block 196 producer is ProBono(<wasm:stripped>)
2026-01-21 17:38:24.002 DEBUG tokio-runtime-worker runtime::system: [196] 3 extrinsics, length: 59 (normal 0%, op: 0%, mandatory 0%) / normal weight:Weight(ref_time: 0, proof_size: 0) (ref_time: 0%, proof_size: 0%) op weight Weight(ref_time: 0, proof_size: 0) (ref_time 0%, proof_size 0%) / mandatory weight Weight(ref_time: 2348054174, proof_size: 13385) (ref_time: 0%, proof_size: 0%)
2026-01-21 17:38:24.002  INFO tokio-runtime-worker sc_basic_authorship::basic_authorship: 🎁 Prepared block for proposing at 196 (0 ms) hash: 0xf17591fdb5b2b09a52ab2405e197a77a0b91ddf740411d9831a078f29066402c; parent_hash: 0xd55c…4797; end: NoMoreTransactions; extrinsics_count: 3
2026-01-21 17:38:24.003  INFO tokio-runtime-worker aura: 🔖 Pre-sealed block for proposal at 196. Hash now 0x254b9c4ef6c0e2b801bf025aa6dd8496f8e8978f2f4772bc1adc5aa62d708194, previously 0xf17591fdb5b2b09a52ab2405e197a77a0b91ddf740411d9831a078f29066402c.
2026-01-21 17:38:24.003  INFO tokio-runtime-worker substrate: 🏆 Imported #196 (0xd55c…4797 → 0x254b…8194)
2026-01-21 17:38:24.003  INFO tokio-runtime-worker txpool: maintain txs=(0, 0) a=1 i=3 views=[(196, 0, 0)] event=NewBestBlock { hash: 0x254b9c4ef6c0e2b801bf025aa6dd8496f8e8978f2f4772bc1adc5aa62d708194, tree_route: None } duration=164.449µs
2026-01-21 17:38:25.313  INFO tokio-runtime-worker txpool: maintain txs=(0, 0) a=1 i=2 views=[(196, 0, 0)] event=Finalized { hash: 0x3d2d94eb1a4c4ffe832b986a208f408a848acc46a240b1e68a03528226c1d146, tree_route: [] } duration=56.515µs
2026-01-21 17:38:26.393  INFO tokio-runtime-worker substrate: 💤 Idle (0 peers), best: #196 (0x254b…8194), finalized #194 (0x3d2d…d146), ⬇ 0 ⬆ 0
2026-01-21 17:38:30.001  INFO tokio-runtime-worker sc_basic_authorship::basic_authorship: 🙌 Starting consensus session on top of parent 0x254b9c4ef6c0e2b801bf025aa6dd8496f8e8978f2f4772bc1adc5aa62d708194 (#196)
2026-01-21 17:38:30.001 DEBUG tokio-runtime-worker runtime::executive: [197]: Block initialization weight consumption: Weight { ref_time: 1275050903, proof_size: 4190 }
2026-01-21 17:38:30.002  INFO tokio-runtime-worker pallet_block_production_log::pallet: 👷 Block 197 producer is ProBono(<wasm:stripped>)
2026-01-21 17:38:30.002 DEBUG tokio-runtime-worker runtime::system: [197] 3 extrinsics, length: 59 (normal 0%, op: 0%, mandatory 0%) / normal weight:Weight(ref_time: 0, proof_size: 0) (ref_time: 0%, proof_size: 0%) op weight Weight(ref_time: 0, proof_size: 0) (ref_time 0%, proof_size 0%) / mandatory weight Weight(ref_time: 2348054174, proof_size: 13385) (ref_time: 0%, proof_size: 0%)
2026-01-21 17:38:30.002  INFO tokio-runtime-worker sc_basic_authorship::basic_authorship: 🎁 Prepared block for proposing at 197 (0 ms) hash: 0xb095a276ccb90df9ff054ef41fb7893201a9a204ed83ffad075c9ff3c99dbbb2; parent_hash: 0x254b…8194; end: NoMoreTransactions; extrinsics_count: 3
2026-01-21 17:38:30.003  INFO tokio-runtime-worker aura: 🔖 Pre-sealed block for proposal at 197. Hash now 0x0fc5e0beb0d678b2cefb5f2258b5010cee440679802e79a21b29879b23adfa3d, previously 0xb095a276ccb90df9ff054ef41fb7893201a9a204ed83ffad075c9ff3c99dbbb2.
2026-01-21 17:38:30.003  INFO tokio-runtime-worker substrate: 🏆 Imported #197 (0x254b…8194 → 0x0fc5…fa3d)
2026-01-21 17:38:30.003  INFO tokio-runtime-worker txpool: maintain txs=(0, 0) a=1 i=3 views=[(197, 0, 0)] event=NewBestBlock { hash: 0x0fc5e0beb0d678b2cefb5f2258b5010cee440679802e79a21b29879b23adfa3d, tree_route: None } duration=107.72µs
2026-01-21 17:38:31.393  INFO tokio-runtime-worker substrate: 💤 Idle (0 peers), best: #197 (0x0fc5…fa3d), finalized #194 (0x3d2d…d146), ⬇ 0 ⬆ 0
2026-01-21 17:38:31.979  INFO tokio-runtime-worker txpool: maintain txs=(0, 0) a=1 i=2 views=[(197, 0, 0)] event=Finalized { hash: 0xd55c3c112e10f42cd93537b5e3317488e4d871caff91b9282bae83f36dcb4797, tree_route: [] } duration=134.472µs
2026-01-21 17:38:36.000  INFO tokio-runtime-worker sc_basic_authorship::basic_authorship: 🙌 Starting consensus session on top of parent 0x0fc5e0beb0d678b2cefb5f2258b5010cee440679802e79a21b29879b23adfa3d (#197)
2026-01-21 17:38:36.001 DEBUG tokio-runtime-worker runtime::executive: [198]: Block initialization weight consumption: Weight { ref_time: 1275050903, proof_size: 4190 }
2026-01-21 17:38:36.001  INFO tokio-runtime-worker pallet_block_production_log::pallet: 👷 Block 198 producer is ProBono(<wasm:stripped>)
2026-01-21 17:38:36.001 DEBUG tokio-runtime-worker runtime::system: [198] 3 extrinsics, length: 59 (normal 0%, op: 0%, mandatory 0%) / normal weight:Weight(ref_time: 0, proof_size: 0) (ref_time: 0%, proof_size: 0%) op weight Weight(ref_time: 0, proof_size: 0) (ref_time 0%, proof_size 0%) / mandatory weight Weight(ref_time: 2348054174, proof_size: 13385) (ref_time: 0%, proof_size: 0%)
2026-01-21 17:38:36.002  INFO tokio-runtime-worker sc_basic_authorship::basic_authorship: 🎁 Prepared block for proposing at 198 (0 ms) hash: 0xc8dbfc1fe18368114bad56033a7deb52e4daefca1006c091165c1c52f3dfb971; parent_hash: 0x0fc5…fa3d; end: NoMoreTransactions; extrinsics_count: 3
2026-01-21 17:38:36.002  INFO tokio-runtime-worker aura: 🔖 Pre-sealed block for proposal at 198. Hash now 0x17fde191213b64a80117d6647bf39373050a8eec22afc54546e4949488619e85, previously 0xc8dbfc1fe18368114bad56033a7deb52e4daefca1006c091165c1c52f3dfb971.
2026-01-21 17:38:36.003  INFO tokio-runtime-worker substrate: 🏆 Imported #198 (0x0fc5…fa3d → 0x17fd…9e85)
2026-01-21 17:38:36.003  INFO tokio-runtime-worker txpool: maintain txs=(0, 0) a=1 i=3 views=[(198, 0, 0)] event=NewBestBlock { hash: 0x17fde191213b64a80117d6647bf39373050a8eec22afc54546e4949488619e85, tree_route: None } duration=151.825µs
2026-01-21 17:38:36.394  INFO tokio-runtime-worker substrate: 💤 Idle (0 peers), best: #198 (0x17fd…9e85), finalized #195 (0xd55c…4797), ⬇ 0 ⬆ 0
2026-01-21 17:38:37.311  INFO tokio-runtime-worker txpool: maintain txs=(0, 0) a=1 i=2 views=[(198, 0, 0)] event=Finalized { hash: 0x254b9c4ef6c0e2b801bf025aa6dd8496f8e8978f2f4772bc1adc5aa62d708194, tree_route: [] } duration=50.458µs
2026-01-21 17:38:41.394  INFO tokio-runtime-worker substrate: 💤 Idle (0 peers), best: #198 (0x17fd…9e85), finalized #196 (0x254b…8194), ⬇ 0 ⬆ 0
2026-01-21 17:38:42.000  INFO tokio-runtime-worker sc_basic_authorship::basic_authorship: 🙌 Starting consensus session on top of parent 0x17fde191213b64a80117d6647bf39373050a8eec22afc54546e4949488619e85 (#198)
2026-01-21 17:38:42.001 DEBUG tokio-runtime-worker runtime::executive: [199]: Block initialization weight consumption: Weight { ref_time: 1275050903, proof_size: 4190 }
2026-01-21 17:38:42.001  INFO tokio-runtime-worker pallet_block_production_log::pallet: 👷 Block 199 producer is ProBono(<wasm:stripped>)
2026-01-21 17:38:42.001 DEBUG tokio-runtime-worker runtime::system: [199] 3 extrinsics, length: 59 (normal 0%, op: 0%, mandatory 0%) / normal weight:Weight(ref_time: 0, proof_size: 0) (ref_time: 0%, proof_size: 0%) op weight Weight(ref_time: 0, proof_size: 0) (ref_time 0%, proof_size 0%) / mandatory weight Weight(ref_time: 2348054174, proof_size: 13385) (ref_time: 0%, proof_size: 0%)
2026-01-21 17:38:42.002  INFO tokio-runtime-worker sc_basic_authorship::basic_authorship: 🎁 Prepared block for proposing at 199 (0 ms) hash: 0x93009789b95dbbf790cca46dcd7f2d98fedfaff3a6cedf2e05ff6b12532907a7; parent_hash: 0x17fd…9e85; end: NoMoreTransactions; extrinsics_count: 3
2026-01-21 17:38:42.002  INFO tokio-runtime-worker aura: 🔖 Pre-sealed block for proposal at 199. Hash now 0x398a4edae54aa60736aa5bb2d92d02b6466e66ac50d0f28ecef012a1cb9b7bc5, previously 0x93009789b95dbbf790cca46dcd7f2d98fedfaff3a6cedf2e05ff6b12532907a7.
2026-01-21 17:38:42.003  INFO tokio-runtime-worker substrate: 🏆 Imported #199 (0x17fd…9e85 → 0x398a…7bc5)
2026-01-21 17:38:42.003  INFO tokio-runtime-worker txpool: maintain txs=(0, 0) a=1 i=3 views=[(199, 0, 0)] event=NewBestBlock { hash: 0x398a4edae54aa60736aa5bb2d92d02b6466e66ac50d0f28ecef012a1cb9b7bc5, tree_route: None } duration=400.486µs
2026-01-21 17:38:43.977  INFO tokio-runtime-worker txpool: maintain txs=(0, 0) a=1 i=2 views=[(199, 0, 0)] event=Finalized { hash: 0x0fc5e0beb0d678b2cefb5f2258b5010cee440679802e79a21b29879b23adfa3d, tree_route: [] } duration=42.426µs
2026-01-21 17:38:46.394  INFO tokio-runtime-worker substrate: 💤 Idle (0 peers), best: #199 (0x398a…7bc5), finalized #197 (0x0fc5…fa3d), ⬇ 0 ⬆ 0
2026-01-21 17:38:48.001  INFO tokio-runtime-worker sc_basic_authorship::basic_authorship: 🙌 Starting consensus session on top of parent 0x398a4edae54aa60736aa5bb2d92d02b6466e66ac50d0f28ecef012a1cb9b7bc5 (#199)
2026-01-21 17:38:48.001 DEBUG tokio-runtime-worker runtime::executive: [200]: Block initialization weight consumption: Weight { ref_time: 1275050903, proof_size: 4190 }
2026-01-21 17:38:48.001  INFO tokio-runtime-worker pallet_block_production_log::pallet: 👷 Block 200 producer is ProBono(<wasm:stripped>)
2026-01-21 17:38:48.001 DEBUG tokio-runtime-worker runtime::system: [200] 3 extrinsics, length: 59 (normal 0%, op: 0%, mandatory 0%) / normal weight:Weight(ref_time: 0, proof_size: 0) (ref_time: 0%, proof_size: 0%) op weight Weight(ref_time: 0, proof_size: 0) (ref_time 0%, proof_size 0%) / mandatory weight Weight(ref_time: 2348054174, proof_size: 13385) (ref_time: 0%, proof_size: 0%)
2026-01-21 17:38:48.001  INFO tokio-runtime-worker sc_basic_authorship::basic_authorship: 🎁 Prepared block for proposing at 200 (0 ms) hash: 0x0630b93728a4bb46e1a90199a83748af37c1d68a9c3d249050758db76369a3d5; parent_hash: 0x398a…7bc5; end: NoMoreTransactions; extrinsics_count: 3
2026-01-21 17:38:48.002  INFO tokio-runtime-worker aura: 🔖 Pre-sealed block for proposal at 200. Hash now 0x21ea7f951e51bb8e32040f7d0d70f932858d92019c9287f61e368f8e4eb8ae6a, previously 0x0630b93728a4bb46e1a90199a83748af37c1d68a9c3d249050758db76369a3d5.
2026-01-21 17:38:48.003  INFO tokio-runtime-worker substrate: 🏆 Imported #200 (0x398a…7bc5 → 0x21ea…ae6a)
2026-01-21 17:38:48.003  INFO tokio-runtime-worker txpool: maintain txs=(0, 0) a=1 i=3 views=[(200, 0, 0)] event=NewBestBlock { hash: 0x21ea7f951e51bb8e32040f7d0d70f932858d92019c9287f61e368f8e4eb8ae6a, tree_route: None } duration=91.959µs
2026-01-21 17:38:49.309  INFO tokio-runtime-worker txpool: maintain txs=(0, 0) a=1 i=2 views=[(200, 0, 0)] event=Finalized { hash: 0x17fde191213b64a80117d6647bf39373050a8eec22afc54546e4949488619e85, tree_route: [] } duration=48.418µs
2026-01-21 17:38:51.394  INFO tokio-runtime-worker substrate: 💤 Idle (0 peers), best: #200 (0x21ea…ae6a), finalized #198 (0x17fd…9e85), ⬇ 0 ⬆ 0
2026-01-21 17:38:54.001  INFO tokio-runtime-worker sc_basic_authorship::basic_authorship: 🙌 Starting consensus session on top of parent 0x21ea7f951e51bb8e32040f7d0d70f932858d92019c9287f61e368f8e4eb8ae6a (#200)
2026-01-21 17:38:54.001 DEBUG tokio-runtime-worker runtime::executive: [201]: Block initialization weight consumption: Weight { ref_time: 1275050903, proof_size: 4190 }
2026-01-21 17:38:54.002  INFO tokio-runtime-worker pallet_block_production_log::pallet: 👷 Block 201 producer is ProBono(<wasm:stripped>)
2026-01-21 17:38:54.002 DEBUG tokio-runtime-worker runtime::system: [201] 3 extrinsics, length: 59 (normal 0%, op: 0%, mandatory 0%) / normal weight:Weight(ref_time: 0, proof_size: 0) (ref_time: 0%, proof_size: 0%) op weight Weight(ref_time: 0, proof_size: 0) (ref_time 0%, proof_size 0%) / mandatory weight Weight(ref_time: 2348054174, proof_size: 13385) (ref_time: 0%, proof_size: 0%)
2026-01-21 17:38:54.002  INFO tokio-runtime-worker sc_basic_authorship::basic_authorship: 🎁 Prepared block for proposing at 201 (1 ms) hash: 0xe77a8a3f099e37435b258274d4159b9d80c6acdb2a2e9aabbdbbd565a2d4e45f; parent_hash: 0x21ea…ae6a; end: NoMoreTransactions; extrinsics_count: 3
2026-01-21 17:38:54.003  INFO tokio-runtime-worker aura: 🔖 Pre-sealed block for proposal at 201. Hash now 0xa018bcaf7929b5d187d8b00f2c0f89c0ef082190320bcd0e06a6edff99ecef44, previously 0xe77a8a3f099e37435b258274d4159b9d80c6acdb2a2e9aabbdbbd565a2d4e45f.
2026-01-21 17:38:54.003  INFO tokio-runtime-worker substrate: 🏆 Imported #201 (0x21ea…ae6a → 0xa018…ef44)
2026-01-21 17:38:54.003  INFO tokio-runtime-worker txpool: maintain txs=(0, 0) a=1 i=3 views=[(201, 0, 0)] event=NewBestBlock { hash: 0xa018bcaf7929b5d187d8b00f2c0f89c0ef082190320bcd0e06a6edff99ecef44, tree_route: None } duration=215.5µs
2026-01-21 17:38:55.977  INFO tokio-runtime-worker txpool: maintain txs=(0, 0) a=1 i=2 views=[(201, 0, 0)] event=Finalized { hash: 0x398a4edae54aa60736aa5bb2d92d02b6466e66ac50d0f28ecef012a1cb9b7bc5, tree_route: [] } duration=48.649µs
2026-01-21 17:38:56.395  INFO tokio-runtime-worker substrate: 💤 Idle (0 peers), best: #201 (0xa018…ef44), finalized #199 (0x398a…7bc5), ⬇ 0 ⬆ 0
2026-01-21 17:39:00.001  INFO tokio-runtime-worker sc_basic_authorship::basic_authorship: 🙌 Starting consensus session on top of parent 0xa018bcaf7929b5d187d8b00f2c0f89c0ef082190320bcd0e06a6edff99ecef44 (#201)
2026-01-21 17:39:00.001 DEBUG tokio-runtime-worker runtime::executive: [202]: Block initialization weight consumption: Weight { ref_time: 1275050903, proof_size: 4190 }
2026-01-21 17:39:00.002  INFO tokio-runtime-worker pallet_block_participation::pallet: 🧾 Processing block participation data up to slot 294832890.
2026-01-21 17:39:00.002  INFO tokio-runtime-worker partner_chains_demo_runtime::test_helper_pallet::pallet: 📊 Block participation inherent data released
2026-01-21 17:39:00.002  INFO tokio-runtime-worker pallet_block_production_log::pallet: 👷 Block 202 producer is ProBono(<wasm:stripped>)
2026-01-21 17:39:00.002 DEBUG tokio-runtime-worker runtime::system: [202] 5 extrinsics, length: 131 (normal 0%, op: 0%, mandatory 0%) / normal weight:Weight(ref_time: 0, proof_size: 0) (ref_time: 0%, proof_size: 0%) op weight Weight(ref_time: 0, proof_size: 0) (ref_time 0%, proof_size 0%) / mandatory weight Weight(ref_time: 2564368174, proof_size: 13457) (ref_time: 0%, proof_size: 0%)
2026-01-21 17:39:00.002  INFO tokio-runtime-worker sc_basic_authorship::basic_authorship: 🎁 Prepared block for proposing at 202 (1 ms) hash: 0xbce0df7b9f10b70e309222799a532bb1426da8a973db600735ebc4fb5cbcefcf; parent_hash: 0xa018…ef44; end: NoMoreTransactions; extrinsics_count: 5
2026-01-21 17:39:00.003  INFO tokio-runtime-worker aura: 🔖 Pre-sealed block for proposal at 202. Hash now 0xd98c1c2f42912dfb64c8d85459ef17caed9b7f01cf1cea65a307513421136501, previously 0xbce0df7b9f10b70e309222799a532bb1426da8a973db600735ebc4fb5cbcefcf.
2026-01-21 17:39:00.003  INFO tokio-runtime-worker substrate: 🏆 Imported #202 (0xa018…ef44 → 0xd98c…6501)
2026-01-21 17:39:00.004  INFO tokio-runtime-worker txpool: maintain txs=(0, 0) a=1 i=3 views=[(202, 0, 0)] event=NewBestBlock { hash: 0xd98c1c2f42912dfb64c8d85459ef17caed9b7f01cf1cea65a307513421136501, tree_route: None } duration=194.795µs
2026-01-21 17:39:01.310  INFO tokio-runtime-worker txpool: maintain txs=(0, 0) a=1 i=2 views=[(202, 0, 0)] event=Finalized { hash: 0x21ea7f951e51bb8e32040f7d0d70f932858d92019c9287f61e368f8e4eb8ae6a, tree_route: [] } duration=137.272µs
2026-01-21 17:39:01.395  INFO tokio-runtime-worker substrate: 💤 Idle (0 peers), best: #202 (0xd98c…6501), finalized #200 (0x21ea…ae6a), ⬇ 0 ⬆ 0
2026-01-21 17:39:06.001  INFO tokio-runtime-worker sc_basic_authorship::basic_authorship: 🙌 Starting consensus session on top of parent 0xd98c1c2f42912dfb64c8d85459ef17caed9b7f01cf1cea65a307513421136501 (#202)
2026-01-21 17:39:06.001 DEBUG tokio-runtime-worker runtime::executive: [203]: Block initialization weight consumption: Weight { ref_time: 1275050903, proof_size: 4190 }
2026-01-21 17:39:06.002  INFO tokio-runtime-worker pallet_block_production_log::pallet: 👷 Block 203 producer is ProBono(<wasm:stripped>)
2026-01-21 17:39:06.002 DEBUG tokio-runtime-worker runtime::system: [203] 3 extrinsics, length: 59 (normal 0%, op: 0%, mandatory 0%) / normal weight:Weight(ref_time: 0, proof_size: 0) (ref_time: 0%, proof_size: 0%) op weight Weight(ref_time: 0, proof_size: 0) (ref_time 0%, proof_size 0%) / mandatory weight Weight(ref_time: 2348054174, proof_size: 13385) (ref_time: 0%, proof_size: 0%)
2026-01-21 17:39:06.002  INFO tokio-runtime-worker sc_basic_authorship::basic_authorship: 🎁 Prepared block for proposing at 203 (1 ms) hash: 0x78b1df683105e7551cd4128220e43c1099b230573dd42e843bc447b930db0d3b; parent_hash: 0xd98c…6501; end: NoMoreTransactions; extrinsics_count: 3
2026-01-21 17:39:06.003  INFO tokio-runtime-worker aura: 🔖 Pre-sealed block for proposal at 203. Hash now 0x16b5ddc2bd942c6561ac22752b62d10ad6ec9f22d7e328962dbf55a8c6279bdf, previously 0x78b1df683105e7551cd4128220e43c1099b230573dd42e843bc447b930db0d3b.
2026-01-21 17:39:06.003  INFO tokio-runtime-worker substrate: 🏆 Imported #203 (0xd98c…6501 → 0x16b5…9bdf)
2026-01-21 17:39:06.003  INFO tokio-runtime-worker txpool: maintain txs=(0, 0) a=1 i=3 views=[(203, 0, 0)] event=NewBestBlock { hash: 0x16b5ddc2bd942c6561ac22752b62d10ad6ec9f22d7e328962dbf55a8c6279bdf, tree_route: None } duration=104.246µs
2026-01-21 17:39:06.395  INFO tokio-runtime-worker substrate: 💤 Idle (0 peers), best: #203 (0x16b5…9bdf), finalized #200 (0x21ea…ae6a), ⬇ 0 ⬆ 0
2026-01-21 17:39:07.976  INFO tokio-runtime-worker txpool: maintain txs=(0, 0) a=1 i=2 views=[(203, 0, 0)] event=Finalized { hash: 0xa018bcaf7929b5d187d8b00f2c0f89c0ef082190320bcd0e06a6edff99ecef44, tree_route: [] } duration=56.803µs
2026-01-21 17:39:11.396  INFO tokio-runtime-worker substrate: 💤 Idle (0 peers), best: #203 (0x16b5…9bdf), finalized #201 (0xa018…ef44), ⬇ 0 ⬆ 0
2026-01-21 17:39:12.001  INFO tokio-runtime-worker sc_basic_authorship::basic_authorship: 🙌 Starting consensus session on top of parent 0x16b5ddc2bd942c6561ac22752b62d10ad6ec9f22d7e328962dbf55a8c6279bdf (#203)
2026-01-21 17:39:12.001 DEBUG tokio-runtime-worker runtime::executive: [204]: Block initialization weight consumption: Weight { ref_time: 1275050903, proof_size: 4190 }
2026-01-21 17:39:12.002  INFO tokio-runtime-worker pallet_block_production_log::pallet: 👷 Block 204 producer is ProBono(<wasm:stripped>)
2026-01-21 17:39:12.002 DEBUG tokio-runtime-worker runtime::system: [204] 3 extrinsics, length: 59 (normal 0%, op: 0%, mandatory 0%) / normal weight:Weight(ref_time: 0, proof_size: 0) (ref_time: 0%, proof_size: 0%) op weight Weight(ref_time: 0, proof_size: 0) (ref_time 0%, proof_size 0%) / mandatory weight Weight(ref_time: 2348054174, proof_size: 13385) (ref_time: 0%, proof_size: 0%)
2026-01-21 17:39:12.002  INFO tokio-runtime-worker sc_basic_authorship::basic_authorship: 🎁 Prepared block for proposing at 204 (0 ms) hash: 0xe8f869f1b65241bb3b9517ebbb67744f2fb07865ddef9e81edcd2145157933d9; parent_hash: 0x16b5…9bdf; end: NoMoreTransactions; extrinsics_count: 3
2026-01-21 17:39:12.003  INFO tokio-runtime-worker aura: 🔖 Pre-sealed block for proposal at 204. Hash now 0x05ecfcec686cfd664e91303ca0944efe4d6ff03918871c058724bf011d8c2acf, previously 0xe8f869f1b65241bb3b9517ebbb67744f2fb07865ddef9e81edcd2145157933d9.
2026-01-21 17:39:12.003  INFO tokio-runtime-worker substrate: 🏆 Imported #204 (0x16b5…9bdf → 0x05ec…2acf)
2026-01-21 17:39:12.003  INFO tokio-runtime-worker txpool: maintain txs=(0, 0) a=1 i=3 views=[(204, 0, 0)] event=NewBestBlock { hash: 0x05ecfcec686cfd664e91303ca0944efe4d6ff03918871c058724bf011d8c2acf, tree_route: None } duration=89.895µs
2026-01-21 17:39:13.308  INFO tokio-runtime-worker txpool: maintain txs=(0, 0) a=1 i=2 views=[(204, 0, 0)] event=Finalized { hash: 0xd98c1c2f42912dfb64c8d85459ef17caed9b7f01cf1cea65a307513421136501, tree_route: [] } duration=48.363µs
2026-01-21 17:39:16.396  INFO tokio-runtime-worker substrate: 💤 Idle (0 peers), best: #204 (0x05ec…2acf), finalized #202 (0xd98c…6501), ⬇ 0 ⬆ 0
2026-01-21 17:39:18.001  INFO tokio-runtime-worker sc_basic_authorship::basic_authorship: 🙌 Starting consensus session on top of parent 0x05ecfcec686cfd664e91303ca0944efe4d6ff03918871c058724bf011d8c2acf (#204)
2026-01-21 17:39:18.002 DEBUG tokio-runtime-worker runtime::executive: [205]: Block initialization weight consumption: Weight { ref_time: 1275050903, proof_size: 4190 }
2026-01-21 17:39:18.002  INFO tokio-runtime-worker pallet_block_production_log::pallet: 👷 Block 205 producer is ProBono(<wasm:stripped>)
2026-01-21 17:39:18.002 DEBUG tokio-runtime-worker runtime::system: [205] 3 extrinsics, length: 59 (normal 0%, op: 0%, mandatory 0%) / normal weight:Weight(ref_time: 0, proof_size: 0) (ref_time: 0%, proof_size: 0%) op weight Weight(ref_time: 0, proof_size: 0) (ref_time 0%, proof_size 0%) / mandatory weight Weight(ref_time: 2348054174, proof_size: 13385) (ref_time: 0%, proof_size: 0%)
2026-01-21 17:39:18.002  INFO tokio-runtime-worker sc_basic_authorship::basic_authorship: 🎁 Prepared block for proposing at 205 (0 ms) hash: 0x03a90a6a2f235594d12a72d68961794c155df3cf22922be0eadda1869f1d733f; parent_hash: 0x05ec…2acf; end: NoMoreTransactions; extrinsics_count: 3
2026-01-21 17:39:18.003  INFO tokio-runtime-worker aura: 🔖 Pre-sealed block for proposal at 205. Hash now 0x83e48a290f0b19019e05838af3f25aad73c25b10887d6f2bdd3d44aa363c7b4c, previously 0x03a90a6a2f235594d12a72d68961794c155df3cf22922be0eadda1869f1d733f.
2026-01-21 17:39:18.004  INFO tokio-runtime-worker substrate: 🏆 Imported #205 (0x05ec…2acf → 0x83e4…7b4c)
2026-01-21 17:39:18.004  INFO tokio-runtime-worker txpool: maintain txs=(0, 0) a=1 i=3 views=[(205, 0, 0)] event=NewBestBlock { hash: 0x83e48a290f0b19019e05838af3f25aad73c25b10887d6f2bdd3d44aa363c7b4c, tree_route: None } duration=89.098µs
2026-01-21 17:39:19.976  INFO tokio-runtime-worker txpool: maintain txs=(0, 0) a=1 i=2 views=[(205, 0, 0)] event=Finalized { hash: 0x16b5ddc2bd942c6561ac22752b62d10ad6ec9f22d7e328962dbf55a8c6279bdf, tree_route: [] } duration=120.326µs
2026-01-21 17:39:21.396  INFO tokio-runtime-worker substrate: 💤 Idle (0 peers), best: #205 (0x83e4…7b4c), finalized #203 (0x16b5…9bdf), ⬇ 0 ⬆ 0
2026-01-21 17:39:24.001  INFO tokio-runtime-worker sc_basic_authorship::basic_authorship: 🙌 Starting consensus session on top of parent 0x83e48a290f0b19019e05838af3f25aad73c25b10887d6f2bdd3d44aa363c7b4c (#205)
2026-01-21 17:39:24.001 DEBUG tokio-runtime-worker runtime::executive: [206]: Block initialization weight consumption: Weight { ref_time: 1275050903, proof_size: 4190 }
2026-01-21 17:39:24.002  INFO tokio-runtime-worker pallet_block_production_log::pallet: 👷 Block 206 producer is ProBono(<wasm:stripped>)
2026-01-21 17:39:24.002 DEBUG tokio-runtime-worker runtime::system: [206] 3 extrinsics, length: 59 (normal 0%, op: 0%, mandatory 0%) / normal weight:Weight(ref_time: 0, proof_size: 0) (ref_time: 0%, proof_size: 0%) op weight Weight(ref_time: 0, proof_size: 0) (ref_time 0%, proof_size 0%) / mandatory weight Weight(ref_time: 2348054174, proof_size: 13385) (ref_time: 0%, proof_size: 0%)
2026-01-21 17:39:24.002  INFO tokio-runtime-worker sc_basic_authorship::basic_authorship: 🎁 Prepared block for proposing at 206 (1 ms) hash: 0x20102f78da1f9590f3e05dfbfb0ab6619c76fc74ad8410cc37696053ed043632; parent_hash: 0x83e4…7b4c; end: NoMoreTransactions; extrinsics_count: 3
2026-01-21 17:39:24.003  INFO tokio-runtime-worker aura: 🔖 Pre-sealed block for proposal at 206. Hash now 0x6cdd4d4078806b39cd7dba388dd26cf13f09c9c6ca633b1996ed0811ff6fc237, previously 0x20102f78da1f9590f3e05dfbfb0ab6619c76fc74ad8410cc37696053ed043632.
2026-01-21 17:39:24.003  INFO tokio-runtime-worker substrate: 🏆 Imported #206 (0x83e4…7b4c → 0x6cdd…c237)
2026-01-21 17:39:24.003  INFO tokio-runtime-worker txpool: maintain txs=(0, 0) a=1 i=3 views=[(206, 0, 0)] event=NewBestBlock { hash: 0x6cdd4d4078806b39cd7dba388dd26cf13f09c9c6ca633b1996ed0811ff6fc237, tree_route: None } duration=108.132µs
2026-01-21 17:39:25.308  INFO tokio-runtime-worker txpool: maintain txs=(0, 0) a=1 i=2 views=[(206, 0, 0)] event=Finalized { hash: 0x05ecfcec686cfd664e91303ca0944efe4d6ff03918871c058724bf011d8c2acf, tree_route: [] } duration=61.708µs
2026-01-21 17:39:26.397  INFO tokio-runtime-worker substrate: 💤 Idle (0 peers), best: #206 (0x6cdd…c237), finalized #204 (0x05ec…2acf), ⬇ 0 ⬆ 0
2026-01-21 17:39:30.001  INFO tokio-runtime-worker sc_basic_authorship::basic_authorship: 🙌 Starting consensus session on top of parent 0x6cdd4d4078806b39cd7dba388dd26cf13f09c9c6ca633b1996ed0811ff6fc237 (#206)
2026-01-21 17:39:30.001 DEBUG tokio-runtime-worker runtime::executive: [207]: Block initialization weight consumption: Weight { ref_time: 1275050903, proof_size: 4190 }
2026-01-21 17:39:30.002  INFO tokio-runtime-worker pallet_block_production_log::pallet: 👷 Block 207 producer is ProBono(<wasm:stripped>)
2026-01-21 17:39:30.002 DEBUG tokio-runtime-worker runtime::system: [207] 3 extrinsics, length: 59 (normal 0%, op: 0%, mandatory 0%) / normal weight:Weight(ref_time: 0, proof_size: 0) (ref_time: 0%, proof_size: 0%) op weight Weight(ref_time: 0, proof_size: 0) (ref_time 0%, proof_size 0%) / mandatory weight Weight(ref_time: 2348054174, proof_size: 13385) (ref_time: 0%, proof_size: 0%)
2026-01-21 17:39:30.002  INFO tokio-runtime-worker sc_basic_authorship::basic_authorship: 🎁 Prepared block for proposing at 207 (0 ms) hash: 0x7c342de2413c12afe8d11ddba50f2624305d5bc1f0e856745d72c0cfbc019825; parent_hash: 0x6cdd…c237; end: NoMoreTransactions; extrinsics_count: 3
2026-01-21 17:39:30.003  INFO tokio-runtime-worker aura: 🔖 Pre-sealed block for proposal at 207. Hash now 0xe3e885ab99f795a671cd51ef6256ea905b55cdcef3e66596925dc4df363fb7bd, previously 0x7c342de2413c12afe8d11ddba50f2624305d5bc1f0e856745d72c0cfbc019825.
2026-01-21 17:39:30.003  INFO tokio-runtime-worker substrate: 🏆 Imported #207 (0x6cdd…c237 → 0xe3e8…b7bd)
2026-01-21 17:39:30.003  INFO tokio-runtime-worker txpool: maintain txs=(0, 0) a=1 i=3 views=[(207, 0, 0)] event=NewBestBlock { hash: 0xe3e885ab99f795a671cd51ef6256ea905b55cdcef3e66596925dc4df363fb7bd, tree_route: None } duration=102.38µs
2026-01-21 17:39:31.397  INFO tokio-runtime-worker substrate: 💤 Idle (0 peers), best: #207 (0xe3e8…b7bd), finalized #204 (0x05ec…2acf), ⬇ 0 ⬆ 0
2026-01-21 17:39:32.114  INFO tokio-runtime-worker txpool: maintain txs=(0, 0) a=1 i=2 views=[(207, 0, 0)] event=Finalized { hash: 0x83e48a290f0b19019e05838af3f25aad73c25b10887d6f2bdd3d44aa363c7b4c, tree_route: [] } duration=62.544µs
2026-01-21 17:39:36.001  INFO tokio-runtime-worker sc_basic_authorship::basic_authorship: 🙌 Starting consensus session on top of parent 0xe3e885ab99f795a671cd51ef6256ea905b55cdcef3e66596925dc4df363fb7bd (#207)
2026-01-21 17:39:36.001 DEBUG tokio-runtime-worker runtime::executive: [208]: Block initialization weight consumption: Weight { ref_time: 1275050903, proof_size: 4190 }
2026-01-21 17:39:36.002  INFO tokio-runtime-worker pallet_block_production_log::pallet: 👷 Block 208 producer is ProBono(<wasm:stripped>)
2026-01-21 17:39:36.002 DEBUG tokio-runtime-worker runtime::system: [208] 3 extrinsics, length: 59 (normal 0%, op: 0%, mandatory 0%) / normal weight:Weight(ref_time: 0, proof_size: 0) (ref_time: 0%, proof_size: 0%) op weight Weight(ref_time: 0, proof_size: 0) (ref_time 0%, proof_size 0%) / mandatory weight Weight(ref_time: 2348054174, proof_size: 13385) (ref_time: 0%, proof_size: 0%)
2026-01-21 17:39:36.002  INFO tokio-runtime-worker sc_basic_authorship::basic_authorship: 🎁 Prepared block for proposing at 208 (1 ms) hash: 0x2de8b8254b489cf64a35615a7e3b130a24ff176b0800b7eafc861d704488b882; parent_hash: 0xe3e8…b7bd; end: NoMoreTransactions; extrinsics_count: 3
2026-01-21 17:39:36.003  INFO tokio-runtime-worker aura: 🔖 Pre-sealed block for proposal at 208. Hash now 0x64854c85504e23eec6b6eff588e585a21810800743cda774d8f56ccaec658387, previously 0x2de8b8254b489cf64a35615a7e3b130a24ff176b0800b7eafc861d704488b882.
2026-01-21 17:39:36.003  INFO tokio-runtime-worker substrate: 🏆 Imported #208 (0xe3e8…b7bd → 0x6485…8387)
2026-01-21 17:39:36.003  INFO tokio-runtime-worker txpool: maintain txs=(0, 0) a=1 i=3 views=[(208, 0, 0)] event=NewBestBlock { hash: 0x64854c85504e23eec6b6eff588e585a21810800743cda774d8f56ccaec658387, tree_route: None } duration=105.581µs
2026-01-21 17:39:36.397  INFO tokio-runtime-worker substrate: 💤 Idle (0 peers), best: #208 (0x6485…8387), finalized #205 (0x83e4…7b4c), ⬇ 0 ⬆ 0
2026-01-21 17:39:37.448  INFO tokio-runtime-worker txpool: maintain txs=(0, 0) a=1 i=2 views=[(208, 0, 0)] event=Finalized { hash: 0x6cdd4d4078806b39cd7dba388dd26cf13f09c9c6ca633b1996ed0811ff6fc237, tree_route: [] } duration=47.534µs
2026-01-21 17:39:41.398  INFO tokio-runtime-worker substrate: 💤 Idle (0 peers), best: #208 (0x6485…8387), finalized #206 (0x6cdd…c237), ⬇ 0 ⬆ 0
2026-01-21 17:39:42.001  INFO tokio-runtime-worker sc_basic_authorship::basic_authorship: 🙌 Starting consensus session on top of parent 0x64854c85504e23eec6b6eff588e585a21810800743cda774d8f56ccaec658387 (#208)
2026-01-21 17:39:42.001 DEBUG tokio-runtime-worker runtime::executive: [209]: Block initialization weight consumption: Weight { ref_time: 1275050903, proof_size: 4190 }
2026-01-21 17:39:42.001  INFO tokio-runtime-worker pallet_block_production_log::pallet: 👷 Block 209 producer is ProBono(<wasm:stripped>)
2026-01-21 17:39:42.001 DEBUG tokio-runtime-worker runtime::system: [209] 3 extrinsics, length: 59 (normal 0%, op: 0%, mandatory 0%) / normal weight:Weight(ref_time: 0, proof_size: 0) (ref_time: 0%, proof_size: 0%) op weight Weight(ref_time: 0, proof_size: 0) (ref_time 0%, proof_size 0%) / mandatory weight Weight(ref_time: 2348054174, proof_size: 13385) (ref_time: 0%, proof_size: 0%)
2026-01-21 17:39:42.002  INFO tokio-runtime-worker sc_basic_authorship::basic_authorship: 🎁 Prepared block for proposing at 209 (0 ms) hash: 0xc50433bc9204eb7cfd53d0bb2789172661df931b1519b97d55195a057ca11252; parent_hash: 0x6485…8387; end: NoMoreTransactions; extrinsics_count: 3
2026-01-21 17:39:42.003  INFO tokio-runtime-worker aura: 🔖 Pre-sealed block for proposal at 209. Hash now 0x77a0e7ae0d638930943d7fe0bee961d943134b16e912431826f4e3efc00e05a7, previously 0xc50433bc9204eb7cfd53d0bb2789172661df931b1519b97d55195a057ca11252.
2026-01-21 17:39:42.003  INFO tokio-runtime-worker substrate: 🏆 Imported #209 (0x6485…8387 → 0x77a0…05a7)
2026-01-21 17:39:42.003  INFO tokio-runtime-worker txpool: maintain txs=(0, 0) a=1 i=3 views=[(209, 0, 0)] event=NewBestBlock { hash: 0x77a0e7ae0d638930943d7fe0bee961d943134b16e912431826f4e3efc00e05a7, tree_route: None } duration=129.011µs
2026-01-21 17:39:42.781  INFO tokio-runtime-worker txpool: maintain txs=(0, 0) a=1 i=2 views=[(209, 0, 0)] event=Finalized { hash: 0xe3e885ab99f795a671cd51ef6256ea905b55cdcef3e66596925dc4df363fb7bd, tree_route: [] } duration=58.792µs
2026-01-21 17:39:46.398  INFO tokio-runtime-worker substrate: 💤 Idle (0 peers), best: #209 (0x77a0…05a7), finalized #207 (0xe3e8…b7bd), ⬇ 0 ⬆ 0
2026-01-21 17:39:48.001  INFO tokio-runtime-worker sc_basic_authorship::basic_authorship: 🙌 Starting consensus session on top of parent 0x77a0e7ae0d638930943d7fe0bee961d943134b16e912431826f4e3efc00e05a7 (#209)
2026-01-21 17:39:48.001 DEBUG tokio-runtime-worker runtime::executive: [210]: Block initialization weight consumption: Weight { ref_time: 1275050903, proof_size: 4190 }
2026-01-21 17:39:48.002  INFO tokio-runtime-worker pallet_block_production_log::pallet: 👷 Block 210 producer is ProBono(<wasm:stripped>)
2026-01-21 17:39:48.002 DEBUG tokio-runtime-worker runtime::system: [210] 3 extrinsics, length: 59 (normal 0%, op: 0%, mandatory 0%) / normal weight:Weight(ref_time: 0, proof_size: 0) (ref_time: 0%, proof_size: 0%) op weight Weight(ref_time: 0, proof_size: 0) (ref_time 0%, proof_size 0%) / mandatory weight Weight(ref_time: 2348054174, proof_size: 13385) (ref_time: 0%, proof_size: 0%)
2026-01-21 17:39:48.002  INFO tokio-runtime-worker sc_basic_authorship::basic_authorship: 🎁 Prepared block for proposing at 210 (0 ms) hash: 0xa16c087d1c27f046a4e3c96e02890a9bd8e98acd40295d4eec59e695daa6086e; parent_hash: 0x77a0…05a7; end: NoMoreTransactions; extrinsics_count: 3
2026-01-21 17:39:48.003  INFO tokio-runtime-worker aura: 🔖 Pre-sealed block for proposal at 210. Hash now 0xd85a24b9ce6cafecf8761fb061658d755caae37dbd354d05278d639682a92975, previously 0xa16c087d1c27f046a4e3c96e02890a9bd8e98acd40295d4eec59e695daa6086e.
2026-01-21 17:39:48.040  INFO tokio-runtime-worker substrate: 🏆 Imported #210 (0x77a0…05a7 → 0xd85a…2975)
2026-01-21 17:39:48.040  INFO tokio-runtime-worker txpool: maintain txs=(0, 0) a=1 i=3 views=[(210, 0, 0)] event=NewBestBlock { hash: 0xd85a24b9ce6cafecf8761fb061658d755caae37dbd354d05278d639682a92975, tree_route: None } duration=192.958µs
2026-01-21 17:39:49.447  INFO tokio-runtime-worker txpool: maintain txs=(0, 0) a=1 i=2 views=[(210, 0, 0)] event=Finalized { hash: 0x64854c85504e23eec6b6eff588e585a21810800743cda774d8f56ccaec658387, tree_route: [] } duration=43.728µs
2026-01-21 17:39:51.398  INFO tokio-runtime-worker substrate: 💤 Idle (0 peers), best: #210 (0xd85a…2975), finalized #208 (0x6485…8387), ⬇ 0 ⬆ 0
2026-01-21 17:39:54.001  INFO tokio-runtime-worker sc_basic_authorship::basic_authorship: 🙌 Starting consensus session on top of parent 0xd85a24b9ce6cafecf8761fb061658d755caae37dbd354d05278d639682a92975 (#210)
2026-01-21 17:39:54.001 DEBUG tokio-runtime-worker runtime::executive: [211]: Block initialization weight consumption: Weight { ref_time: 1275050903, proof_size: 4190 }
2026-01-21 17:39:54.002  INFO tokio-runtime-worker pallet_block_production_log::pallet: 👷 Block 211 producer is ProBono(<wasm:stripped>)
2026-01-21 17:39:54.002 DEBUG tokio-runtime-worker runtime::system: [211] 3 extrinsics, length: 59 (normal 0%, op: 0%, mandatory 0%) / normal weight:Weight(ref_time: 0, proof_size: 0) (ref_time: 0%, proof_size: 0%) op weight Weight(ref_time: 0, proof_size: 0) (ref_time 0%, proof_size 0%) / mandatory weight Weight(ref_time: 2348054174, proof_size: 13385) (ref_time: 0%, proof_size: 0%)
2026-01-21 17:39:54.002  INFO tokio-runtime-worker sc_basic_authorship::basic_authorship: 🎁 Prepared block for proposing at 211 (0 ms) hash: 0xd936cd70389703794642e05d3f1fd61629657893d700205bd708ca0e632259d5; parent_hash: 0xd85a…2975; end: NoMoreTransactions; extrinsics_count: 3
2026-01-21 17:39:54.003  INFO tokio-runtime-worker aura: 🔖 Pre-sealed block for proposal at 211. Hash now 0xd73bbf0f33b66e79a7ea6c40f706c1e730196fa37102eded98e3223a97cb66b1, previously 0xd936cd70389703794642e05d3f1fd61629657893d700205bd708ca0e632259d5.
2026-01-21 17:39:54.004  INFO tokio-runtime-worker substrate: 🏆 Imported #211 (0xd85a…2975 → 0xd73b…66b1)
2026-01-21 17:39:54.004  INFO tokio-runtime-worker txpool: maintain txs=(0, 0) a=1 i=3 views=[(211, 0, 0)] event=NewBestBlock { hash: 0xd73bbf0f33b66e79a7ea6c40f706c1e730196fa37102eded98e3223a97cb66b1, tree_route: None } duration=109.577µs
2026-01-21 17:39:54.780  INFO tokio-runtime-worker txpool: maintain txs=(0, 0) a=1 i=2 views=[(211, 0, 0)] event=Finalized { hash: 0x77a0e7ae0d638930943d7fe0bee961d943134b16e912431826f4e3efc00e05a7, tree_route: [] } duration=104.061µs
2026-01-21 17:39:56.398  INFO tokio-runtime-worker substrate: 💤 Idle (0 peers), best: #211 (0xd73b…66b1), finalized #209 (0x77a0…05a7), ⬇ 0 ⬆ 0
2026-01-21 17:40:00.002  INFO tokio-runtime-worker sc_basic_authorship::basic_authorship: 🙌 Starting consensus session on top of parent 0xd73bbf0f33b66e79a7ea6c40f706c1e730196fa37102eded98e3223a97cb66b1 (#211)
2026-01-21 17:40:00.002 DEBUG tokio-runtime-worker runtime::executive: [212]: Block initialization weight consumption: Weight { ref_time: 1275050903, proof_size: 4190 }
2026-01-21 17:40:00.003  INFO tokio-runtime-worker pallet_block_production_log::pallet: 👷 Block 212 producer is ProBono(<wasm:stripped>)
2026-01-21 17:40:00.003 DEBUG tokio-runtime-worker runtime::system: [212] 3 extrinsics, length: 59 (normal 0%, op: 0%, mandatory 0%) / normal weight:Weight(ref_time: 0, proof_size: 0) (ref_time: 0%, proof_size: 0%) op weight Weight(ref_time: 0, proof_size: 0) (ref_time 0%, proof_size 0%) / mandatory weight Weight(ref_time: 2348054174, proof_size: 13385) (ref_time: 0%, proof_size: 0%)
2026-01-21 17:40:00.003  INFO tokio-runtime-worker sc_basic_authorship::basic_authorship: 🎁 Prepared block for proposing at 212 (1 ms) hash: 0x5d74f258155f0d03f4b7b50b8cbd08d843dbf89a1a9ce18c34e1e1c09f134607; parent_hash: 0xd73b…66b1; end: NoMoreTransactions; extrinsics_count: 3
2026-01-21 17:40:00.004  INFO tokio-runtime-worker aura: 🔖 Pre-sealed block for proposal at 212. Hash now 0xc2b87fea4fc96b4df620fb63c82203879e7df345ac7a5a566d6c6a4adb7fe1da, previously 0x5d74f258155f0d03f4b7b50b8cbd08d843dbf89a1a9ce18c34e1e1c09f134607.
2026-01-21 17:40:00.005  INFO tokio-runtime-worker substrate: 🏆 Imported #212 (0xd73b…66b1 → 0xc2b8…e1da)
2026-01-21 17:40:00.005  INFO tokio-runtime-worker txpool: maintain txs=(0, 0) a=1 i=3 views=[(212, 0, 0)] event=NewBestBlock { hash: 0xc2b87fea4fc96b4df620fb63c82203879e7df345ac7a5a566d6c6a4adb7fe1da, tree_route: None } duration=200.011µs
2026-01-21 17:40:01.399  INFO tokio-runtime-worker substrate: 💤 Idle (0 peers), best: #212 (0xc2b8…e1da), finalized #209 (0x77a0…05a7), ⬇ 0 ⬆ 0
2026-01-21 17:40:01.446  INFO tokio-runtime-worker txpool: maintain txs=(0, 0) a=1 i=2 views=[(212, 0, 0)] event=Finalized { hash: 0xd85a24b9ce6cafecf8761fb061658d755caae37dbd354d05278d639682a92975, tree_route: [] } duration=129.025µs
